gene,modules_present,function_present,modules_gained,function_gained,modules_lost,function_lost
NP001024582.1_6239_0,B10:1.0|B12:1.0|B13:1.0|B16:1.0|B17:1.0|B18:1.0|B19:1.0|B2:1.0|B20:1.0|B21:1.0|B23:1.0|B26:1.0|B27:1.0|B3:1.0|B30:1.0|B33:1.0|B4:1.0|B5:1.0|B7:1.0|B8:1.0|B9:1.0,,,,B47:1.0|B49:0.9|B51:1.0|B52:1.0|B54:1.0|B59:1.0|B62:1.0|B64:1.0|B66:1.0|B68:0.9|B77:1.0|B249:1.0|B260:1.0|B565:0.8|B569:1.0|B724:1.0|B726:1.0|B727:0.9|B733:1.0,
XP018668081.2_7719_1,B10:1.0|B13:1.0|B150:1.0|B16:1.0|B17:1.0|B2:1.0|B217:1.0|B222:1.0|B23:1.0|B237:1.0|B239:1.0|B249:1.0|B26:1.0|B260:1.0|B27:1.0|B3:1.0|B33:1.0|B360:1.0|B392:1.0|B4:1.0|B5:1.0|B506:1.0|B533:1.0|B535:1.0|B536:1.0|B538:1.0|B541:1.0|B544:1.0|B555:1.0|B556:1.0|B557:1.0|B563:1.0|B565:1.0|B569:1.0|B571:1.0|B572:1.0|B62:1.0|B64:1.0|B7:1.0|B724:1.0|B726:1.0|B727:1.0|B733:1.0|B788:1.0|B839:1.0|B87:1.0|B98:1.0,,,,B8:1.0|B9:1.0|B12:1.0|B18:1.0|B19:1.0|B20:1.0|B21:1.0|B30:1.0|B47:1.0|B49:0.9|B51:1.0|B52:1.0|B54:1.0|B59:1.0|B66:1.0|B68:0.9|B77:1.0,
XP031747766.1_8364_2,B102:1.0|B103:1.0|B109:1.0|B116:1.0|B127:1.0|B13:1.0|B130:1.0|B154:1.0|B156:1.0|B157:1.0|B160:1.0|B17:1.0|B18:1.0|B184:1.0|B186:1.0|B19:1.0|B2:1.0|B207:1.0|B21:1.0|B23:1.0|B230:1.0|B233:1.0|B234:1.0|B235:1.0|B239:1.0|B260:1.0|B262:1.0|B263:1.0|B264:1.0|B265:1.0|B27:1.0|B3:1.0|B30:1.0|B33:1.0|B345:1.0|B360:1.0|B395:1.0|B4:1.0|B436:1.0|B440:1.0|B447:1.0|B469:1.0|B47:1.0|B49:1.0|B490:1.0|B5:1.0|B51:1.0|B52:1.0|B520:1.0|B533:1.0|B54:1.0|B544:1.0|B547:1.0|B556:1.0|B563:1.0|B582:1.0|B587:1.0|B62:1.0|B64:1.0|B7:1.0|B724:1.0|B726:1.0|B727:1.0|B728:1.0|B783:1.0|B784:1.0|B787:1.0|B788:1.0|B789:1.0|B790:1.0|B792:1.0|B8:1.0|B813:1.0|B814:1.0|B815:1.0|B816:1.0|B819:1.0|B821:1.0|B822:1.0|B826:1.0|B828:1.0|B833:1.0|B834:1.0|B835:1.0|B836:1.0|B843:1.0|B858:1.0|B859:1.0|B86:1.0|B861:1.0|B87:1.0|B91:1.0|B97:1.0|B98:1.0,,B64:0.2|B726:0.1,,B104:1.0|B114:1.0|B133:1.0|B136:1.0|B141:1.0|B152:1.0|B189:1.0|B241:1.0|B242:1.0|B244:1.0|B245:1.0|B248:1.0|B249:1.0|B266:1.0|B277:1.0|B303:1.0|B304:1.0|B308:1.0|B313:1.0|B356:1.0|B362:1.0|B400:1.0|B401:1.0|B409:1.0|B809:1.0|B810:1.0|B812:1.0|B830:1.0|B839:1.0,
XP001920501.5_7955_3,B103:1.0|B104:1.0|B114:1.0|B116:1.0|B13:1.0|B130:1.0|B133:1.0|B136:1.0|B141:1.0|B152:1.0|B17:1.0|B189:1.0|B2:1.0|B23:1.0|B230:1.0|B234:1.0|B235:1.0|B239:1.0|B241:1.0|B242:1.0|B244:1.0|B245:1.0|B248:1.0|B249:1.0|B260:1.0|B262:1.0|B263:1.0|B265:1.0|B266:1.0|B27:1.0|B277:1.0|B3:1.0|B303:1.0|B304:1.0|B308:1.0|B313:1.0|B33:1.0|B345:1.0|B356:1.0|B360:1.0|B362:1.0|B4:1.0|B400:1.0|B401:1.0|B409:1.0|B47:1.0|B49:1.0|B5:1.0|B51:1.0|B52:1.0|B533:1.0|B54:1.0|B563:1.0|B587:1.0|B7:1.0|B733:1.0|B8:1.0|B809:1.0|B810:1.0|B812:1.0|B830:1.0|B833:1.0|B834:1.0|B835:1.0|B836:1.0|B839:1.0|B843:1.0|B86:1.0|B87:1.0|B91:1.0|B97:1.0|B98:1.0,,B733:1.0,,B18:1.0|B19:1.0|B21:1.0|B30:1.0|B62:1.0|B64:0.8|B102:1.0|B109:1.0|B127:1.0|B154:1.0|B156:1.0|B157:1.0|B160:1.0|B184:1.0|B186:1.0|B207:1.0|B233:1.0|B264:1.0|B395:1.0|B436:1.0|B440:1.0|B447:1.0|B469:1.0|B490:1.0|B520:1.0|B544:1.0|B547:1.0|B556:1.0|B582:1.0|B724:1.0|B726:0.9|B727:1.0|B728:1.0|B783:1.0|B784:1.0|B787:1.0|B788:1.0|B789:1.0|B790:1.0|B792:1.0|B813:1.0|B814:1.0|B815:1.0|B816:1.0|B819:1.0|B821:1.0|B822:1.0|B826:1.0|B828:1.0|B858:1.0|B859:1.0|B861:1.0,
G4_2_3,B102:1.0|B103:1.0|B104:1.0|B109:1.0|B114:1.0|B116:1.0|B127:1.0|B13:1.0|B130:1.0|B133:1.0|B136:1.0|B141:1.0|B152:1.0|B154:1.0|B156:1.0|B157:1.0|B160:1.0|B17:1.0|B18:1.0|B184:1.0|B186:1.0|B189:1.0|B19:1.0|B2:1.0|B207:1.0|B21:1.0|B23:1.0|B230:1.0|B233:1.0|B234:1.0|B235:1.0|B239:1.0|B241:1.0|B242:1.0|B244:1.0|B245:1.0|B248:1.0|B249:1.0|B260:1.0|B262:1.0|B263:1.0|B264:1.0|B265:1.0|B266:1.0|B27:1.0|B277:1.0|B3:1.0|B30:1.0|B303:1.0|B304:1.0|B308:1.0|B313:1.0|B33:1.0|B345:1.0|B356:1.0|B360:1.0|B362:1.0|B395:1.0|B4:1.0|B400:1.0|B401:1.0|B409:1.0|B436:1.0|B440:1.0|B447:1.0|B469:1.0|B47:1.0|B49:1.0|B490:1.0|B5:1.0|B51:1.0|B52:1.0|B520:1.0|B533:1.0|B54:1.0|B544:1.0|B547:1.0|B556:1.0|B563:1.0|B582:1.0|B587:1.0|B62:1.0|B64:0.8|B7:1.0|B724:1.0|B726:0.9|B727:1.0|B728:1.0|B783:1.0|B784:1.0|B787:1.0|B788:1.0|B789:1.0|B790:1.0|B792:1.0|B8:1.0|B809:1.0|B810:1.0|B812:1.0|B813:1.0|B814:1.0|B815:1.0|B816:1.0|B819:1.0|B821:1.0|B822:1.0|B826:1.0|B828:1.0|B830:1.0|B833:1.0|B834:1.0|B835:1.0|B836:1.0|B839:1.0|B843:1.0|B858:1.0|B859:1.0|B86:1.0|B861:1.0|B87:1.0|B91:1.0|B97:1.0|B98:1.0,,B833:1.0|B834:1.0|B835:1.0|B836:1.0|B843:1.0,,B10:1.0|B64:0.2|B66:1.0|B68:1.0|B77:1.0|B111:1.0|B112:1.0|B120:1.0|B150:1.0|B166:1.0|B168:1.0|B169:1.0|B178:1.0|B193:1.0|B196:1.0|B198:1.0|B200:1.0|B201:1.0|B203:1.0|B213:1.0|B215:1.0|B217:1.0|B218:1.0|B222:1.0|B232:1.0|B237:1.0|B416:1.0|B455:1.0|B459:1.0|B496:1.0|B506:1.0|B516:1.0|B517:1.0|B726:0.1,
XP010808812.1_9913_5,B101:1.0|B102:1.0|B103:1.0|B104:1.0|B105:1.0|B109:1.0|B110:1.0|B111:1.0|B112:1.0|B113:1.0|B114:1.0|B116:1.0|B119:1.0|B120:1.0|B121:1.0|B123:1.0|B124:1.0|B125:1.0|B126:1.0|B127:1.0|B128:1.0|B13:1.0|B130:1.0|B132:1.0|B133:1.0|B134:1.0|B136:1.0|B138:1.0|B140:1.0|B141:1.0|B142:1.0|B149:1.0|B150:1.0|B151:1.0|B152:1.0|B153:1.0|B154:1.0|B155:1.0|B156:1.0|B157:1.0|B158:1.0|B169:1.0|B17:1.0|B170:1.0|B173:1.0|B176:1.0|B178:1.0|B184:1.0|B185:1.0|B186:1.0|B188:1.0|B190:1.0|B191:1.0|B192:1.0|B193:1.0|B196:1.0|B198:1.0|B199:1.0|B2:1.0|B200:1.0|B207:1.0|B21:1.0|B219:1.0|B221:1.0|B222:1.0|B225:1.0|B228:1.0|B23:1.0|B230:1.0|B232:1.0|B233:1.0|B234:1.0|B235:1.0|B236:1.0|B237:1.0|B239:1.0|B260:1.0|B262:1.0|B263:1.0|B264:1.0|B265:1.0|B266:1.0|B267:1.0|B27:1.0|B3:1.0|B33:1.0|B4:1.0|B409:1.0|B416:1.0|B447:1.0|B455:1.0|B459:1.0|B47:1.0|B49:1.0|B490:1.0|B496:1.0|B5:1.0|B506:1.0|B516:1.0|B517:1.0|B563:1.0|B582:1.0|B64:1.0|B66:1.0|B68:1.0|B7:1.0|B726:1.0|B727:1.0|B728:1.0|B77:1.0|B790:1.0|B792:1.0|B8:1.0|B819:1.0|B82:1.0|B821:1.0|B858:1.0|B859:1.0|B86:1.0|B861:1.0|B864:1.0|B866:1.0|B867:1.0|B868:1.0|B869:1.0|B87:1.0|B870:1.0|B871:1.0|B872:1.0|B875:1.0|B876:1.0|B91:1.0|B95:1.0|B97:1.0|B98:1.0,,,,B10:1.0|B30:1.0|B160:1.0|B166:1.0|B168:1.0|B189:1.0|B201:1.0|B203:1.0|B213:1.0|B215:1.0|B217:1.0|B218:1.0|B241:1.0|B242:1.0|B244:1.0|B245:1.0|B248:1.0|B249:1.0,
NP001278744.1_9606_6,B10:1.0|B101:1.0|B102:1.0|B103:1.0|B104:1.0|B105:1.0|B109:1.0|B110:1.0|B111:1.0|B112:1.0|B113:1.0|B114:1.0|B116:1.0|B119:1.0|B120:1.0|B121:1.0|B123:1.0|B124:1.0|B125:1.0|B126:1.0|B127:1.0|B128:1.0|B13:1.0|B130:1.0|B132:1.0|B133:1.0|B134:1.0|B136:1.0|B138:1.0|B140:1.0|B141:1.0|B142:1.0|B149:1.0|B150:1.0|B151:1.0|B152:1.0|B153:1.0|B154:1.0|B155:1.0|B156:1.0|B157:1.0|B158:1.0|B160:1.0|B162:1.0|B163:1.0|B164:1.0|B166:1.0|B167:1.0|B168:1.0|B169:1.0|B17:1.0|B170:1.0|B173:1.0|B176:1.0|B178:1.0|B184:1.0|B185:1.0|B186:1.0|B188:1.0|B189:1.0|B190:1.0|B191:1.0|B192:1.0|B193:1.0|B196:1.0|B198:1.0|B199:1.0|B2:1.0|B200:1.0|B201:1.0|B202:1.0|B203:1.0|B204:1.0|B205:1.0|B207:1.0|B211:1.0|B212:1.0|B213:1.0|B214:1.0|B215:1.0|B216:1.0|B217:1.0|B218:1.0|B219:1.0|B221:1.0|B222:1.0|B225:1.0|B228:1.0|B230:1.0|B232:1.0|B233:1.0|B234:1.0|B235:1.0|B236:1.0|B237:1.0|B239:1.0|B241:1.0|B242:1.0|B244:1.0|B245:1.0|B248:1.0|B249:1.0|B260:1.0|B262:1.0|B263:1.0|B264:1.0|B265:1.0|B266:1.0|B267:1.0|B27:1.0|B3:1.0|B30:1.0|B33:1.0|B4:1.0|B5:1.0|B7:1.0|B77:1.0|B82:1.0|B86:1.0|B87:1.0|B91:1.0|B95:1.0|B97:1.0|B98:1.0,RECQL4,,RECQL4,B8:1.0|B23:1.0|B47:1.0|B49:1.0|B64:1.0|B66:1.0|B68:0.9|B409:1.0|B416:1.0|B496:1.0|B506:1.0|B516:1.0|B517:1.0|B563:1.0|B582:1.0|B726:1.0|B727:1.0|B728:1.0|B790:1.0|B792:1.0|B861:1.0|B864:1.0|B866:1.0|B867:1.0|B868:1.0|B869:1.0|B870:1.0|B871:1.0|B872:1.0|B875:1.0|B876:1.0,
XP006498564.1_10090_7,B101:1.0|B102:1.0|B103:1.0|B104:1.0|B105:1.0|B109:1.0|B110:1.0|B111:1.0|B112:1.0|B113:1.0|B114:1.0|B116:1.0|B119:1.0|B120:1.0|B121:1.0|B123:1.0|B126:1.0|B127:1.0|B128:1.0|B13:1.0|B130:1.0|B132:1.0|B133:1.0|B134:1.0|B136:1.0|B138:1.0|B140:1.0|B141:1.0|B142:1.0|B149:1.0|B150:1.0|B151:1.0|B152:1.0|B153:1.0|B154:1.0|B155:1.0|B156:1.0|B157:1.0|B158:1.0|B160:1.0|B162:1.0|B163:1.0|B164:1.0|B166:1.0|B167:1.0|B168:1.0|B169:1.0|B17:1.0|B170:1.0|B173:1.0|B176:1.0|B178:1.0|B184:1.0|B185:1.0|B186:1.0|B188:1.0|B190:1.0|B192:1.0|B193:1.0|B196:1.0|B198:1.0|B199:1.0|B2:1.0|B200:1.0|B201:1.0|B202:1.0|B203:1.0|B204:1.0|B205:1.0|B207:1.0|B211:1.0|B212:1.0|B213:1.0|B214:1.0|B215:1.0|B216:1.0|B219:1.0|B221:1.0|B222:1.0|B225:1.0|B228:1.0|B23:1.0|B230:1.0|B232:1.0|B233:1.0|B234:1.0|B235:1.0|B236:1.0|B237:1.0|B239:1.0|B260:1.0|B262:1.0|B263:1.0|B264:1.0|B265:1.0|B266:1.0|B267:1.0|B27:1.0|B3:1.0|B33:1.0|B4:1.0|B409:1.0|B416:1.0|B47:1.0|B49:1.0|B496:1.0|B5:1.0|B506:1.0|B516:1.0|B517:1.0|B563:1.0|B582:1.0|B64:1.0|B66:1.0|B68:1.0|B7:1.0|B726:1.0|B727:1.0|B728:1.0|B77:1.0|B790:1.0|B792:1.0|B8:1.0|B86:1.0|B861:1.0|B864:1.0|B866:1.0|B867:1.0|B868:1.0|B869:1.0|B87:1.0|B870:1.0|B871:1.0|B872:1.0|B875:1.0|B876:1.0|B91:1.0|B95:1.0|B97:1.0|B98:1.0,,B68:0.1,,B10:1.0|B30:1.0|B82:1.0|B124:1.0|B125:1.0|B189:1.0|B191:1.0|B217:1.0|B218:1.0|B241:1.0|B242:1.0|B244:1.0|B245:1.0|B248:1.0|B249:1.0,
G8_6_7,B10:1.0|B101:1.0|B102:1.0|B103:1.0|B104:1.0|B105:1.0|B109:1.0|B110:1.0|B111:1.0|B112:1.0|B113:1.0|B114:1.0|B116:1.0|B119:1.0|B120:1.0|B121:1.0|B123:1.0|B124:1.0|B125:1.0|B126:1.0|B127:1.0|B128:1.0|B13:1.0|B130:1.0|B132:1.0|B133:1.0|B134:1.0|B136:1.0|B138:1.0|B140:1.0|B141:1.0|B142:1.0|B149:1.0|B150:1.0|B151:1.0|B152:1.0|B153:1.0|B154:1.0|B155:1.0|B156:1.0|B157:1.0|B158:1.0|B160:1.0|B162:1.0|B163:1.0|B164:1.0|B166:1.0|B167:1.0|B168:1.0|B169:1.0|B17:1.0|B170:1.0|B173:1.0|B176:1.0|B178:1.0|B184:1.0|B185:1.0|B186:1.0|B188:1.0|B189:1.0|B190:1.0|B191:1.0|B192:1.0|B193:1.0|B196:1.0|B198:1.0|B199:1.0|B2:1.0|B200:1.0|B201:1.0|B202:1.0|B203:1.0|B204:1.0|B205:1.0|B207:1.0|B211:1.0|B212:1.0|B213:1.0|B214:1.0|B215:1.0|B216:1.0|B217:1.0|B218:1.0|B219:1.0|B221:1.0|B222:1.0|B225:1.0|B228:1.0|B23:1.0|B230:1.0|B232:1.0|B233:1.0|B234:1.0|B235:1.0|B236:1.0|B237:1.0|B239:1.0|B241:1.0|B242:1.0|B244:1.0|B245:1.0|B248:1.0|B249:1.0|B260:1.0|B262:1.0|B263:1.0|B264:1.0|B265:1.0|B266:1.0|B267:1.0|B27:1.0|B3:1.0|B30:1.0|B33:1.0|B4:1.0|B409:1.0|B416:1.0|B47:1.0|B49:1.0|B496:1.0|B5:1.0|B506:1.0|B516:1.0|B517:1.0|B563:1.0|B582:1.0|B64:1.0|B66:1.0|B68:0.9|B7:1.0|B726:1.0|B727:1.0|B728:1.0|B77:1.0|B790:1.0|B792:1.0|B8:1.0|B82:1.0|B86:1.0|B861:1.0|B864:1.0|B866:1.0|B867:1.0|B868:1.0|B869:1.0|B87:1.0|B870:1.0|B871:1.0|B872:1.0|B875:1.0|B876:1.0|B91:1.0|B95:1.0|B97:1.0|B98:1.0,,B162:1.0|B163:1.0|B164:1.0|B167:1.0|B202:1.0|B204:1.0|B205:1.0|B211:1.0|B212:1.0|B214:1.0|B216:1.0,,B21:1.0|B68:0.1|B447:1.0|B455:1.0|B459:1.0|B490:1.0|B819:1.0|B821:1.0|B858:1.0|B859:1.0,
G9_5_8,B10:1.0|B101:1.0|B102:1.0|B103:1.0|B104:1.0|B105:1.0|B109:1.0|B110:1.0|B111:1.0|B112:1.0|B113:1.0|B114:1.0|B116:1.0|B119:1.0|B120:1.0|B121:1.0|B123:1.0|B124:1.0|B125:1.0|B126:1.0|B127:1.0|B128:1.0|B13:1.0|B130:1.0|B132:1.0|B133:1.0|B134:1.0|B136:1.0|B138:1.0|B140:1.0|B141:1.0|B142:1.0|B149:1.0|B150:1.0|B151:1.0|B152:1.0|B153:1.0|B154:1.0|B155:1.0|B156:1.0|B157:1.0|B158:1.0|B160:1.0|B166:1.0|B168:1.0|B169:1.0|B17:1.0|B170:1.0|B173:1.0|B176:1.0|B178:1.0|B184:1.0|B185:1.0|B186:1.0|B188:1.0|B189:1.0|B190:1.0|B191:1.0|B192:1.0|B193:1.0|B196:1.0|B198:1.0|B199:1.0|B2:1.0|B200:1.0|B201:1.0|B203:1.0|B207:1.0|B21:1.0|B213:1.0|B215:1.0|B217:1.0|B218:1.0|B219:1.0|B221:1.0|B222:1.0|B225:1.0|B228:1.0|B23:1.0|B230:1.0|B232:1.0|B233:1.0|B234:1.0|B235:1.0|B236:1.0|B237:1.0|B239:1.0|B241:1.0|B242:1.0|B244:1.0|B245:1.0|B248:1.0|B249:1.0|B260:1.0|B262:1.0|B263:1.0|B264:1.0|B265:1.0|B266:1.0|B267:1.0|B27:1.0|B3:1.0|B30:1.0|B33:1.0|B4:1.0|B409:1.0|B416:1.0|B447:1.0|B455:1.0|B459:1.0|B47:1.0|B49:1.0|B490:1.0|B496:1.0|B5:1.0|B506:1.0|B516:1.0|B517:1.0|B563:1.0|B582:1.0|B64:1.0|B66:1.0|B68:1.0|B7:1.0|B726:1.0|B727:1.0|B728:1.0|B77:1.0|B790:1.0|B792:1.0|B8:1.0|B819:1.0|B82:1.0|B821:1.0|B858:1.0|B859:1.0|B86:1.0|B861:1.0|B864:1.0|B866:1.0|B867:1.0|B868:1.0|B869:1.0|B87:1.0|B870:1.0|B871:1.0|B872:1.0|B875:1.0|B876:1.0|B91:1.0|B95:1.0|B97:1.0|B98:1.0,,B82:1.0|B95:1.0|B101:1.0|B105:1.0|B110:1.0|B113:1.0|B119:1.0|B121:1.0|B123:1.0|B124:1.0|B125:1.0|B126:1.0|B128:1.0|B132:1.0|B134:1.0|B138:1.0|B140:1.0|B142:1.0|B149:1.0|B151:1.0|B153:1.0|B155:1.0|B158:1.0|B170:1.0|B173:1.0|B176:1.0|B185:1.0|B188:1.0|B190:1.0|B191:1.0|B192:1.0|B199:1.0|B219:1.0|B221:1.0|B225:1.0|B228:1.0|B236:1.0|B267:1.0|B864:1.0|B866:1.0|B867:1.0|B868:1.0|B869:1.0|B870:1.0|B871:1.0|B872:1.0|B875:1.0|B876:1.0,,B18:1.0|B19:1.0|B51:1.0|B52:1.0|B54:1.0|B62:1.0|B277:1.0|B303:1.0|B304:1.0|B308:1.0|B313:1.0|B345:1.0|B356:1.0|B360:1.0|B362:1.0|B395:1.0|B400:1.0|B401:1.0|B436:1.0|B440:1.0|B469:1.0|B520:1.0|B533:1.0|B544:1.0|B547:1.0|B556:1.0|B587:1.0|B724:1.0|B783:1.0|B784:1.0|B787:1.0|B788:1.0|B789:1.0|B809:1.0|B810:1.0|B812:1.0|B813:1.0|B814:1.0|B815:1.0|B816:1.0|B822:1.0|B826:1.0|B828:1.0|B830:1.0|B839:1.0,
G10_4_9,B10:1.0|B102:1.0|B103:1.0|B104:1.0|B109:1.0|B111:1.0|B112:1.0|B114:1.0|B116:1.0|B120:1.0|B127:1.0|B13:1.0|B130:1.0|B133:1.0|B136:1.0|B141:1.0|B150:1.0|B152:1.0|B154:1.0|B156:1.0|B157:1.0|B160:1.0|B166:1.0|B168:1.0|B169:1.0|B17:1.0|B178:1.0|B18:1.0|B184:1.0|B186:1.0|B189:1.0|B19:1.0|B193:1.0|B196:1.0|B198:1.0|B2:1.0|B200:1.0|B201:1.0|B203:1.0|B207:1.0|B21:1.0|B213:1.0|B215:1.0|B217:1.0|B218:1.0|B222:1.0|B23:1.0|B230:1.0|B232:1.0|B233:1.0|B234:1.0|B235:1.0|B237:1.0|B239:1.0|B241:1.0|B242:1.0|B244:1.0|B245:1.0|B248:1.0|B249:1.0|B260:1.0|B262:1.0|B263:1.0|B264:1.0|B265:1.0|B266:1.0|B27:1.0|B277:1.0|B3:1.0|B30:1.0|B303:1.0|B304:1.0|B308:1.0|B313:1.0|B33:1.0|B345:1.0|B356:1.0|B360:1.0|B362:1.0|B395:1.0|B4:1.0|B400:1.0|B401:1.0|B409:1.0|B416:1.0|B436:1.0|B440:1.0|B447:1.0|B455:1.0|B459:1.0|B469:1.0|B47:1.0|B49:1.0|B490:1.0|B496:1.0|B5:1.0|B506:1.0|B51:1.0|B516:1.0|B517:1.0|B52:1.0|B520:1.0|B533:1.0|B54:1.0|B544:1.0|B547:1.0|B556:1.0|B563:1.0|B582:1.0|B587:1.0|B62:1.0|B64:1.0|B66:1.0|B68:1.0|B7:1.0|B724:1.0|B726:1.0|B727:1.0|B728:1.0|B77:1.0|B783:1.0|B784:1.0|B787:1.0|B788:1.0|B789:1.0|B790:1.0|B792:1.0|B8:1.0|B809:1.0|B810:1.0|B812:1.0|B813:1.0|B814:1.0|B815:1.0|B816:1.0|B819:1.0|B821:1.0|B822:1.0|B826:1.0|B828:1.0|B830:1.0|B839:1.0|B858:1.0|B859:1.0|B86:1.0|B861:1.0|B87:1.0|B91:1.0|B97:1.0|B98:1.0,,B102:1.0|B114:1.0|B127:1.0|B133:1.0|B141:1.0|B152:1.0|B154:1.0|B156:1.0|B157:1.0|B160:1.0|B263:1.0|B264:1.0|B265:1.0|B266:1.0|B858:1.0|B859:1.0|B861:1.0,,B9:1.0|B12:1.0|B20:1.0|B26:1.0|B59:1.0|B392:1.0|B535:1.0|B536:1.0|B538:1.0|B541:1.0|B555:1.0|B557:1.0|B565:0.9|B569:1.0|B571:1.0|B572:1.0|B733:1.0,
XP005160777.1_7955_11,B103:1.0|B104:1.0|B109:1.0|B112:1.0|B116:1.0|B120:1.0|B13:1.0|B130:1.0|B136:1.0|B17:1.0|B18:1.0|B19:1.0|B2:1.0|B207:1.0|B21:1.0|B213:1.0|B218:1.0|B222:1.0|B23:1.0|B230:1.0|B232:1.0|B233:1.0|B234:1.0|B235:1.0|B237:1.0|B239:1.0|B241:1.0|B242:1.0|B244:1.0|B245:1.0|B248:1.0|B249:1.0|B260:1.0|B262:1.0|B27:1.0|B277:1.0|B279:1.0|B281:1.0|B284:1.0|B286:1.0|B292:1.0|B293:1.0|B294:1.0|B295:1.0|B296:1.0|B3:1.0|B300:1.0|B301:1.0|B303:1.0|B304:1.0|B305:1.0|B307:1.0|B308:1.0|B313:1.0|B316:1.0|B318:1.0|B320:1.0|B321:1.0|B324:1.0|B325:1.0|B329:1.0|B33:1.0|B333:1.0|B342:1.0|B343:1.0|B345:1.0|B347:1.0|B360:1.0|B4:1.0|B409:1.0|B416:1.0|B440:1.0|B447:1.0|B469:1.0|B47:1.0|B480:1.0|B483:1.0|B485:1.0|B487:1.0|B49:1.0|B490:1.0|B491:1.0|B493:1.0|B494:1.0|B496:1.0|B498:1.0|B499:1.0|B5:1.0|B506:1.0|B510:1.0|B511:1.0|B514:1.0|B515:1.0|B516:1.0|B517:1.0|B518:1.0|B520:1.0|B522:1.0|B523:1.0|B530:1.0|B531:1.0|B532:1.0|B533:1.0|B535:1.0|B536:1.0|B537:1.0|B538:1.0|B540:1.0|B541:1.0|B542:1.0|B544:1.0|B547:1.0|B548:1.0|B552:1.0|B554:1.0|B555:1.0|B556:1.0|B557:1.0|B561:1.0|B563:1.0|B584:1.0|B586:1.0|B587:1.0|B64:1.0|B66:1.0|B68:1.0|B7:1.0|B733:1.0|B778:1.0|B779:1.0|B8:1.0|B809:1.0|B810:1.0|B812:1.0|B813:1.0|B814:1.0|B815:1.0|B816:1.0|B819:1.0|B821:1.0|B822:1.0|B823:1.0|B824:1.0|B825:1.0|B826:1.0|B828:1.0|B830:1.0|B86:1.0|B87:1.0|B91:1.0|B97:1.0|B98:1.0,,,,B9:1.0|B10:1.0|B12:1.0|B20:1.0|B26:1.0|B30:1.0|B51:1.0|B54:1.0|B59:1.0|B62:1.0|B77:1.0|B111:1.0|B166:1.0|B168:1.0|B169:1.0|B178:1.0|B184:1.0|B186:1.0|B189:1.0|B193:1.0|B196:1.0|B198:1.0|B200:1.0|B201:1.0|B203:1.0|B215:1.0|B356:1.0|B362:1.0|B392:1.0|B395:1.0|B400:1.0|B401:1.0|B436:1.0|B455:1.0|B459:1.0|B565:1.0|B569:1.0|B571:1.0|B572:1.0|B582:1.0|B724:1.0|B726:1.0|B727:1.0|B728:1.0|B783:1.0|B784:1.0|B787:1.0|B788:1.0|B789:1.0|B790:1.0|B792:1.0,
XP012816895.2_8364_12,B10:1.0|B103:1.0|B104:1.0|B109:1.0|B111:1.0|B112:1.0|B116:1.0|B12:1.0|B13:1.0|B130:1.0|B136:1.0|B166:1.0|B168:1.0|B169:1.0|B17:1.0|B178:1.0|B18:1.0|B184:1.0|B186:1.0|B19:1.0|B2:1.0|B20:1.0|B207:1.0|B21:1.0|B222:1.0|B23:1.0|B230:1.0|B232:1.0|B233:1.0|B234:1.0|B237:1.0|B239:1.0|B26:1.0|B260:1.0|B262:1.0|B27:1.0|B276:1.0|B277:1.0|B279:1.0|B281:1.0|B286:1.0|B293:1.0|B295:1.0|B296:1.0|B3:1.0|B30:1.0|B304:1.0|B305:1.0|B307:1.0|B308:1.0|B310:1.0|B313:1.0|B315:1.0|B316:1.0|B318:1.0|B320:1.0|B321:1.0|B325:1.0|B329:1.0|B33:1.0|B333:1.0|B334:1.0|B339:1.0|B343:1.0|B345:1.0|B347:1.0|B354:1.0|B360:1.0|B362:1.0|B368:1.0|B370:1.0|B376:1.0|B378:1.0|B381:1.0|B388:1.0|B391:1.0|B392:1.0|B395:1.0|B399:1.0|B4:1.0|B400:1.0|B403:1.0|B404:1.0|B409:1.0|B416:1.0|B421:1.0|B440:1.0|B447:1.0|B452:1.0|B454:1.0|B455:1.0|B456:1.0|B458:1.0|B459:1.0|B460:1.0|B462:1.0|B464:1.0|B467:1.0|B469:1.0|B472:1.0|B473:1.0|B476:1.0|B479:1.0|B480:1.0|B481:1.0|B499:1.0|B5:1.0|B506:1.0|B511:1.0|B512:1.0|B515:1.0|B516:1.0|B520:1.0|B523:1.0|B530:1.0|B532:1.0|B533:1.0|B535:1.0|B536:1.0|B537:1.0|B538:1.0|B54:1.0|B540:1.0|B541:1.0|B542:1.0|B544:1.0|B547:1.0|B548:1.0|B552:1.0|B554:1.0|B555:1.0|B556:1.0|B557:1.0|B560:1.0|B561:1.0|B563:1.0|B569:1.0|B571:1.0|B584:1.0|B586:1.0|B587:1.0|B62:1.0|B64:1.0|B7:1.0|B724:1.0|B726:1.0|B727:1.0|B728:1.0|B778:1.0|B782:1.0|B787:1.0|B788:1.0|B789:1.0|B790:1.0|B8:1.0|B814:1.0|B819:1.0|B821:1.0|B823:1.0|B824:1.0|B825:1.0|B828:1.0|B86:1.0|B87:1.0|B91:1.0|B97:1.0|B98:1.0,,,,B9:1.0|B47:1.0|B49:1.0|B51:1.0|B59:1.0|B66:1.0|B68:0.9|B77:1.0|B120:1.0|B189:1.0|B193:1.0|B196:1.0|B198:1.0|B200:1.0|B201:1.0|B203:1.0|B213:1.0|B215:1.0|B218:1.0|B235:1.0|B241:1.0|B242:1.0|B244:1.0|B245:1.0|B248:1.0|B249:1.0|B284:1.0|B292:1.0|B294:1.0|B300:1.0|B301:1.0|B303:1.0|B324:1.0|B342:1.0|B356:1.0|B401:1.0|B436:1.0|B483:1.0|B485:1.0|B487:1.0|B490:1.0|B491:1.0|B493:1.0|B494:1.0|B496:1.0|B498:1.0|B510:1.0|B514:1.0|B517:1.0|B518:1.0|B522:1.0|B531:1.0|B565:1.0|B572:1.0|B582:1.0|B733:1.0|B779:1.0|B783:1.0|B784:1.0|B792:1.0|B830:1.0,
XP025008796.2_9031_13,B10:1.0|B103:1.0|B104:1.0|B109:1.0|B112:1.0|B116:1.0|B12:1.0|B120:1.0|B13:1.0|B130:1.0|B136:1.0|B166:1.0|B168:1.0|B169:1.0|B17:1.0|B178:1.0|B184:1.0|B186:1.0|B193:1.0|B196:1.0|B198:1.0|B2:1.0|B200:1.0|B201:1.0|B203:1.0|B207:1.0|B213:1.0|B215:1.0|B218:1.0|B222:1.0|B23:1.0|B230:1.0|B232:1.0|B233:1.0|B234:1.0|B235:1.0|B237:1.0|B239:1.0|B260:1.0|B262:1.0|B27:1.0|B276:1.0|B277:1.0|B279:1.0|B281:1.0|B283:1.0|B284:1.0|B286:1.0|B289:1.0|B291:1.0|B292:1.0|B293:1.0|B294:1.0|B295:1.0|B296:1.0|B299:1.0|B3:1.0|B300:1.0|B301:1.0|B303:1.0|B304:1.0|B305:1.0|B307:1.0|B308:1.0|B310:1.0|B311:1.0|B313:1.0|B315:1.0|B316:1.0|B318:1.0|B320:1.0|B321:1.0|B323:1.0|B324:1.0|B325:1.0|B329:1.0|B33:1.0|B333:1.0|B334:1.0|B335:1.0|B341:1.0|B342:1.0|B343:1.0|B345:1.0|B347:1.0|B348:1.0|B349:1.0|B351:1.0|B353:1.0|B354:1.0|B356:1.0|B357:1.0|B360:1.0|B362:1.0|B364:1.0|B368:1.0|B369:1.0|B370:1.0|B375:1.0|B376:1.0|B378:1.0|B381:1.0|B382:1.0|B387:1.0|B388:1.0|B391:1.0|B392:1.0|B395:1.0|B399:1.0|B4:1.0|B400:1.0|B401:1.0|B402:1.0|B403:1.0|B409:1.0|B410:1.0|B412:1.0|B416:1.0|B420:1.0|B421:1.0|B422:1.0|B424:1.0|B426:1.0|B429:1.0|B431:1.0|B434:1.0|B436:1.0|B437:1.0|B466:1.0|B467:1.0|B469:1.0|B47:1.0|B471:1.0|B472:1.0|B475:1.0|B476:1.0|B477:1.0|B49:1.0|B490:1.0|B494:1.0|B495:1.0|B496:1.0|B498:1.0|B499:1.0|B5:1.0|B501:1.0|B503:1.0|B506:1.0|B508:1.0|B510:1.0|B511:1.0|B512:1.0|B513:1.0|B514:1.0|B515:1.0|B516:1.0|B517:1.0|B518:1.0|B520:1.0|B522:1.0|B523:1.0|B528:1.0|B530:1.0|B531:1.0|B532:1.0|B533:1.0|B535:1.0|B540:1.0|B541:1.0|B542:1.0|B544:1.0|B547:1.0|B548:1.0|B552:1.0|B554:1.0|B555:1.0|B556:1.0|B557:1.0|B560:1.0|B561:1.0|B563:1.0|B581:1.0|B582:1.0|B584:1.0|B586:1.0|B587:1.0|B59:1.0|B62:1.0|B64:1.0|B7:1.0|B724:1.0|B726:1.0|B727:1.0|B728:1.0|B77:1.0|B778:1.0|B779:1.0|B782:1.0|B783:1.0|B784:1.0|B787:1.0|B788:1.0|B789:1.0|B790:1.0|B792:1.0|B8:1.0|B86:1.0|B87:1.0|B9:1.0|B91:1.0|B97:1.0|B98:1.0,,,,B18:1.0|B21:1.0|B26:1.0|B51:1.0|B66:1.0|B68:0.9|B189:1.0|B241:1.0|B242:1.0|B244:1.0|B245:1.0|B248:1.0|B249:1.0|B339:1.0|B404:1.0|B440:1.0|B447:0.1|B452:1.0|B454:1.0|B455:1.0|B456:1.0|B458:1.0|B459:1.0|B460:1.0|B462:1.0|B464:1.0|B473:1.0|B479:1.0|B480:1.0|B481:1.0|B483:1.0|B485:1.0|B487:1.0|B491:1.0|B493:1.0|B536:1.0|B537:1.0|B538:1.0|B565:1.0|B569:1.0|B571:1.0|B572:1.0|B733:1.0|B830:1.0,
NP001179466.3_9913_14,B10:1.0|B103:1.0|B104:1.0|B109:1.0|B112:1.0|B116:1.0|B12:1.0|B120:1.0|B13:1.0|B130:1.0|B136:1.0|B166:1.0|B168:1.0|B169:1.0|B17:1.0|B178:1.0|B18:1.0|B184:1.0|B186:1.0|B189:1.0|B193:1.0|B196:1.0|B198:1.0|B2:1.0|B200:1.0|B201:1.0|B203:1.0|B207:1.0|B21:1.0|B213:1.0|B222:1.0|B23:1.0|B230:1.0|B232:1.0|B233:1.0|B234:1.0|B235:1.0|B237:1.0|B239:1.0|B241:1.0|B242:1.0|B244:1.0|B245:1.0|B248:1.0|B249:1.0|B26:1.0|B260:1.0|B262:1.0|B268:1.0|B269:1.0|B27:1.0|B276:1.0|B277:1.0|B279:1.0|B281:1.0|B282:1.0|B283:1.0|B284:1.0|B286:1.0|B289:1.0|B290:1.0|B291:1.0|B292:1.0|B293:1.0|B294:1.0|B295:1.0|B296:1.0|B299:1.0|B3:1.0|B300:1.0|B301:1.0|B303:1.0|B304:1.0|B305:1.0|B307:1.0|B308:1.0|B310:1.0|B311:1.0|B313:1.0|B315:1.0|B316:1.0|B318:1.0|B320:1.0|B321:1.0|B323:1.0|B324:1.0|B325:1.0|B327:1.0|B329:1.0|B33:1.0|B333:1.0|B334:1.0|B335:1.0|B338:1.0|B339:1.0|B341:1.0|B342:1.0|B343:1.0|B345:1.0|B347:1.0|B348:1.0|B349:1.0|B351:1.0|B353:1.0|B354:1.0|B356:1.0|B357:1.0|B360:1.0|B362:1.0|B364:1.0|B365:1.0|B368:1.0|B369:1.0|B370:1.0|B372:1.0|B374:1.0|B375:1.0|B376:1.0|B378:1.0|B381:1.0|B382:1.0|B387:1.0|B388:1.0|B391:1.0|B392:1.0|B395:1.0|B399:1.0|B4:1.0|B400:1.0|B401:1.0|B402:1.0|B403:1.0|B404:1.0|B409:1.0|B410:1.0|B412:1.0|B413:1.0|B416:1.0|B418:1.0|B419:1.0|B420:1.0|B421:1.0|B422:1.0|B424:1.0|B426:1.0|B429:1.0|B431:1.0|B434:1.0|B435:1.0|B436:1.0|B437:1.0|B439:1.0|B440:1.0|B441:1.0|B444:1.0|B447:1.0|B451:1.0|B452:1.0|B453:1.0|B454:1.0|B455:1.0|B456:1.0|B457:1.0|B458:1.0|B459:1.0|B460:1.0|B462:1.0|B463:1.0|B464:1.0|B465:1.0|B466:1.0|B467:1.0|B469:1.0|B471:1.0|B472:1.0|B473:1.0|B475:1.0|B476:1.0|B477:1.0|B479:1.0|B480:1.0|B481:1.0|B482:1.0|B483:1.0|B484:1.0|B485:1.0|B487:1.0|B490:1.0|B491:1.0|B492:1.0|B493:1.0|B494:1.0|B495:1.0|B496:1.0|B498:1.0|B499:1.0|B5:1.0|B501:1.0|B502:1.0|B503:1.0|B506:1.0|B508:1.0|B510:1.0|B511:1.0|B512:1.0|B513:1.0|B514:1.0|B515:1.0|B516:1.0|B517:1.0|B518:1.0|B520:1.0|B522:1.0|B523:1.0|B528:1.0|B530:1.0|B531:1.0|B532:1.0|B533:1.0|B535:1.0|B536:1.0|B537:1.0|B538:1.0|B540:1.0|B541:1.0|B542:1.0|B544:1.0|B547:1.0|B548:1.0|B552:1.0|B554:1.0|B555:1.0|B556:1.0|B557:1.0|B560:1.0|B561:1.0|B563:1.0|B565:1.0|B569:1.0|B584:1.0|B586:1.0|B587:1.0|B64:1.0|B66:1.0|B68:1.0|B7:1.0|B733:1.0|B8:1.0|B830:1.0|B86:1.0|B87:1.0|B9:1.0|B91:1.0|B97:1.0|B98:1.0,,,,B47:1.0|B49:1.0|B51:1.0|B62:0.9|B77:1.0|B571:1.0|B572:1.0|B581:1.0|B582:1.0,ARMS2
NP114141.2_9606_15,B10:1.0|B103:1.0|B104:1.0|B109:1.0|B112:1.0|B116:1.0|B12:1.0|B120:1.0|B13:1.0|B130:1.0|B136:1.0|B166:1.0|B168:1.0|B169:1.0|B17:1.0|B178:1.0|B18:1.0|B184:1.0|B186:1.0|B189:1.0|B193:1.0|B196:1.0|B198:1.0|B2:1.0|B200:1.0|B201:1.0|B203:1.0|B207:1.0|B21:1.0|B213:1.0|B222:1.0|B23:1.0|B230:1.0|B232:1.0|B233:1.0|B234:1.0|B235:1.0|B237:1.0|B239:1.0|B26:1.0|B260:1.0|B262:1.0|B268:1.0|B269:1.0|B27:1.0|B276:1.0|B277:1.0|B279:1.0|B281:1.0|B282:1.0|B283:1.0|B284:1.0|B286:1.0|B289:1.0|B290:1.0|B291:1.0|B292:1.0|B293:1.0|B294:1.0|B295:1.0|B296:1.0|B299:1.0|B3:1.0|B300:1.0|B301:1.0|B303:1.0|B304:1.0|B305:1.0|B307:1.0|B308:1.0|B310:1.0|B311:1.0|B313:1.0|B315:1.0|B316:1.0|B318:1.0|B320:1.0|B321:1.0|B323:1.0|B324:1.0|B325:1.0|B327:1.0|B329:1.0|B33:1.0|B333:1.0|B334:1.0|B335:1.0|B338:1.0|B339:1.0|B341:1.0|B342:1.0|B343:1.0|B345:1.0|B347:1.0|B348:1.0|B349:1.0|B351:1.0|B353:1.0|B354:1.0|B356:1.0|B357:1.0|B360:1.0|B362:1.0|B364:1.0|B365:1.0|B368:1.0|B369:1.0|B370:1.0|B372:1.0|B374:1.0|B375:1.0|B376:1.0|B378:1.0|B381:1.0|B382:1.0|B387:1.0|B388:1.0|B391:1.0|B392:1.0|B395:1.0|B399:1.0|B4:1.0|B400:1.0|B401:1.0|B402:1.0|B403:1.0|B404:1.0|B409:1.0|B410:1.0|B412:1.0|B413:1.0|B416:1.0|B418:1.0|B419:1.0|B420:1.0|B421:1.0|B422:1.0|B424:1.0|B426:1.0|B429:1.0|B431:1.0|B434:1.0|B435:1.0|B436:1.0|B437:1.0|B439:1.0|B440:1.0|B441:1.0|B444:1.0|B447:1.0|B451:1.0|B452:1.0|B453:1.0|B454:1.0|B455:1.0|B456:1.0|B457:1.0|B458:1.0|B459:1.0|B460:1.0|B462:1.0|B463:1.0|B464:1.0|B465:1.0|B466:1.0|B467:1.0|B469:1.0|B47:1.0|B471:1.0|B472:1.0|B473:1.0|B475:1.0|B476:1.0|B477:1.0|B479:1.0|B480:1.0|B481:1.0|B482:1.0|B483:1.0|B484:1.0|B485:1.0|B487:1.0|B49:1.0|B490:1.0|B491:1.0|B492:1.0|B493:1.0|B494:1.0|B495:1.0|B496:1.0|B498:1.0|B499:1.0|B5:1.0|B501:1.0|B502:1.0|B503:1.0|B506:1.0|B508:1.0|B51:1.0|B510:1.0|B511:1.0|B512:1.0|B513:1.0|B514:1.0|B515:1.0|B516:1.0|B517:1.0|B518:1.0|B520:1.0|B522:1.0|B523:1.0|B528:1.0|B530:1.0|B531:1.0|B532:1.0|B533:1.0|B535:1.0|B536:1.0|B537:1.0|B538:1.0|B540:1.0|B541:1.0|B542:1.0|B544:1.0|B547:1.0|B548:1.0|B552:1.0|B554:1.0|B555:1.0|B556:1.0|B557:1.0|B560:1.0|B561:1.0|B563:1.0|B565:1.0|B569:1.0|B571:1.0|B572:1.0|B573:1.0|B577:1.0|B580:1.0|B581:1.0|B582:1.0|B584:1.0|B586:1.0|B587:1.0|B62:1.0|B64:1.0|B66:1.0|B7:1.0|B77:1.0|B8:1.0|B86:1.0|B87:1.0|B9:1.0|B91:1.0|B97:1.0|B98:1.0,ARMS2,,,,
XP006529820.1_10090_16,B10:1.0|B103:1.0|B104:1.0|B109:1.0|B112:1.0|B116:1.0|B12:1.0|B120:1.0|B13:1.0|B130:1.0|B136:1.0|B166:1.0|B168:1.0|B169:1.0|B17:1.0|B178:1.0|B18:1.0|B184:1.0|B186:1.0|B189:1.0|B193:1.0|B196:1.0|B198:1.0|B2:1.0|B200:1.0|B201:1.0|B203:1.0|B207:1.0|B21:1.0|B213:1.0|B222:1.0|B23:1.0|B230:1.0|B232:1.0|B233:1.0|B234:1.0|B235:1.0|B237:1.0|B239:1.0|B26:1.0|B260:1.0|B262:1.0|B269:1.0|B27:1.0|B276:1.0|B277:1.0|B279:1.0|B281:1.0|B282:1.0|B283:1.0|B284:1.0|B286:1.0|B289:1.0|B290:1.0|B291:1.0|B292:1.0|B293:1.0|B294:1.0|B295:1.0|B296:1.0|B299:1.0|B3:1.0|B300:1.0|B301:1.0|B303:1.0|B304:1.0|B305:1.0|B307:1.0|B308:1.0|B310:1.0|B311:1.0|B313:1.0|B315:1.0|B316:1.0|B318:1.0|B320:1.0|B321:1.0|B323:1.0|B324:1.0|B325:1.0|B327:1.0|B329:1.0|B33:1.0|B333:1.0|B334:1.0|B335:1.0|B338:1.0|B339:1.0|B341:1.0|B342:1.0|B343:1.0|B345:1.0|B347:1.0|B348:1.0|B349:1.0|B351:1.0|B353:1.0|B354:1.0|B356:1.0|B357:1.0|B360:1.0|B362:1.0|B364:1.0|B365:1.0|B368:1.0|B369:1.0|B370:1.0|B372:1.0|B374:1.0|B375:1.0|B376:1.0|B378:1.0|B381:1.0|B382:1.0|B387:1.0|B388:1.0|B391:1.0|B392:1.0|B395:1.0|B399:1.0|B4:1.0|B400:1.0|B401:1.0|B402:1.0|B403:1.0|B404:1.0|B409:1.0|B410:1.0|B412:1.0|B413:1.0|B416:1.0|B418:1.0|B419:1.0|B420:1.0|B421:1.0|B422:1.0|B424:1.0|B426:1.0|B429:1.0|B431:1.0|B434:1.0|B435:1.0|B436:1.0|B437:1.0|B439:1.0|B440:1.0|B441:1.0|B444:1.0|B447:1.0|B451:1.0|B452:1.0|B453:1.0|B454:1.0|B455:1.0|B456:1.0|B457:1.0|B458:1.0|B459:1.0|B460:1.0|B462:1.0|B463:1.0|B464:1.0|B465:1.0|B466:1.0|B467:1.0|B469:1.0|B47:1.0|B471:1.0|B472:1.0|B473:1.0|B475:1.0|B476:1.0|B477:1.0|B479:1.0|B480:1.0|B481:1.0|B482:1.0|B483:1.0|B484:1.0|B485:1.0|B487:1.0|B49:1.0|B490:1.0|B491:1.0|B492:1.0|B493:1.0|B494:1.0|B495:1.0|B496:1.0|B498:1.0|B499:1.0|B5:1.0|B501:1.0|B502:1.0|B503:1.0|B506:1.0|B508:1.0|B51:1.0|B510:1.0|B511:1.0|B512:1.0|B513:1.0|B514:1.0|B515:1.0|B516:1.0|B517:1.0|B518:1.0|B520:1.0|B522:1.0|B523:1.0|B528:1.0|B530:1.0|B531:1.0|B532:1.0|B533:1.0|B535:1.0|B536:1.0|B537:1.0|B538:1.0|B540:1.0|B541:1.0|B542:1.0|B544:1.0|B547:1.0|B548:1.0|B552:1.0|B554:1.0|B555:1.0|B556:1.0|B557:1.0|B560:1.0|B561:1.0|B563:1.0|B565:1.0|B569:1.0|B571:1.0|B572:1.0|B573:1.0|B577:1.0|B580:1.0|B581:1.0|B582:1.0|B584:1.0|B586:1.0|B587:1.0|B62:1.0|B64:1.0|B66:1.0|B7:1.0|B77:1.0|B8:1.0|B86:1.0|B87:1.0|B9:1.0|B91:1.0|B97:1.0|B98:1.0,,,,B268:1.0,ARMS2
G17_15_16,B10:1.0|B103:1.0|B104:1.0|B109:1.0|B112:1.0|B116:1.0|B12:1.0|B120:1.0|B13:1.0|B130:1.0|B136:1.0|B166:1.0|B168:1.0|B169:1.0|B17:1.0|B178:1.0|B18:1.0|B184:1.0|B186:1.0|B189:1.0|B193:1.0|B196:1.0|B198:1.0|B2:1.0|B200:1.0|B201:1.0|B203:1.0|B207:1.0|B21:1.0|B213:1.0|B222:1.0|B23:1.0|B230:1.0|B232:1.0|B233:1.0|B234:1.0|B235:1.0|B237:1.0|B239:1.0|B26:1.0|B260:1.0|B262:1.0|B268:1.0|B269:1.0|B27:1.0|B276:1.0|B277:1.0|B279:1.0|B281:1.0|B282:1.0|B283:1.0|B284:1.0|B286:1.0|B289:1.0|B290:1.0|B291:1.0|B292:1.0|B293:1.0|B294:1.0|B295:1.0|B296:1.0|B299:1.0|B3:1.0|B300:1.0|B301:1.0|B303:1.0|B304:1.0|B305:1.0|B307:1.0|B308:1.0|B310:1.0|B311:1.0|B313:1.0|B315:1.0|B316:1.0|B318:1.0|B320:1.0|B321:1.0|B323:1.0|B324:1.0|B325:1.0|B327:1.0|B329:1.0|B33:1.0|B333:1.0|B334:1.0|B335:1.0|B338:1.0|B339:1.0|B341:1.0|B342:1.0|B343:1.0|B345:1.0|B347:1.0|B348:1.0|B349:1.0|B351:1.0|B353:1.0|B354:1.0|B356:1.0|B357:1.0|B360:1.0|B362:1.0|B364:1.0|B365:1.0|B368:1.0|B369:1.0|B370:1.0|B372:1.0|B374:1.0|B375:1.0|B376:1.0|B378:1.0|B381:1.0|B382:1.0|B387:1.0|B388:1.0|B391:1.0|B392:1.0|B395:1.0|B399:1.0|B4:1.0|B400:1.0|B401:1.0|B402:1.0|B403:1.0|B404:1.0|B409:1.0|B410:1.0|B412:1.0|B413:1.0|B416:1.0|B418:1.0|B419:1.0|B420:1.0|B421:1.0|B422:1.0|B424:1.0|B426:1.0|B429:1.0|B431:1.0|B434:1.0|B435:1.0|B436:1.0|B437:1.0|B439:1.0|B440:1.0|B441:1.0|B444:1.0|B447:1.0|B451:1.0|B452:1.0|B453:1.0|B454:1.0|B455:1.0|B456:1.0|B457:1.0|B458:1.0|B459:1.0|B460:1.0|B462:1.0|B463:1.0|B464:1.0|B465:1.0|B466:1.0|B467:1.0|B469:1.0|B47:1.0|B471:1.0|B472:1.0|B473:1.0|B475:1.0|B476:1.0|B477:1.0|B479:1.0|B480:1.0|B481:1.0|B482:1.0|B483:1.0|B484:1.0|B485:1.0|B487:1.0|B49:1.0|B490:1.0|B491:1.0|B492:1.0|B493:1.0|B494:1.0|B495:1.0|B496:1.0|B498:1.0|B499:1.0|B5:1.0|B501:1.0|B502:1.0|B503:1.0|B506:1.0|B508:1.0|B51:1.0|B510:1.0|B511:1.0|B512:1.0|B513:1.0|B514:1.0|B515:1.0|B516:1.0|B517:1.0|B518:1.0|B520:1.0|B522:1.0|B523:1.0|B528:1.0|B530:1.0|B531:1.0|B532:1.0|B533:1.0|B535:1.0|B536:1.0|B537:1.0|B538:1.0|B540:1.0|B541:1.0|B542:1.0|B544:1.0|B547:1.0|B548:1.0|B552:1.0|B554:1.0|B555:1.0|B556:1.0|B557:1.0|B560:1.0|B561:1.0|B563:1.0|B565:1.0|B569:1.0|B571:1.0|B572:1.0|B573:1.0|B577:1.0|B580:1.0|B581:1.0|B582:1.0|B584:1.0|B586:1.0|B587:1.0|B62:1.0|B64:1.0|B66:1.0|B7:1.0|B77:1.0|B8:1.0|B86:1.0|B87:1.0|B9:1.0|B91:1.0|B97:1.0|B98:1.0,ARMS2,B62:0.1|B573:1.0|B577:1.0|B580:1.0,,B68:1.0|B241:1.0|B242:1.0|B244:1.0|B245:1.0|B248:1.0|B249:1.0|B733:1.0|B830:1.0,
G18_14_17,B10:1.0|B103:1.0|B104:1.0|B109:1.0|B112:1.0|B116:1.0|B12:1.0|B120:1.0|B13:1.0|B130:1.0|B136:1.0|B166:1.0|B168:1.0|B169:1.0|B17:1.0|B178:1.0|B18:1.0|B184:1.0|B186:1.0|B189:1.0|B193:1.0|B196:1.0|B198:1.0|B2:1.0|B200:1.0|B201:1.0|B203:1.0|B207:1.0|B21:1.0|B213:1.0|B222:1.0|B23:1.0|B230:1.0|B232:1.0|B233:1.0|B234:1.0|B235:1.0|B237:1.0|B239:1.0|B241:1.0|B242:1.0|B244:1.0|B245:1.0|B248:1.0|B249:1.0|B26:1.0|B260:1.0|B262:1.0|B268:1.0|B269:1.0|B27:1.0|B276:1.0|B277:1.0|B279:1.0|B281:1.0|B282:1.0|B283:1.0|B284:1.0|B286:1.0|B289:1.0|B290:1.0|B291:1.0|B292:1.0|B293:1.0|B294:1.0|B295:1.0|B296:1.0|B299:1.0|B3:1.0|B300:1.0|B301:1.0|B303:1.0|B304:1.0|B305:1.0|B307:1.0|B308:1.0|B310:1.0|B311:1.0|B313:1.0|B315:1.0|B316:1.0|B318:1.0|B320:1.0|B321:1.0|B323:1.0|B324:1.0|B325:1.0|B327:1.0|B329:1.0|B33:1.0|B333:1.0|B334:1.0|B335:1.0|B338:1.0|B339:1.0|B341:1.0|B342:1.0|B343:1.0|B345:1.0|B347:1.0|B348:1.0|B349:1.0|B351:1.0|B353:1.0|B354:1.0|B356:1.0|B357:1.0|B360:1.0|B362:1.0|B364:1.0|B365:1.0|B368:1.0|B369:1.0|B370:1.0|B372:1.0|B374:1.0|B375:1.0|B376:1.0|B378:1.0|B381:1.0|B382:1.0|B387:1.0|B388:1.0|B391:1.0|B392:1.0|B395:1.0|B399:1.0|B4:1.0|B400:1.0|B401:1.0|B402:1.0|B403:1.0|B404:1.0|B409:1.0|B410:1.0|B412:1.0|B413:1.0|B416:1.0|B418:1.0|B419:1.0|B420:1.0|B421:1.0|B422:1.0|B424:1.0|B426:1.0|B429:1.0|B431:1.0|B434:1.0|B435:1.0|B436:1.0|B437:1.0|B439:1.0|B440:1.0|B441:1.0|B444:1.0|B447:1.0|B451:1.0|B452:1.0|B453:1.0|B454:1.0|B455:1.0|B456:1.0|B457:1.0|B458:1.0|B459:1.0|B460:1.0|B462:1.0|B463:1.0|B464:1.0|B465:1.0|B466:1.0|B467:1.0|B469:1.0|B47:1.0|B471:1.0|B472:1.0|B473:1.0|B475:1.0|B476:1.0|B477:1.0|B479:1.0|B480:1.0|B481:1.0|B482:1.0|B483:1.0|B484:1.0|B485:1.0|B487:1.0|B49:1.0|B490:1.0|B491:1.0|B492:1.0|B493:1.0|B494:1.0|B495:1.0|B496:1.0|B498:1.0|B499:1.0|B5:1.0|B501:1.0|B502:1.0|B503:1.0|B506:1.0|B508:1.0|B51:1.0|B510:1.0|B511:1.0|B512:1.0|B513:1.0|B514:1.0|B515:1.0|B516:1.0|B517:1.0|B518:1.0|B520:1.0|B522:1.0|B523:1.0|B528:1.0|B530:1.0|B531:1.0|B532:1.0|B533:1.0|B535:1.0|B536:1.0|B537:1.0|B538:1.0|B540:1.0|B541:1.0|B542:1.0|B544:1.0|B547:1.0|B548:1.0|B552:1.0|B554:1.0|B555:1.0|B556:1.0|B557:1.0|B560:1.0|B561:1.0|B563:1.0|B565:1.0|B569:1.0|B571:1.0|B572:1.0|B581:1.0|B582:1.0|B584:1.0|B586:1.0|B587:1.0|B62:0.9|B64:1.0|B66:1.0|B68:1.0|B7:1.0|B733:1.0|B77:1.0|B8:1.0|B830:1.0|B86:1.0|B87:1.0|B9:1.0|B91:1.0|B97:1.0|B98:1.0,ARMS2,B68:0.1|B268:1.0|B269:1.0|B282:1.0|B290:1.0|B327:1.0|B338:1.0|B365:1.0|B372:1.0|B374:1.0|B413:1.0|B418:1.0|B419:1.0|B435:1.0|B439:1.0|B441:1.0|B444:1.0|B447:0.9|B451:1.0|B453:1.0|B457:1.0|B463:1.0|B465:1.0|B482:1.0|B484:1.0|B492:1.0|B502:1.0,ARMS2,B59:1.0|B62:0.1|B215:1.0|B218:1.0|B724:1.0|B726:1.0|B727:1.0|B728:1.0|B778:1.0|B779:1.0|B782:1.0|B783:1.0|B784:1.0|B787:1.0|B788:1.0|B789:1.0|B790:1.0|B792:1.0,
G19_13_18,B10:1.0|B103:1.0|B104:1.0|B109:1.0|B112:1.0|B116:1.0|B12:1.0|B120:1.0|B13:1.0|B130:1.0|B136:1.0|B166:1.0|B168:1.0|B169:1.0|B17:1.0|B178:1.0|B18:1.0|B184:1.0|B186:1.0|B189:1.0|B193:1.0|B196:1.0|B198:1.0|B2:1.0|B200:1.0|B201:1.0|B203:1.0|B207:1.0|B21:1.0|B213:1.0|B215:1.0|B218:1.0|B222:1.0|B23:1.0|B230:1.0|B232:1.0|B233:1.0|B234:1.0|B235:1.0|B237:1.0|B239:1.0|B241:1.0|B242:1.0|B244:1.0|B245:1.0|B248:1.0|B249:1.0|B26:1.0|B260:1.0|B262:1.0|B27:1.0|B276:1.0|B277:1.0|B279:1.0|B281:1.0|B283:1.0|B284:1.0|B286:1.0|B289:1.0|B291:1.0|B292:1.0|B293:1.0|B294:1.0|B295:1.0|B296:1.0|B299:1.0|B3:1.0|B300:1.0|B301:1.0|B303:1.0|B304:1.0|B305:1.0|B307:1.0|B308:1.0|B310:1.0|B311:1.0|B313:1.0|B315:1.0|B316:1.0|B318:1.0|B320:1.0|B321:1.0|B323:1.0|B324:1.0|B325:1.0|B329:1.0|B33:1.0|B333:1.0|B334:1.0|B335:1.0|B339:1.0|B341:1.0|B342:1.0|B343:1.0|B345:1.0|B347:1.0|B348:1.0|B349:1.0|B351:1.0|B353:1.0|B354:1.0|B356:1.0|B357:1.0|B360:1.0|B362:1.0|B364:1.0|B368:1.0|B369:1.0|B370:1.0|B375:1.0|B376:1.0|B378:1.0|B381:1.0|B382:1.0|B387:1.0|B388:1.0|B391:1.0|B392:1.0|B395:1.0|B399:1.0|B4:1.0|B400:1.0|B401:1.0|B402:1.0|B403:1.0|B404:1.0|B409:1.0|B410:1.0|B412:1.0|B416:1.0|B420:1.0|B421:1.0|B422:1.0|B424:1.0|B426:1.0|B429:1.0|B431:1.0|B434:1.0|B436:1.0|B437:1.0|B440:1.0|B447:0.1|B452:1.0|B454:1.0|B455:1.0|B456:1.0|B458:1.0|B459:1.0|B460:1.0|B462:1.0|B464:1.0|B466:1.0|B467:1.0|B469:1.0|B47:1.0|B471:1.0|B472:1.0|B473:1.0|B475:1.0|B476:1.0|B477:1.0|B479:1.0|B480:1.0|B481:1.0|B483:1.0|B485:1.0|B487:1.0|B49:1.0|B490:1.0|B491:1.0|B493:1.0|B494:1.0|B495:1.0|B496:1.0|B498:1.0|B499:1.0|B5:1.0|B501:1.0|B503:1.0|B506:1.0|B508:1.0|B51:1.0|B510:1.0|B511:1.0|B512:1.0|B513:1.0|B514:1.0|B515:1.0|B516:1.0|B517:1.0|B518:1.0|B520:1.0|B522:1.0|B523:1.0|B528:1.0|B530:1.0|B531:1.0|B532:1.0|B533:1.0|B535:1.0|B536:1.0|B537:1.0|B538:1.0|B540:1.0|B541:1.0|B542:1.0|B544:1.0|B547:1.0|B548:1.0|B552:1.0|B554:1.0|B555:1.0|B556:1.0|B557:1.0|B560:1.0|B561:1.0|B563:1.0|B565:1.0|B569:1.0|B571:1.0|B572:1.0|B581:1.0|B582:1.0|B584:1.0|B586:1.0|B587:1.0|B59:1.0|B62:1.0|B64:1.0|B66:1.0|B68:0.9|B7:1.0|B724:1.0|B726:1.0|B727:1.0|B728:1.0|B733:1.0|B77:1.0|B778:1.0|B779:1.0|B782:1.0|B783:1.0|B784:1.0|B787:1.0|B788:1.0|B789:1.0|B790:1.0|B792:1.0|B8:1.0|B830:1.0|B86:1.0|B87:1.0|B9:1.0|B91:1.0|B97:1.0|B98:1.0,,B283:1.0|B289:1.0|B291:1.0|B299:1.0|B311:1.0|B323:1.0|B335:1.0|B341:1.0|B348:1.0|B349:1.0|B351:1.0|B353:1.0|B357:1.0|B364:1.0|B369:1.0|B375:1.0|B382:1.0|B387:1.0|B402:1.0|B410:1.0|B412:1.0|B420:1.0|B422:1.0|B424:1.0|B426:1.0|B429:1.0|B431:1.0|B434:1.0|B437:1.0|B466:1.0|B471:1.0|B475:1.0|B477:1.0|B495:1.0|B501:1.0|B503:1.0|B508:1.0|B513:1.0|B528:1.0|B581:1.0,,B19:1.0|B20:1.0|B30:1.0|B54:1.0|B111:1.0|B447:0.9|B814:1.0|B819:1.0|B821:1.0|B823:1.0|B824:1.0|B825:1.0|B828:1.0,
G20_12_19,B10:1.0|B103:1.0|B104:1.0|B109:1.0|B111:1.0|B112:1.0|B116:1.0|B12:1.0|B120:1.0|B13:1.0|B130:1.0|B136:1.0|B166:1.0|B168:1.0|B169:1.0|B17:1.0|B178:1.0|B18:1.0|B184:1.0|B186:1.0|B189:1.0|B19:1.0|B193:1.0|B196:1.0|B198:1.0|B2:1.0|B20:1.0|B200:1.0|B201:1.0|B203:1.0|B207:1.0|B21:1.0|B213:1.0|B215:1.0|B218:1.0|B222:1.0|B23:1.0|B230:1.0|B232:1.0|B233:1.0|B234:1.0|B235:1.0|B237:1.0|B239:1.0|B241:1.0|B242:1.0|B244:1.0|B245:1.0|B248:1.0|B249:1.0|B26:1.0|B260:1.0|B262:1.0|B27:1.0|B276:1.0|B277:1.0|B279:1.0|B281:1.0|B284:1.0|B286:1.0|B292:1.0|B293:1.0|B294:1.0|B295:1.0|B296:1.0|B3:1.0|B30:1.0|B300:1.0|B301:1.0|B303:1.0|B304:1.0|B305:1.0|B307:1.0|B308:1.0|B310:1.0|B313:1.0|B315:1.0|B316:1.0|B318:1.0|B320:1.0|B321:1.0|B324:1.0|B325:1.0|B329:1.0|B33:1.0|B333:1.0|B334:1.0|B339:1.0|B342:1.0|B343:1.0|B345:1.0|B347:1.0|B354:1.0|B356:1.0|B360:1.0|B362:1.0|B368:1.0|B370:1.0|B376:1.0|B378:1.0|B381:1.0|B388:1.0|B391:1.0|B392:1.0|B395:1.0|B399:1.0|B4:1.0|B400:1.0|B401:1.0|B403:1.0|B404:1.0|B409:1.0|B416:1.0|B421:1.0|B436:1.0|B440:1.0|B447:1.0|B452:1.0|B454:1.0|B455:1.0|B456:1.0|B458:1.0|B459:1.0|B460:1.0|B462:1.0|B464:1.0|B467:1.0|B469:1.0|B47:1.0|B472:1.0|B473:1.0|B476:1.0|B479:1.0|B480:1.0|B481:1.0|B483:1.0|B485:1.0|B487:1.0|B49:1.0|B490:1.0|B491:1.0|B493:1.0|B494:1.0|B496:1.0|B498:1.0|B499:1.0|B5:1.0|B506:1.0|B51:1.0|B510:1.0|B511:1.0|B512:1.0|B514:1.0|B515:1.0|B516:1.0|B517:1.0|B518:1.0|B520:1.0|B522:1.0|B523:1.0|B530:1.0|B531:1.0|B532:1.0|B533:1.0|B535:1.0|B536:1.0|B537:1.0|B538:1.0|B54:1.0|B540:1.0|B541:1.0|B542:1.0|B544:1.0|B547:1.0|B548:1.0|B552:1.0|B554:1.0|B555:1.0|B556:1.0|B557:1.0|B560:1.0|B561:1.0|B563:1.0|B565:1.0|B569:1.0|B571:1.0|B572:1.0|B582:1.0|B584:1.0|B586:1.0|B587:1.0|B59:1.0|B62:1.0|B64:1.0|B66:1.0|B68:0.9|B7:1.0|B724:1.0|B726:1.0|B727:1.0|B728:1.0|B733:1.0|B77:1.0|B778:1.0|B779:1.0|B782:1.0|B783:1.0|B784:1.0|B787:1.0|B788:1.0|B789:1.0|B790:1.0|B792:1.0|B8:1.0|B814:1.0|B819:1.0|B821:1.0|B823:1.0|B824:1.0|B825:1.0|B828:1.0|B830:1.0|B86:1.0|B87:1.0|B9:1.0|B91:1.0|B97:1.0|B98:1.0,,B276:1.0|B310:1.0|B315:1.0|B334:1.0|B339:1.0|B354:1.0|B368:1.0|B370:1.0|B376:1.0|B378:1.0|B381:1.0|B388:1.0|B391:1.0|B399:1.0|B403:1.0|B404:1.0|B421:1.0|B452:1.0|B454:1.0|B456:1.0|B458:1.0|B460:1.0|B462:1.0|B464:1.0|B467:1.0|B472:1.0|B473:1.0|B476:1.0|B479:1.0|B481:1.0|B512:1.0|B560:1.0|B782:1.0,,B68:0.1|B809:1.0|B810:1.0|B812:1.0|B813:1.0|B815:1.0|B816:1.0|B822:1.0|B826:1.0,
G21_11_20,B10:1.0|B103:1.0|B104:1.0|B109:1.0|B111:1.0|B112:1.0|B116:1.0|B12:1.0|B120:1.0|B13:1.0|B130:1.0|B136:1.0|B166:1.0|B168:1.0|B169:1.0|B17:1.0|B178:1.0|B18:1.0|B184:1.0|B186:1.0|B189:1.0|B19:1.0|B193:1.0|B196:1.0|B198:1.0|B2:1.0|B20:1.0|B200:1.0|B201:1.0|B203:1.0|B207:1.0|B21:1.0|B213:1.0|B215:1.0|B218:1.0|B222:1.0|B23:1.0|B230:1.0|B232:1.0|B233:1.0|B234:1.0|B235:1.0|B237:1.0|B239:1.0|B241:1.0|B242:1.0|B244:1.0|B245:1.0|B248:1.0|B249:1.0|B26:1.0|B260:1.0|B262:1.0|B27:1.0|B277:1.0|B279:1.0|B281:1.0|B284:1.0|B286:1.0|B292:1.0|B293:1.0|B294:1.0|B295:1.0|B296:1.0|B3:1.0|B30:1.0|B300:1.0|B301:1.0|B303:1.0|B304:1.0|B305:1.0|B307:1.0|B308:1.0|B313:1.0|B316:1.0|B318:1.0|B320:1.0|B321:1.0|B324:1.0|B325:1.0|B329:1.0|B33:1.0|B333:1.0|B342:1.0|B343:1.0|B345:1.0|B347:1.0|B356:1.0|B360:1.0|B362:1.0|B392:1.0|B395:1.0|B4:1.0|B400:1.0|B401:1.0|B409:1.0|B416:1.0|B436:1.0|B440:1.0|B447:1.0|B455:1.0|B459:1.0|B469:1.0|B47:1.0|B480:1.0|B483:1.0|B485:1.0|B487:1.0|B49:1.0|B490:1.0|B491:1.0|B493:1.0|B494:1.0|B496:1.0|B498:1.0|B499:1.0|B5:1.0|B506:1.0|B51:1.0|B510:1.0|B511:1.0|B514:1.0|B515:1.0|B516:1.0|B517:1.0|B518:1.0|B520:1.0|B522:1.0|B523:1.0|B530:1.0|B531:1.0|B532:1.0|B533:1.0|B535:1.0|B536:1.0|B537:1.0|B538:1.0|B54:1.0|B540:1.0|B541:1.0|B542:1.0|B544:1.0|B547:1.0|B548:1.0|B552:1.0|B554:1.0|B555:1.0|B556:1.0|B557:1.0|B561:1.0|B563:1.0|B565:1.0|B569:1.0|B571:1.0|B572:1.0|B582:1.0|B584:1.0|B586:1.0|B587:1.0|B59:1.0|B62:1.0|B64:1.0|B66:1.0|B68:1.0|B7:1.0|B724:1.0|B726:1.0|B727:1.0|B728:1.0|B733:1.0|B77:1.0|B778:1.0|B779:1.0|B783:1.0|B784:1.0|B787:1.0|B788:1.0|B789:1.0|B790:1.0|B792:1.0|B8:1.0|B809:1.0|B810:1.0|B812:1.0|B813:1.0|B814:1.0|B815:1.0|B816:1.0|B819:1.0|B821:1.0|B822:1.0|B823:1.0|B824:1.0|B825:1.0|B826:1.0|B828:1.0|B830:1.0|B86:1.0|B87:1.0|B9:1.0|B91:1.0|B97:1.0|B98:1.0,,B279:1.0|B281:1.0|B284:1.0|B286:1.0|B292:1.0|B293:1.0|B294:1.0|B295:1.0|B296:1.0|B300:1.0|B301:1.0|B305:1.0|B307:1.0|B316:1.0|B318:1.0|B320:1.0|B321:1.0|B324:1.0|B325:1.0|B329:1.0|B333:1.0|B342:1.0|B343:1.0|B347:1.0|B480:1.0|B483:1.0|B485:1.0|B487:1.0|B491:1.0|B493:1.0|B494:1.0|B498:1.0|B499:1.0|B510:1.0|B511:1.0|B514:1.0|B515:1.0|B518:1.0|B522:1.0|B523:1.0|B530:1.0|B531:1.0|B532:1.0|B537:1.0|B540:1.0|B542:1.0|B548:1.0|B552:1.0|B554:1.0|B561:1.0|B565:0.1|B584:1.0|B586:1.0|B778:1.0|B779:1.0|B823:1.0|B824:1.0|B825:1.0,,B52:1.0|B150:1.0|B217:1.0|B839:1.0,
G22_10_21,B10:1.0|B103:1.0|B104:1.0|B109:1.0|B111:1.0|B112:1.0|B116:1.0|B12:1.0|B120:1.0|B13:1.0|B130:1.0|B136:1.0|B150:1.0|B166:1.0|B168:1.0|B169:1.0|B17:1.0|B178:1.0|B18:1.0|B184:1.0|B186:1.0|B189:1.0|B19:1.0|B193:1.0|B196:1.0|B198:1.0|B2:1.0|B20:1.0|B200:1.0|B201:1.0|B203:1.0|B207:1.0|B21:1.0|B213:1.0|B215:1.0|B217:1.0|B218:1.0|B222:1.0|B23:1.0|B230:1.0|B232:1.0|B233:1.0|B234:1.0|B235:1.0|B237:1.0|B239:1.0|B241:1.0|B242:1.0|B244:1.0|B245:1.0|B248:1.0|B249:1.0|B26:1.0|B260:1.0|B262:1.0|B27:1.0|B277:1.0|B3:1.0|B30:1.0|B303:1.0|B304:1.0|B308:1.0|B313:1.0|B33:1.0|B345:1.0|B356:1.0|B360:1.0|B362:1.0|B392:1.0|B395:1.0|B4:1.0|B400:1.0|B401:1.0|B409:1.0|B416:1.0|B436:1.0|B440:1.0|B447:1.0|B455:1.0|B459:1.0|B469:1.0|B47:1.0|B49:1.0|B490:1.0|B496:1.0|B5:1.0|B506:1.0|B51:1.0|B516:1.0|B517:1.0|B52:1.0|B520:1.0|B533:1.0|B535:1.0|B536:1.0|B538:1.0|B54:1.0|B541:1.0|B544:1.0|B547:1.0|B555:1.0|B556:1.0|B557:1.0|B563:1.0|B565:0.9|B569:1.0|B571:1.0|B572:1.0|B582:1.0|B587:1.0|B59:1.0|B62:1.0|B64:1.0|B66:1.0|B68:1.0|B7:1.0|B724:1.0|B726:1.0|B727:1.0|B728:1.0|B733:1.0|B77:1.0|B783:1.0|B784:1.0|B787:1.0|B788:1.0|B789:1.0|B790:1.0|B792:1.0|B8:1.0|B809:1.0|B810:1.0|B812:1.0|B813:1.0|B814:1.0|B815:1.0|B816:1.0|B819:1.0|B821:1.0|B822:1.0|B826:1.0|B828:1.0|B830:1.0|B839:1.0|B86:1.0|B87:1.0|B9:1.0|B91:1.0|B97:1.0|B98:1.0,,B49:0.1|B68:0.1|B86:1.0|B91:1.0|B97:1.0|B103:1.0|B104:1.0|B109:1.0|B111:1.0|B112:1.0|B116:1.0|B120:1.0|B130:1.0|B136:1.0|B166:1.0|B168:1.0|B169:1.0|B178:1.0|B184:1.0|B186:1.0|B189:1.0|B193:1.0|B196:1.0|B198:1.0|B200:1.0|B201:1.0|B203:1.0|B207:1.0|B213:1.0|B215:1.0|B218:1.0|B230:1.0|B232:1.0|B233:1.0|B234:1.0|B235:1.0|B241:1.0|B242:1.0|B244:1.0|B245:1.0|B248:1.0|B262:1.0|B277:1.0|B303:1.0|B304:1.0|B308:1.0|B313:1.0|B345:1.0|B356:1.0|B362:1.0|B395:1.0|B400:1.0|B401:1.0|B409:1.0|B416:1.0|B436:1.0|B440:1.0|B447:1.0|B455:1.0|B459:1.0|B469:1.0|B490:1.0|B496:1.0|B516:1.0|B517:1.0|B520:1.0|B547:1.0|B582:1.0|B587:1.0|B728:1.0|B783:1.0|B784:1.0|B787:1.0|B789:1.0|B790:1.0|B792:1.0|B809:1.0|B810:1.0|B812:1.0|B813:1.0|B814:1.0|B815:1.0|B816:1.0|B819:1.0|B821:1.0|B822:1.0|B826:1.0|B828:1.0|B830:1.0,,B16:1.0|B565:0.1,
G23_1_22,B10:1.0|B12:1.0|B13:1.0|B150:1.0|B16:1.0|B17:1.0|B18:1.0|B19:1.0|B2:1.0|B20:1.0|B21:1.0|B217:1.0|B222:1.0|B23:1.0|B237:1.0|B239:1.0|B249:1.0|B26:1.0|B260:1.0|B27:1.0|B3:1.0|B30:1.0|B33:1.0|B360:1.0|B392:1.0|B4:1.0|B47:1.0|B49:0.9|B5:1.0|B506:1.0|B51:1.0|B52:1.0|B533:1.0|B535:1.0|B536:1.0|B538:1.0|B54:1.0|B541:1.0|B544:1.0|B555:1.0|B556:1.0|B557:1.0|B563:1.0|B565:1.0|B569:1.0|B571:1.0|B572:1.0|B59:1.0|B62:1.0|B64:1.0|B66:1.0|B68:0.9|B7:1.0|B724:1.0|B726:1.0|B727:1.0|B733:1.0|B77:1.0|B788:1.0|B8:1.0|B839:1.0|B87:1.0|B9:1.0|B98:1.0,,B87:1.0|B98:1.0|B150:1.0|B217:1.0|B222:1.0|B237:1.0|B239:1.0|B360:1.0|B392:1.0|B506:1.0|B533:1.0|B535:1.0|B536:1.0|B538:1.0|B541:1.0|B544:1.0|B555:1.0|B556:1.0|B557:1.0|B563:1.0|B565:0.2|B571:1.0|B572:1.0|B727:0.1|B788:1.0|B839:1.0,,,
G24_0_23,B10:1.0|B12:1.0|B13:1.0|B16:1.0|B17:1.0|B18:1.0|B19:1.0|B2:1.0|B20:1.0|B21:1.0|B23:1.0|B249:1.0|B26:1.0|B260:1.0|B27:1.0|B3:1.0|B30:1.0|B33:1.0|B4:1.0|B47:1.0|B49:0.9|B5:1.0|B51:1.0|B52:1.0|B54:1.0|B565:0.8|B569:1.0|B59:1.0|B62:1.0|B64:1.0|B66:1.0|B68:0.9|B7:1.0|B724:1.0|B726:1.0|B727:0.9|B733:1.0|B77:1.0|B8:1.0|B9:1.0,,B2:1.0|B3:1.0|B4:1.0|B5:1.0|B7:1.0|B8:1.0|B9:1.0|B10:1.0|B12:1.0|B13:1.0|B16:1.0|B17:1.0|B18:1.0|B19:1.0|B20:1.0|B21:1.0|B27:0.1,,,
XP018668509.1_7719_25,B23:1.0|B260:1.0|B27:1.0|B30:1.0|B33:1.0|B47:1.0|B49:1.0|B662:1.0|B692:1.0|B694:1.0|B723:1.0|B724:1.0|B726:1.0|B862:1.0|B883:1.0,,,,B51:1.0|B52:1.0|B54:1.0|B56:1.0|B59:1.0|B62:1.0|B64:1.0|B66:1.0|B68:1.0|B77:1.0,ATN1|ELN|EMILIN1|FBN1|FBN2|HOXA1|MFAP1|MFAP2|MFAP3|MFAP4|MFAP5|NUFIP2|TFAP2C|VTN
NP001293878.1_6239_26,B23:1.0|B27:1.0|B33:1.0|B47:1.0|B49:1.0|B51:1.0|B52:1.0|B54:1.0|B56:1.0|B59:1.0|B62:1.0|B64:1.0|B66:1.0|B68:1.0|B77:1.0,,,,B30:1.0|B260:1.0|B662:1.0|B692:1.0|B694:1.0|B723:1.0|B724:1.0|B726:1.0|B862:1.0|B883:1.0,ATN1|ELN|EMILIN1|FBN1|FBN2|HOXA1|MFAP1|MFAP2|MFAP3|MFAP4|MFAP5|NUFIP2|TFAP2C|VTN
G27_25_26,B23:1.0|B260:1.0|B27:1.0|B30:1.0|B33:1.0|B47:1.0|B49:1.0|B51:1.0|B52:1.0|B54:1.0|B56:1.0|B59:1.0|B62:1.0|B64:1.0|B66:1.0|B662:1.0|B68:1.0|B692:1.0|B694:1.0|B723:1.0|B724:1.0|B726:1.0|B77:1.0|B862:1.0|B883:1.0,ATN1|ELN|EMILIN1|FBN1|FBN2|HOXA1|MFAP1|MFAP2|MFAP3|MFAP4|MFAP5|NUFIP2|TFAP2C|VTN,B49:0.1|B68:0.1,,B26:1.0|B249:1.0|B565:0.8|B569:1.0|B610:0.8|B643:1.0|B727:0.9|B733:1.0|B769:1.0,
XP031754335.1_8364_28,B23:1.0|B249:1.0|B260:1.0|B27:1.0|B30:1.0|B33:1.0|B47:1.0|B49:1.0|B64:1.0|B654:1.0|B66:1.0|B662:1.0|B663:1.0|B664:1.0|B672:1.0|B673:1.0|B674:1.0|B68:1.0|B726:1.0|B727:1.0|B728:1.0|B730:1.0|B736:1.0|B737:1.0|B739:1.0|B741:1.0|B77:1.0|B795:1.0|B797:1.0,ACAN|ATN1|ELN|EMILIN1|FBN1|FBN2|FN1|HOXA1|HSPG2|MFAP1|MFAP2|MFAP3|MFAP4|MFAP5|NID1|NUFIP2|TFAP2C|VCAN|VTN,,,B26:1.0|B51:1.0|B52:1.0|B54:1.0|B56:1.0|B62:1.0|B565:1.0|B569:1.0|B610:0.9|B679:1.0|B680:1.0|B723:1.0|B724:1.0,
NP571117.2_7955_29,B23:1.0|B249:1.0|B26:1.0|B260:1.0|B27:1.0|B30:1.0|B33:1.0|B47:1.0|B49:1.0|B51:1.0|B52:1.0|B54:1.0|B565:1.0|B569:1.0|B610:1.0|B62:1.0|B64:1.0|B654:1.0|B662:1.0|B663:1.0|B664:1.0|B674:1.0|B677:1.0|B684:1.0|B686:1.0|B730:1.0|B736:1.0|B737:1.0|B77:1.0|B797:1.0,ACAN|ATN1|ELN|EMILIN1|FBN1|FBN2|FN1|GFI1B|HOXA1|HSPG2|MEOX2|MFAP1|MFAP2|MFAP3|MFAP4|MFAP5|NID1|NUFIP2|TFAP2C|VCAN|VTN,,,B56:1.0|B66:1.0|B68:1.0|B672:1.0|B673:1.0|B679:1.0|B680:1.0|B723:1.0|B724:1.0|B726:1.0|B727:1.0|B728:1.0|B795:1.0,CACNA1A|LCE1C|LCE3A
NP989496.1_9031_30,B23:1.0|B249:1.0|B26:1.0|B260:1.0|B27:1.0|B30:1.0|B33:1.0|B47:1.0|B49:1.0|B565:1.0|B569:1.0|B610:1.0|B64:1.0|B654:1.0|B66:1.0|B662:1.0|B663:1.0|B664:1.0|B672:1.0|B674:1.0|B68:1.0|B684:1.0|B685:1.0|B686:1.0|B726:1.0|B727:1.0|B728:1.0|B730:1.0|B736:1.0|B737:1.0|B77:1.0|B795:1.0|B797:1.0,ACAN|ATN1|CACNA1A|ELN|EMILIN1|FBN1|FBN2|FN1|GFI1B|HOXA1|HSPG2|LCE1C|LCE3A|MEOX2|MFAP1|MFAP2|MFAP3|MFAP4|MFAP5|NID1|NUFIP2|TFAP2C|VCAN|VTN,,,B51:1.0|B52:1.0|B54:1.0|B56:1.0|B62:1.0|B673:1.0|B677:1.0|B679:1.0|B680:1.0|B723:1.0|B724:1.0,
NP001091498.1_9913_31,B23:1.0|B249:1.0|B260:1.0|B27:1.0|B30:1.0|B33:1.0|B47:1.0|B49:1.0|B51:1.0|B52:1.0|B54:1.0|B56:1.0|B615:1.0|B653:1.0|B654:1.0|B657:1.0|B662:1.0|B663:1.0|B664:1.0|B672:1.0|B673:1.0|B674:1.0|B677:1.0|B681:1.0|B684:1.0|B685:1.0|B686:1.0|B730:1.0|B737:1.0|B77:1.0,ACAN|ATN1|CACNA1A|ELN|EMILIN1|FBN1|FBN2|FN1|GFI1B|HOXA1|HSPG2|LCE1C|LCE3A|MEOX2|MFAP1|MFAP2|MFAP3|MFAP4|MFAP5|NID1|NUFIP2|TFAP2C|VCAN|VTN,,,B62:1.0|B64:1.0|B66:0.9|B68:1.0|B679:1.0|B680:1.0|B723:1.0|B724:1.0|B726:1.0|B727:1.0|B728:1.0,ARMS2|CREB5|FBLN1|FBLN5|IGFL3|ITM2B|PRNP|ST14|ZFP41|ZNF444|ZNF764
NP006477.3_9606_32,B23:1.0|B249:1.0|B260:1.0|B27:1.0|B30:1.0|B33:1.0|B47:1.0|B49:1.0|B51:1.0|B52:1.0|B54:1.0|B56:1.0|B62:1.0|B64:1.0|B653:1.0|B654:1.0|B657:1.0|B66:1.0|B662:1.0|B663:1.0|B664:1.0|B672:1.0|B673:1.0|B674:1.0|B677:1.0|B679:1.0|B68:1.0|B680:1.0|B681:1.0|B684:1.0|B685:1.0|B686:1.0,ACAN|ADAMTSL4|ARMS2|ATN1|CACNA1A|CAVIN1|CREB5|CXCL5|DDIAS|ECM1|ELN|EMILIN1|FBLN1|FBLN5|FBN1|FBN2|FN1|FXR1|GFI1B|HOXA1|HSPG2|HTRA1|IGFL3|ITM2B|KRTAP111|KRTAP192|LCE1A|LCE1C|LCE3A|LINGO1|LTBP4|MEOX2|MFAP1|MFAP2|MFAP3|MFAP4|MFAP5|MRPL12|NID1|NLGN3|NUFIP2|OCLN|PLSCR1|PLSCR4|PRNP|ST14|TFAP2C|TIMP3|TRIM42|VCAN|VTN|ZFP41|ZNF444|ZNF764,B49:0.2,ADAMTSL4|CAVIN1|CXCL5|DDIAS|ECM1|FXR1|HTRA1|KRTAP111|KRTAP192|LCE1A|LINGO1|LTBP4|MRPL12|NLGN3|OCLN|PLSCR1|PLSCR4|TIMP3|TRIM42,B77:1.0|B615:1.0|B720:1.0|B722:1.0|B723:1.0|B724:1.0|B726:1.0|B727:1.0|B728:1.0|B730:1.0|B737:1.0,
NP034310.2_10090_33,B249:1.0|B260:1.0|B27:1.0|B30:1.0|B33:1.0|B615:1.0|B64:1.0|B653:1.0|B654:1.0|B657:1.0|B66:1.0|B662:1.0|B663:1.0|B664:1.0|B672:1.0|B68:1.0|B681:1.0|B684:1.0|B685:1.0|B686:1.0|B720:1.0|B722:1.0|B723:1.0|B724:1.0|B726:1.0|B727:1.0|B728:1.0|B730:1.0|B737:1.0|B77:1.0,ACAN|ATN1|CACNA1A|ELN|EMILIN1|FBN1|FBN2|FN1|GFI1B|HOXA1|HSPG2|LCE1C|LCE3A|MEOX2|MFAP1|MFAP2|MFAP3|MFAP4|MFAP5|NID1|NUFIP2|TFAP2C|VCAN|VTN,,,B23:1.0|B47:1.0|B49:0.8|B51:1.0|B52:1.0|B54:1.0|B56:1.0|B62:1.0|B673:1.0|B674:1.0|B677:1.0|B679:1.0|B680:1.0,ARMS2|CREB5|FBLN1|FBLN5|IGFL3|ITM2B|PRNP|ST14|ZFP41|ZNF444|ZNF764
G34_32_33,B23:1.0|B249:1.0|B260:1.0|B27:1.0|B30:1.0|B33:1.0|B47:1.0|B49:0.8|B51:1.0|B52:1.0|B54:1.0|B56:1.0|B615:1.0|B62:1.0|B64:1.0|B653:1.0|B654:1.0|B657:1.0|B66:1.0|B662:1.0|B663:1.0|B664:1.0|B672:1.0|B673:1.0|B674:1.0|B677:1.0|B679:1.0|B68:1.0|B680:1.0|B681:1.0|B684:1.0|B685:1.0|B686:1.0|B720:1.0|B722:1.0|B723:1.0|B724:1.0|B726:1.0|B727:1.0|B728:1.0|B730:1.0|B737:1.0|B77:1.0,ACAN|ARMS2|ATN1|CACNA1A|CREB5|ELN|EMILIN1|FBLN1|FBLN5|FBN1|FBN2|FN1|GFI1B|HOXA1|HSPG2|IGFL3|ITM2B|LCE1C|LCE3A|MEOX2|MFAP1|MFAP2|MFAP3|MFAP4|MFAP5|NID1|NUFIP2|PRNP|ST14|TFAP2C|VCAN|VTN|ZFP41|ZNF444|ZNF764,B66:0.1|B720:1.0|B722:1.0,,B49:0.2,
G35_31_34,B23:1.0|B249:1.0|B260:1.0|B27:1.0|B30:1.0|B33:1.0|B47:1.0|B49:1.0|B51:1.0|B52:1.0|B54:1.0|B56:1.0|B615:1.0|B62:1.0|B64:1.0|B653:1.0|B654:1.0|B657:1.0|B66:0.9|B662:1.0|B663:1.0|B664:1.0|B672:1.0|B673:1.0|B674:1.0|B677:1.0|B679:1.0|B68:1.0|B680:1.0|B681:1.0|B684:1.0|B685:1.0|B686:1.0|B723:1.0|B724:1.0|B726:1.0|B727:1.0|B728:1.0|B730:1.0|B737:1.0|B77:1.0,ACAN|ARMS2|ATN1|CACNA1A|CREB5|ELN|EMILIN1|FBLN1|FBLN5|FBN1|FBN2|FN1|GFI1B|HOXA1|HSPG2|IGFL3|ITM2B|LCE1C|LCE3A|MEOX2|MFAP1|MFAP2|MFAP3|MFAP4|MFAP5|NID1|NUFIP2|PRNP|ST14|TFAP2C|VCAN|VTN|ZFP41|ZNF444|ZNF764,B615:1.0|B653:1.0|B657:1.0|B681:1.0,ARMS2|CREB5|FBLN1|FBLN5|IGFL3|ITM2B|PRNP|ST14|ZFP41|ZNF444|ZNF764,B26:1.0|B66:0.1|B565:1.0|B569:1.0|B610:1.0|B736:1.0|B795:1.0|B797:1.0,
G36_30_35,B23:1.0|B249:1.0|B26:1.0|B260:1.0|B27:1.0|B30:1.0|B33:1.0|B47:1.0|B49:1.0|B51:1.0|B52:1.0|B54:1.0|B56:1.0|B565:1.0|B569:1.0|B610:1.0|B62:1.0|B64:1.0|B654:1.0|B66:1.0|B662:1.0|B663:1.0|B664:1.0|B672:1.0|B673:1.0|B674:1.0|B677:1.0|B679:1.0|B68:1.0|B680:1.0|B684:1.0|B685:1.0|B686:1.0|B723:1.0|B724:1.0|B726:1.0|B727:1.0|B728:1.0|B730:1.0|B736:1.0|B737:1.0|B77:1.0|B795:1.0|B797:1.0,ACAN|ATN1|CACNA1A|ELN|EMILIN1|FBN1|FBN2|FN1|GFI1B|HOXA1|HSPG2|LCE1C|LCE3A|MEOX2|MFAP1|MFAP2|MFAP3|MFAP4|MFAP5|NID1|NUFIP2|TFAP2C|VCAN|VTN,B685:1.0,,,
G37_29_36,B23:1.0|B249:1.0|B26:1.0|B260:1.0|B27:1.0|B30:1.0|B33:1.0|B47:1.0|B49:1.0|B51:1.0|B52:1.0|B54:1.0|B56:1.0|B565:1.0|B569:1.0|B610:1.0|B62:1.0|B64:1.0|B654:1.0|B66:1.0|B662:1.0|B663:1.0|B664:1.0|B672:1.0|B673:1.0|B674:1.0|B677:1.0|B679:1.0|B68:1.0|B680:1.0|B684:1.0|B686:1.0|B723:1.0|B724:1.0|B726:1.0|B727:1.0|B728:1.0|B730:1.0|B736:1.0|B737:1.0|B77:1.0|B795:1.0|B797:1.0,ACAN|ATN1|CACNA1A|ELN|EMILIN1|FBN1|FBN2|FN1|GFI1B|HOXA1|HSPG2|LCE1C|LCE3A|MEOX2|MFAP1|MFAP2|MFAP3|MFAP4|MFAP5|NID1|NUFIP2|TFAP2C|VCAN|VTN,B610:0.1|B677:1.0|B684:1.0|B686:1.0,CACNA1A|GFI1B|LCE1C|LCE3A|MEOX2,B739:1.0|B741:1.0,
G38_28_37,B23:1.0|B249:1.0|B26:1.0|B260:1.0|B27:1.0|B30:1.0|B33:1.0|B47:1.0|B49:1.0|B51:1.0|B52:1.0|B54:1.0|B56:1.0|B565:1.0|B569:1.0|B610:0.9|B62:1.0|B64:1.0|B654:1.0|B66:1.0|B662:1.0|B663:1.0|B664:1.0|B672:1.0|B673:1.0|B674:1.0|B679:1.0|B68:1.0|B680:1.0|B723:1.0|B724:1.0|B726:1.0|B727:1.0|B728:1.0|B730:1.0|B736:1.0|B737:1.0|B739:1.0|B741:1.0|B77:1.0|B795:1.0|B797:1.0,ACAN|ATN1|ELN|EMILIN1|FBN1|FBN2|FN1|HOXA1|HSPG2|MFAP1|MFAP2|MFAP3|MFAP4|MFAP5|NID1|NUFIP2|TFAP2C|VCAN|VTN,B654:1.0|B664:1.0|B672:1.0|B673:1.0|B795:1.0|B797:1.0,,B643:1.0|B692:1.0|B694:1.0|B733:1.0|B769:1.0|B862:1.0,
XP001341277.2_7955_39,B241:1.0|B244:1.0|B249:1.0|B260:1.0|B27:1.0|B30:1.0|B33:1.0|B662:1.0|B663:1.0|B691:1.0|B692:1.0|B693:1.0|B694:1.0|B695:1.0|B707:1.0|B711:1.0|B733:1.0|B736:1.0|B737:1.0|B739:1.0|B741:1.0|B742:1.0|B769:1.0|B77:1.0|B848:1.0|B849:1.0|B850:1.0,ACAN|ATN1|ELN|EMILIN1|FBN1|FBN2|FN1|HOXA1|HSPG2|MFAP1|MFAP2|MFAP3|MFAP4|MFAP5|NID1|NUFIP2|TFAP2C|VCAN|VTN,,,B23:1.0|B26:1.0|B47:1.0|B49:1.0|B51:1.0|B62:1.0|B64:1.0|B66:1.0|B68:0.9|B565:1.0|B569:1.0|B610:1.0|B617:1.0|B643:1.0|B644:1.0|B674:1.0|B679:1.0|B680:1.0|B723:1.0|B724:1.0|B726:1.0|B727:1.0|B728:1.0|B730:1.0|B862:1.0,
XP017949170.2_8364_40,B249:1.0|B26:1.0|B260:1.0|B27:1.0|B30:1.0|B33:1.0|B47:1.0|B49:1.0|B51:1.0|B565:1.0|B569:1.0|B610:1.0|B62:1.0|B64:1.0|B66:1.0|B662:1.0|B663:1.0|B679:1.0|B68:1.0|B680:1.0|B691:1.0|B692:1.0|B693:1.0|B694:1.0|B695:1.0|B706:1.0|B707:1.0|B708:1.0|B710:1.0|B711:1.0|B712:1.0|B737:1.0|B739:1.0|B741:1.0|B742:1.0|B77:1.0|B862:1.0,ACAN|ATN1|ELN|EMILIN1|FBN1|FBN2|FN1|HOXA1|HSPG2|MFAP1|MFAP2|MFAP3|MFAP4|MFAP5|NID1|NUFIP2|TFAP2C|VCAN|VTN,,,B23:1.0|B241:1.0|B244:1.0|B617:1.0|B643:1.0|B644:1.0|B674:1.0|B723:1.0|B724:1.0|B726:1.0|B727:1.0|B728:1.0|B730:1.0|B733:1.0|B736:1.0|B769:1.0|B848:1.0|B849:1.0|B850:1.0,
XP015148926.2_9031_41,B23:1.0|B249:1.0|B26:1.0|B260:1.0|B27:1.0|B30:1.0|B33:1.0|B47:1.0|B49:1.0|B565:1.0|B569:1.0|B610:1.0|B64:1.0|B66:1.0|B662:1.0|B663:1.0|B674:1.0|B68:1.0|B691:1.0|B692:1.0|B693:1.0|B694:1.0|B695:1.0|B697:1.0|B706:1.0|B707:1.0|B708:1.0|B710:1.0|B711:1.0|B712:1.0|B713:1.0|B715:1.0|B726:1.0|B727:1.0|B728:1.0|B730:1.0|B733:1.0|B736:1.0|B737:1.0|B739:1.0|B741:1.0|B742:1.0|B77:1.0,ACAN|ATN1|ELN|EMILIN1|FBN1|FBN2|FN1|HOXA1|HSPG2|MFAP1|MFAP2|MFAP3|MFAP4|MFAP5|NID1|NUFIP2|TFAP2C|VCAN|VTN,B68:0.1|B610:0.1,,B62:1.0|B241:1.0|B244:1.0|B617:1.0|B643:1.0|B644:1.0|B680:1.0|B723:1.0|B724:1.0|B769:1.0|B848:1.0|B849:1.0|B850:1.0,OTX1
XP002697177.1_9913_42,B241:1.0|B244:1.0|B249:1.0|B260:1.0|B27:1.0|B30:1.0|B33:1.0|B615:1.0|B617:1.0|B662:1.0|B663:1.0|B687:1.0|B691:1.0|B692:1.0|B693:1.0|B694:1.0|B695:1.0|B697:1.0|B701:1.0|B703:1.0|B705:1.0|B706:1.0|B707:1.0|B708:1.0|B710:1.0|B711:1.0|B712:1.0|B713:1.0|B714:1.0|B715:1.0|B737:1.0|B739:1.0|B741:1.0|B742:1.0|B769:1.0|B77:1.0|B848:1.0|B849:1.0|B850:1.0|B880:1.0,ACAN|ATN1|ELN|EMILIN1|FBN1|FBN2|FN1|HOXA1|HSD3B7|HSPG2|LCE3D|MFAP1|MFAP2|MFAP3|MFAP4|MFAP5|NID1|NUFIP2|OTX1|TFAP2C|VCAN|VTN,,,B62:1.0|B64:0.9|B66:0.9|B643:1.0|B644:1.0|B680:1.0|B723:1.0|B724:1.0|B726:1.0|B727:1.0|B728:1.0|B730:1.0|B733:1.0|B736:1.0,LAMA5
NP001004019.1_9606_43,B249:1.0|B260:1.0|B27:1.0|B30:1.0|B33:1.0|B62:1.0|B64:1.0|B643:1.0|B644:1.0|B66:1.0|B662:1.0|B663:1.0|B680:1.0|B687:1.0|B691:1.0|B692:1.0|B693:1.0|B694:1.0|B695:1.0|B697:1.0|B700:1.0|B701:1.0|B703:1.0|B705:1.0|B706:1.0|B707:1.0|B708:1.0|B710:1.0|B711:1.0|B712:1.0|B713:1.0|B714:1.0|B715:1.0|B717:1.0|B718:1.0|B719:1.0|B720:1.0|B721:1.0|B722:1.0|B723:1.0|B724:1.0|B726:1.0|B727:1.0|B728:1.0|B730:1.0|B733:1.0|B736:1.0|B737:1.0|B739:1.0|B741:1.0|B742:1.0|B77:1.0,ACAN|ATN1|COL8A1|ELN|EMILIN1|FBN1|FBN2|FBXW5|FN1|HOXA1|HSD3B7|HSPG2|LAMA5|LCE3D|MFAP1|MFAP2|MFAP3|MFAP4|MFAP5|NID1|NUFIP2|OTX1|TFAP2C|VCAN|VTN|ZNF408,,COL8A1|FBXW5|ZNF408,B615:1.0|B617:1.0|B880:1.0,
NP032018.2_10090_44,B260:1.0|B27:1.0|B30:1.0|B33:1.0|B615:1.0|B617:1.0|B62:1.0|B64:1.0|B643:1.0|B644:1.0|B66:1.0|B662:1.0|B663:1.0|B680:1.0|B691:1.0|B692:1.0|B693:1.0|B694:1.0|B695:1.0|B697:1.0|B700:1.0|B701:1.0|B705:1.0|B706:1.0|B707:1.0|B708:1.0|B710:1.0|B711:1.0|B712:1.0|B713:1.0|B714:1.0|B715:1.0|B717:1.0|B718:1.0|B719:1.0|B720:1.0|B721:1.0|B722:1.0|B723:1.0|B724:1.0|B726:1.0|B727:1.0|B728:1.0|B730:1.0|B736:1.0|B737:1.0|B739:1.0|B741:1.0|B742:1.0|B77:1.0|B880:1.0,ACAN|ATN1|ELN|EMILIN1|FBN1|FBN2|FN1|HOXA1|HSD3B7|HSPG2|LCE3D|MFAP1|MFAP2|MFAP3|MFAP4|MFAP5|NID1|NUFIP2|OTX1|TFAP2C|VCAN|VTN,,,B249:1.0|B687:1.0|B703:1.0|B733:1.0,LAMA5
G45_43_44,B249:1.0|B260:1.0|B27:1.0|B30:1.0|B33:1.0|B615:1.0|B617:1.0|B62:1.0|B64:1.0|B643:1.0|B644:1.0|B66:1.0|B662:1.0|B663:1.0|B680:1.0|B687:1.0|B691:1.0|B692:1.0|B693:1.0|B694:1.0|B695:1.0|B697:1.0|B700:1.0|B701:1.0|B703:1.0|B705:1.0|B706:1.0|B707:1.0|B708:1.0|B710:1.0|B711:1.0|B712:1.0|B713:1.0|B714:1.0|B715:1.0|B717:1.0|B718:1.0|B719:1.0|B720:1.0|B721:1.0|B722:1.0|B723:1.0|B724:1.0|B726:1.0|B727:1.0|B728:1.0|B730:1.0|B733:1.0|B736:1.0|B737:1.0|B739:1.0|B741:1.0|B742:1.0|B77:1.0|B880:1.0,ACAN|ATN1|ELN|EMILIN1|FBN1|FBN2|FN1|HOXA1|HSD3B7|HSPG2|LAMA5|LCE3D|MFAP1|MFAP2|MFAP3|MFAP4|MFAP5|NID1|NUFIP2|OTX1|TFAP2C|VCAN|VTN,B64:0.1|B66:0.1|B700:1.0|B717:1.0|B718:1.0|B719:1.0|B720:1.0|B721:1.0|B722:1.0,,B241:1.0|B244:1.0|B769:1.0|B848:1.0|B849:1.0|B850:1.0,
G46_42_45,B241:1.0|B244:1.0|B249:1.0|B260:1.0|B27:1.0|B30:1.0|B33:1.0|B615:1.0|B617:1.0|B62:1.0|B64:0.9|B643:1.0|B644:1.0|B66:0.9|B662:1.0|B663:1.0|B680:1.0|B687:1.0|B691:1.0|B692:1.0|B693:1.0|B694:1.0|B695:1.0|B697:1.0|B701:1.0|B703:1.0|B705:1.0|B706:1.0|B707:1.0|B708:1.0|B710:1.0|B711:1.0|B712:1.0|B713:1.0|B714:1.0|B715:1.0|B723:1.0|B724:1.0|B726:1.0|B727:1.0|B728:1.0|B730:1.0|B733:1.0|B736:1.0|B737:1.0|B739:1.0|B741:1.0|B742:1.0|B769:1.0|B77:1.0|B848:1.0|B849:1.0|B850:1.0|B880:1.0,ACAN|ATN1|ELN|EMILIN1|FBN1|FBN2|FN1|HOXA1|HSD3B7|HSPG2|LAMA5|LCE3D|MFAP1|MFAP2|MFAP3|MFAP4|MFAP5|NID1|NUFIP2|OTX1|TFAP2C|VCAN|VTN,B615:1.0|B687:1.0|B701:1.0|B703:1.0|B705:1.0|B714:1.0|B880:1.0,HSD3B7|LAMA5|LCE3D,B23:1.0|B26:1.0|B47:1.0|B49:1.0|B64:0.1|B66:0.1|B68:0.9|B565:1.0|B569:1.0|B610:0.9|B674:1.0,
G47_41_46,B23:1.0|B241:1.0|B244:1.0|B249:1.0|B26:1.0|B260:1.0|B27:1.0|B30:1.0|B33:1.0|B47:1.0|B49:1.0|B565:1.0|B569:1.0|B610:0.9|B617:1.0|B62:1.0|B64:1.0|B643:1.0|B644:1.0|B66:1.0|B662:1.0|B663:1.0|B674:1.0|B68:0.9|B680:1.0|B691:1.0|B692:1.0|B693:1.0|B694:1.0|B695:1.0|B697:1.0|B706:1.0|B707:1.0|B708:1.0|B710:1.0|B711:1.0|B712:1.0|B713:1.0|B715:1.0|B723:1.0|B724:1.0|B726:1.0|B727:1.0|B728:1.0|B730:1.0|B733:1.0|B736:1.0|B737:1.0|B739:1.0|B741:1.0|B742:1.0|B769:1.0|B77:1.0|B848:1.0|B849:1.0|B850:1.0,ACAN|ATN1|ELN|EMILIN1|FBN1|FBN2|FN1|HOXA1|HSPG2|MFAP1|MFAP2|MFAP3|MFAP4|MFAP5|NID1|NUFIP2|OTX1|TFAP2C|VCAN|VTN,B697:1.0|B713:1.0|B715:1.0,OTX1,B51:1.0|B68:0.1|B610:0.1|B679:1.0|B862:1.0,
G48_40_47,B23:1.0|B241:1.0|B244:1.0|B249:1.0|B26:1.0|B260:1.0|B27:1.0|B30:1.0|B33:1.0|B47:1.0|B49:1.0|B51:1.0|B565:1.0|B569:1.0|B610:1.0|B617:1.0|B62:1.0|B64:1.0|B643:1.0|B644:1.0|B66:1.0|B662:1.0|B663:1.0|B674:1.0|B679:1.0|B68:1.0|B680:1.0|B691:1.0|B692:1.0|B693:1.0|B694:1.0|B695:1.0|B706:1.0|B707:1.0|B708:1.0|B710:1.0|B711:1.0|B712:1.0|B723:1.0|B724:1.0|B726:1.0|B727:1.0|B728:1.0|B730:1.0|B733:1.0|B736:1.0|B737:1.0|B739:1.0|B741:1.0|B742:1.0|B769:1.0|B77:1.0|B848:1.0|B849:1.0|B850:1.0|B862:1.0,ACAN|ATN1|ELN|EMILIN1|FBN1|FBN2|FN1|HOXA1|HSPG2|MFAP1|MFAP2|MFAP3|MFAP4|MFAP5|NID1|NUFIP2|TFAP2C|VCAN|VTN,B68:0.1|B706:1.0|B708:1.0|B710:1.0|B712:1.0,,,
G49_39_48,B23:1.0|B241:1.0|B244:1.0|B249:1.0|B26:1.0|B260:1.0|B27:1.0|B30:1.0|B33:1.0|B47:1.0|B49:1.0|B51:1.0|B565:1.0|B569:1.0|B610:1.0|B617:1.0|B62:1.0|B64:1.0|B643:1.0|B644:1.0|B66:1.0|B662:1.0|B663:1.0|B674:1.0|B679:1.0|B68:0.9|B680:1.0|B691:1.0|B692:1.0|B693:1.0|B694:1.0|B695:1.0|B707:1.0|B711:1.0|B723:1.0|B724:1.0|B726:1.0|B727:1.0|B728:1.0|B730:1.0|B733:1.0|B736:1.0|B737:1.0|B739:1.0|B741:1.0|B742:1.0|B769:1.0|B77:1.0|B848:1.0|B849:1.0|B850:1.0|B862:1.0,ACAN|ATN1|ELN|EMILIN1|FBN1|FBN2|FN1|HOXA1|HSPG2|MFAP1|MFAP2|MFAP3|MFAP4|MFAP5|NID1|NUFIP2|TFAP2C|VCAN|VTN,B241:1.0|B244:1.0|B610:0.1|B617:1.0|B644:1.0|B691:1.0|B693:1.0|B695:1.0|B707:1.0|B711:1.0|B742:1.0|B848:1.0|B849:1.0|B850:1.0,,B52:1.0|B54:1.0|B56:1.0|B68:0.1,
G50_38_49,B23:1.0|B249:1.0|B26:1.0|B260:1.0|B27:1.0|B30:1.0|B33:1.0|B47:1.0|B49:1.0|B51:1.0|B52:1.0|B54:1.0|B56:1.0|B565:1.0|B569:1.0|B610:0.9|B62:1.0|B64:1.0|B643:1.0|B66:1.0|B662:1.0|B663:1.0|B674:1.0|B679:1.0|B68:1.0|B680:1.0|B692:1.0|B694:1.0|B723:1.0|B724:1.0|B726:1.0|B727:1.0|B728:1.0|B730:1.0|B733:1.0|B736:1.0|B737:1.0|B739:1.0|B741:1.0|B769:1.0|B77:1.0|B862:1.0,ACAN|ATN1|ELN|EMILIN1|FBN1|FBN2|FN1|HOXA1|HSPG2|MFAP1|MFAP2|MFAP3|MFAP4|MFAP5|NID1|NUFIP2|TFAP2C|VCAN|VTN,B49:0.1|B68:0.1|B565:0.2|B610:0.1|B663:1.0|B674:1.0|B679:1.0|B680:1.0|B727:0.1|B728:1.0|B730:1.0|B736:1.0|B737:1.0|B739:1.0|B741:1.0,ACAN|FN1|HSPG2|NID1|VCAN,B59:1.0|B883:1.0,
G51_27_50,B23:1.0|B249:1.0|B26:1.0|B260:1.0|B27:1.0|B30:1.0|B33:1.0|B47:1.0|B49:0.9|B51:1.0|B52:1.0|B54:1.0|B56:1.0|B565:0.8|B569:1.0|B59:1.0|B610:0.8|B62:1.0|B64:1.0|B643:1.0|B66:1.0|B662:1.0|B68:0.9|B692:1.0|B694:1.0|B723:1.0|B724:1.0|B726:1.0|B727:0.9|B733:1.0|B769:1.0|B77:1.0|B862:1.0|B883:1.0,ATN1|ELN|EMILIN1|FBN1|FBN2|HOXA1|MFAP1|MFAP2|MFAP3|MFAP4|MFAP5|NUFIP2|TFAP2C|VTN,B662:1.0|B692:1.0|B694:1.0|B723:1.0|B862:1.0,,,
XP002125565.2_7719_52,B27:1.0|B33:1.0|B62:1.0|B64:1.0|B769:1.0|B882:1.0,,,,B23:1.0|B26:1.0|B30:1.0|B47:1.0|B49:0.9|B51:1.0|B54:1.0|B56:1.0|B66:1.0|B68:0.9|B77:1.0|B249:0.9|B260:1.0|B565:0.8|B610:0.8|B643:1.0|B883:1.0,ATN1|ELN|EMILIN1|FBN1|FBN2|HOXA1|MFAP1|MFAP2|MFAP3|MFAP4|MFAP5|NUFIP2|TFAP2C|VTN
XP002119967.2_7719_53,B260:1.0|B27:1.0|B30:1.0|B33:1.0|B759:1.0,,,,B47:1.0|B77:1.0|B610:0.8|B625:0.4|B769:1.0,
XP040501945.1_9031_54,B27:1.0|B33:1.0|B47:1.0|B610:1.0|B625:1.0|B749:1.0|B758:1.0|B759:1.0|B760:1.0|B769:1.0|B77:1.0|B771:1.0|B773:1.0|B776:1.0|B800:1.0|B801:1.0|B804:1.0|B806:1.0|B808:1.0,,,,B260:1.0|B853:1.0,
XP031756690.1_8364_55,B260:1.0|B27:1.0|B33:1.0|B47:1.0|B610:1.0|B758:1.0|B759:1.0|B77:1.0|B771:1.0|B773:1.0|B804:1.0|B808:1.0|B853:1.0,,,,B625:1.0|B749:1.0|B760:1.0|B769:1.0|B776:1.0|B800:1.0|B801:1.0|B806:1.0,
G56_54_55,B260:1.0|B27:1.0|B33:1.0|B47:1.0|B610:1.0|B625:1.0|B749:1.0|B758:1.0|B759:1.0|B760:1.0|B769:1.0|B77:1.0|B771:1.0|B773:1.0|B776:1.0|B800:1.0|B801:1.0|B804:1.0|B806:1.0|B808:1.0|B853:1.0,,B808:1.0,,B756:1.0|B763:1.0,
XP002665476.3_7955_57,B27:1.0|B33:1.0|B47:1.0|B610:1.0|B625:1.0|B756:1.0|B758:1.0|B759:1.0|B760:1.0|B769:1.0|B77:1.0|B771:1.0|B773:1.0|B776:1.0|B800:1.0|B801:1.0|B804:1.0|B806:1.0|B853:1.0|B854:1.0|B855:1.0,,,,B763:1.0,
XP017209808.2_7955_58,B27:1.0|B33:1.0|B47:1.0|B610:1.0|B758:1.0|B759:1.0|B763:1.0|B769:1.0|B77:1.0|B771:1.0|B773:1.0|B804:1.0|B806:1.0|B854:1.0|B855:1.0,,,,B625:1.0|B756:1.0|B760:1.0|B776:1.0|B800:1.0|B801:1.0|B853:1.0,
G59_57_58,B27:1.0|B33:1.0|B47:1.0|B610:1.0|B625:1.0|B756:1.0|B758:1.0|B759:1.0|B760:1.0|B763:1.0|B769:1.0|B77:1.0|B771:1.0|B773:1.0|B776:1.0|B800:1.0|B801:1.0|B804:1.0|B806:1.0|B853:1.0|B854:1.0|B855:1.0,,B854:1.0|B855:1.0,,B260:1.0|B749:1.0,
G60_56_59,B260:1.0|B27:1.0|B33:1.0|B47:1.0|B610:1.0|B625:1.0|B749:1.0|B756:1.0|B758:1.0|B759:1.0|B760:1.0|B763:1.0|B769:1.0|B77:1.0|B771:1.0|B773:1.0|B776:1.0|B800:1.0|B801:1.0|B804:1.0|B806:1.0|B853:1.0,,B800:1.0|B801:1.0|B804:1.0|B806:1.0|B853:1.0,,B30:1.0,
XP001918972.3_7955_61,B27:1.0|B33:1.0|B47:1.0|B610:1.0|B625:1.0|B749:1.0|B751:1.0|B752:1.0|B756:1.0|B758:1.0|B759:1.0|B760:1.0|B762:1.0|B763:1.0|B769:1.0|B77:1.0|B771:1.0|B772:1.0|B773:1.0|B776:1.0|B777:1.0|B799:1.0,,,,B30:1.0|B260:1.0,
NP001313425.1_9031_62,B27:1.0|B33:1.0|B47:1.0|B610:1.0|B625:1.0|B749:1.0|B751:1.0|B756:1.0|B758:1.0|B759:1.0|B760:1.0|B762:1.0|B763:1.0|B769:1.0|B77:1.0|B771:1.0|B772:1.0|B773:1.0|B776:1.0|B777:1.0|B799:1.0,,,,B30:1.0|B260:1.0|B752:1.0,
XP002940445.2_8364_63,B260:1.0|B27:1.0|B30:1.0|B33:1.0|B47:1.0|B610:1.0|B625:1.0|B749:1.0|B751:1.0|B752:1.0|B753:1.0|B756:1.0|B758:1.0|B759:1.0|B760:1.0|B762:1.0|B763:1.0|B771:1.0|B772:1.0|B773:1.0|B776:1.0|B777:1.0|B799:1.0,,,,B77:1.0|B769:1.0,
XP002691171.2_9913_64,B260:1.0|B27:1.0|B33:1.0|B47:1.0|B610:1.0|B625:1.0|B745:1.0|B746:1.0|B749:1.0|B751:1.0|B752:1.0|B753:1.0|B756:1.0|B758:1.0|B759:1.0|B760:1.0|B762:1.0|B763:1.0|B77:1.0|B771:1.0|B772:1.0|B773:1.0|B776:1.0|B777:1.0|B799:1.0,,,,B769:1.0,ASPH
XP011508887.1_9606_65,B27:1.0|B33:1.0|B47:1.0|B610:1.0|B625:1.0|B745:1.0|B746:1.0|B749:1.0|B751:1.0|B752:1.0|B753:1.0|B756:1.0|B758:1.0|B759:1.0|B760:1.0|B762:1.0|B763:1.0|B769:1.0|B77:1.0|B771:1.0|B772:1.0|B773:1.0|B776:1.0|B777:1.0,ASPH,,,B799:1.0,
NP077199.2_10090_66,B27:1.0|B33:1.0|B47:1.0|B610:1.0|B625:1.0|B746:1.0|B749:1.0|B751:1.0|B752:1.0|B753:1.0|B756:1.0|B758:1.0|B759:1.0|B760:1.0|B762:1.0|B763:1.0|B769:1.0|B77:1.0|B771:1.0|B772:1.0|B773:1.0|B776:1.0|B777:1.0|B799:1.0,,,,B745:1.0,ASPH
G67_65_66,B27:1.0|B33:1.0|B47:1.0|B610:1.0|B625:1.0|B745:1.0|B746:1.0|B749:1.0|B751:1.0|B752:1.0|B753:1.0|B756:1.0|B758:1.0|B759:1.0|B760:1.0|B762:1.0|B763:1.0|B769:1.0|B77:1.0|B771:1.0|B772:1.0|B773:1.0|B776:1.0|B777:1.0|B799:1.0,ASPH,,,B260:1.0,
G68_64_67,B260:1.0|B27:1.0|B33:1.0|B47:1.0|B610:1.0|B625:1.0|B745:1.0|B746:1.0|B749:1.0|B751:1.0|B752:1.0|B753:1.0|B756:1.0|B758:1.0|B759:1.0|B760:1.0|B762:1.0|B763:1.0|B769:1.0|B77:1.0|B771:1.0|B772:1.0|B773:1.0|B776:1.0|B777:1.0|B799:1.0,ASPH,B745:1.0|B746:1.0,ASPH,B30:1.0,
G69_63_68,B260:1.0|B27:1.0|B30:1.0|B33:1.0|B47:1.0|B610:1.0|B625:1.0|B749:1.0|B751:1.0|B752:1.0|B753:1.0|B756:1.0|B758:1.0|B759:1.0|B760:1.0|B762:1.0|B763:1.0|B769:1.0|B77:1.0|B771:1.0|B772:1.0|B773:1.0|B776:1.0|B777:1.0|B799:1.0,,B753:1.0,,,
G70_62_69,B260:1.0|B27:1.0|B30:1.0|B33:1.0|B47:1.0|B610:1.0|B625:1.0|B749:1.0|B751:1.0|B752:1.0|B756:1.0|B758:1.0|B759:1.0|B760:1.0|B762:1.0|B763:1.0|B769:1.0|B77:1.0|B771:1.0|B772:1.0|B773:1.0|B776:1.0|B777:1.0|B799:1.0,,,,,
G71_61_70,B260:1.0|B27:1.0|B30:1.0|B33:1.0|B47:1.0|B610:1.0|B625:1.0|B749:1.0|B751:1.0|B752:1.0|B756:1.0|B758:1.0|B759:1.0|B760:1.0|B762:1.0|B763:1.0|B769:1.0|B77:1.0|B771:1.0|B772:1.0|B773:1.0|B776:1.0|B777:1.0|B799:1.0,,B751:1.0|B752:1.0|B762:1.0|B772:1.0|B777:1.0|B799:1.0,,,
G72_60_71,B260:1.0|B27:1.0|B30:1.0|B33:1.0|B47:1.0|B610:1.0|B625:1.0|B749:1.0|B756:1.0|B758:1.0|B759:1.0|B760:1.0|B763:1.0|B769:1.0|B77:1.0|B771:1.0|B773:1.0|B776:1.0,,B610:0.2|B625:0.6|B749:1.0|B756:1.0|B758:1.0|B760:1.0|B763:1.0|B771:1.0|B773:1.0|B776:1.0,,,
G73_53_72,B260:1.0|B27:1.0|B30:1.0|B33:1.0|B47:1.0|B610:0.8|B625:0.4|B759:1.0|B769:1.0|B77:1.0,,B759:1.0,,B23:1.0|B26:1.0|B49:0.9|B51:1.0|B54:1.0|B56:1.0|B62:0.9|B64:1.0|B66:1.0|B68:0.9|B249:0.9|B565:0.8|B643:1.0|B882:1.0|B883:1.0,ATN1|ELN|EMILIN1|FBN1|FBN2|HOXA1|MFAP1|MFAP2|MFAP3|MFAP4|MFAP5|NUFIP2|TFAP2C|VTN
XP002128973.1_7719_74,B260:1.0|B27:1.0|B30:1.0|B33:1.0|B49:1.0|B51:1.0|B56:1.0|B62:1.0|B621:1.0|B64:1.0|B642:1.0|B643:1.0|B882:1.0|B883:1.0,,,,B23:1.0|B26:1.0|B47:1.0|B54:1.0|B66:1.0|B68:0.9|B77:1.0|B249:0.9|B565:0.8|B610:0.8|B625:0.4|B769:1.0,ATN1|ELN|EMILIN1|FBN1|FBN2|HOXA1|MFAP1|MFAP2|MFAP3|MFAP4|MFAP5|NUFIP2|TFAP2C|VTN
NP001005979.1_7955_75,B23:1.0|B26:1.0|B27:1.0|B33:1.0|B47:1.0|B49:1.0|B51:1.0|B565:1.0|B595:1.0|B612:1.0|B62:1.0|B621:1.0|B622:1.0|B624:1.0|B625:1.0|B626:1.0|B628:1.0|B64:1.0|B642:1.0|B643:1.0|B644:1.0|B647:1.0|B66:1.0|B68:1.0|B769:1.0|B77:1.0,ATN1|DYRK1A|ELN|EMILIN1|FBN1|FBN2|GFI1B|HOXA1|LTBP1|MEOX2|MFAP1|MFAP2|MFAP3|MFAP4|MFAP5|NUFIP2|OTX1|TFAP2C|TGFB1|VTN,,,B260:1.0|B610:1.0,
NP001025619.1_8364_76,B23:1.0|B26:1.0|B27:1.0|B33:1.0|B47:1.0|B49:1.0|B51:1.0|B565:1.0|B595:1.0|B610:1.0|B612:1.0|B62:1.0|B621:1.0|B622:1.0|B624:1.0|B625:1.0|B626:1.0|B628:1.0|B632:1.0|B634:1.0|B638:1.0|B64:1.0|B642:1.0|B643:1.0|B644:1.0|B647:1.0|B66:1.0|B68:1.0|B769:1.0|B77:1.0,ATN1|DYRK1A|ELN|EMILIN1|FBN1|FBN2|GFI1B|HOXA1|LTBP1|MEOX2|MFAP1|MFAP2|MFAP3|MFAP4|MFAP5|NUFIP2|OTX1|TFAP2C|TGFB1|VTN,,,B260:1.0,
NP001264403.1_9031_77,B23:1.0|B26:1.0|B260:1.0|B27:1.0|B33:1.0|B47:1.0|B49:1.0|B51:1.0|B565:1.0|B595:1.0|B610:1.0|B612:1.0|B62:1.0|B621:1.0|B622:1.0|B624:1.0|B625:1.0|B626:1.0|B628:1.0|B632:1.0|B634:1.0|B635:1.0|B638:1.0|B64:1.0|B642:1.0|B643:1.0|B644:1.0|B647:1.0|B66:1.0|B68:1.0|B77:1.0,ATN1|DYRK1A|ELN|EMILIN1|FBN1|FBN2|GFI1B|HOXA1|LTBP1|MEOX2|MFAP1|MFAP2|MFAP3|MFAP4|MFAP5|NUFIP2|OTX1|TFAP2C|TGFB1|VTN,,,,
XP005222280.1_9913_78,B23:1.0|B26:1.0|B260:1.0|B27:1.0|B33:1.0|B47:1.0|B49:1.0|B51:1.0|B565:1.0|B595:1.0|B610:1.0|B612:1.0|B62:1.0|B621:1.0|B622:1.0|B624:1.0|B625:1.0|B626:1.0|B628:1.0|B632:1.0|B634:1.0|B635:1.0|B638:1.0|B64:1.0|B642:1.0|B643:1.0|B644:1.0|B647:1.0|B66:1.0|B68:1.0|B77:1.0|B878:1.0,ASPH|ATN1|DYRK1A|ELN|EMILIN1|FBN1|FBN2|GFI1B|HOXA1|LTBP1|MEOX2|MFAP1|MFAP2|MFAP3|MFAP4|MFAP5|NUFIP2|OTX1|TFAP2C|TGFB1|VTN,,,,
NP001371087.1_9606_79,B23:1.0|B26:1.0|B260:1.0|B27:1.0|B33:1.0|B47:1.0|B49:1.0|B51:1.0|B565:1.0|B595:1.0|B610:1.0|B612:1.0|B62:1.0|B621:1.0|B622:1.0|B624:1.0|B625:1.0|B626:1.0|B628:1.0|B632:1.0|B634:1.0|B635:1.0|B638:1.0|B64:1.0|B642:1.0|B643:1.0|B644:1.0|B647:1.0|B66:1.0|B68:1.0|B77:1.0,ASPH|ATN1|CREB5|DNAJC10|DYRK1A|EFEMP2|EGFL7|ELN|EMILIN1|FBLN1|FBLN5|FBN1|FBN2|GFI1B|HOXA1|IGFL3|ITM2B|LAMA5|LOX|LOXL1|LTBP1|MAGEA3|MEOX2|MFAP1|MFAP2|MFAP3|MFAP4|MFAP5|NUFIP2|OTX1|PRNP|RECQL4|ST14|TFAP2C|TGFB1|VTN|ZBTB9|ZFP41|ZNF136|ZNF324|ZNF408|ZNF444|ZNF460|ZNF627|ZNF696|ZNF747|ZNF764,,CREB5|DNAJC10|EFEMP2|EGFL7|FBLN1|FBLN5|IGFL3|ITM2B|LAMA5|LOX|LOXL1|MAGEA3|PRNP|RECQL4|ST14|ZBTB9|ZFP41|ZNF136|ZNF324|ZNF408|ZNF444|ZNF460|ZNF627|ZNF696|ZNF747|ZNF764,B878:1.0,
NP001348916.1_10090_80,B23:1.0|B26:1.0|B260:1.0|B27:1.0|B33:1.0|B47:1.0|B49:1.0|B51:1.0|B565:1.0|B595:1.0|B610:1.0|B612:1.0|B62:1.0|B621:1.0|B622:1.0|B624:1.0|B625:1.0|B626:1.0|B628:1.0|B632:1.0|B634:1.0|B635:1.0|B638:1.0|B64:1.0|B642:1.0|B643:1.0|B644:1.0|B647:1.0|B66:1.0|B68:1.0|B77:1.0|B878:1.0,ATN1|DYRK1A|ELN|EMILIN1|FBN1|FBN2|GFI1B|HOXA1|LTBP1|MEOX2|MFAP1|MFAP2|MFAP3|MFAP4|MFAP5|NUFIP2|OTX1|TFAP2C|TGFB1|VTN,,,,ASPH
G81_79_80,B23:1.0|B26:1.0|B260:1.0|B27:1.0|B33:1.0|B47:1.0|B49:1.0|B51:1.0|B565:1.0|B595:1.0|B610:1.0|B612:1.0|B62:1.0|B621:1.0|B622:1.0|B624:1.0|B625:1.0|B626:1.0|B628:1.0|B632:1.0|B634:1.0|B635:1.0|B638:1.0|B64:1.0|B642:1.0|B643:1.0|B644:1.0|B647:1.0|B66:1.0|B68:1.0|B77:1.0|B878:1.0,ASPH|ATN1|DYRK1A|ELN|EMILIN1|FBN1|FBN2|GFI1B|HOXA1|LTBP1|MEOX2|MFAP1|MFAP2|MFAP3|MFAP4|MFAP5|NUFIP2|OTX1|TFAP2C|TGFB1|VTN,,,,
G82_78_81,B23:1.0|B26:1.0|B260:1.0|B27:1.0|B33:1.0|B47:1.0|B49:1.0|B51:1.0|B565:1.0|B595:1.0|B610:1.0|B612:1.0|B62:1.0|B621:1.0|B622:1.0|B624:1.0|B625:1.0|B626:1.0|B628:1.0|B632:1.0|B634:1.0|B635:1.0|B638:1.0|B64:1.0|B642:1.0|B643:1.0|B644:1.0|B647:1.0|B66:1.0|B68:1.0|B77:1.0|B878:1.0,ASPH|ATN1|DYRK1A|ELN|EMILIN1|FBN1|FBN2|GFI1B|HOXA1|LTBP1|MEOX2|MFAP1|MFAP2|MFAP3|MFAP4|MFAP5|NUFIP2|OTX1|TFAP2C|TGFB1|VTN,B878:1.0,ASPH,,
G83_77_82,B23:1.0|B26:1.0|B260:1.0|B27:1.0|B33:1.0|B47:1.0|B49:1.0|B51:1.0|B565:1.0|B595:1.0|B610:1.0|B612:1.0|B62:1.0|B621:1.0|B622:1.0|B624:1.0|B625:1.0|B626:1.0|B628:1.0|B632:1.0|B634:1.0|B635:1.0|B638:1.0|B64:1.0|B642:1.0|B643:1.0|B644:1.0|B647:1.0|B66:1.0|B68:1.0|B77:1.0,ATN1|DYRK1A|ELN|EMILIN1|FBN1|FBN2|GFI1B|HOXA1|LTBP1|MEOX2|MFAP1|MFAP2|MFAP3|MFAP4|MFAP5|NUFIP2|OTX1|TFAP2C|TGFB1|VTN,B635:1.0,,B769:1.0,
G84_76_83,B23:1.0|B26:1.0|B260:1.0|B27:1.0|B33:1.0|B47:1.0|B49:1.0|B51:1.0|B565:1.0|B595:1.0|B610:1.0|B612:1.0|B62:1.0|B621:1.0|B622:1.0|B624:1.0|B625:1.0|B626:1.0|B628:1.0|B632:1.0|B634:1.0|B638:1.0|B64:1.0|B642:1.0|B643:1.0|B644:1.0|B647:1.0|B66:1.0|B68:1.0|B769:1.0|B77:1.0,ATN1|DYRK1A|ELN|EMILIN1|FBN1|FBN2|GFI1B|HOXA1|LTBP1|MEOX2|MFAP1|MFAP2|MFAP3|MFAP4|MFAP5|NUFIP2|OTX1|TFAP2C|TGFB1|VTN,B632:1.0|B634:1.0|B638:1.0,,,
G85_75_84,B23:1.0|B26:1.0|B260:1.0|B27:1.0|B33:1.0|B47:1.0|B49:1.0|B51:1.0|B565:1.0|B595:1.0|B610:1.0|B612:1.0|B62:1.0|B621:1.0|B622:1.0|B624:1.0|B625:1.0|B626:1.0|B628:1.0|B64:1.0|B642:1.0|B643:1.0|B644:1.0|B647:1.0|B66:1.0|B68:1.0|B769:1.0|B77:1.0,ATN1|DYRK1A|ELN|EMILIN1|FBN1|FBN2|GFI1B|HOXA1|LTBP1|MEOX2|MFAP1|MFAP2|MFAP3|MFAP4|MFAP5|NUFIP2|OTX1|TFAP2C|TGFB1|VTN,B647:1.0,,B30:1.0|B54:1.0|B249:0.9,
NP001008587.1_7955_86,B23:1.0|B26:1.0|B260:1.0|B27:1.0|B30:1.0|B33:1.0|B47:1.0|B49:1.0|B51:1.0|B565:1.0|B593:1.0|B595:1.0|B610:1.0|B612:1.0|B62:1.0|B621:1.0|B622:1.0|B624:1.0|B625:1.0|B626:1.0|B628:1.0|B629:1.0|B64:1.0|B642:1.0|B643:1.0|B644:1.0|B66:1.0|B68:1.0|B845:1.0,ATN1|DYRK1A|ELN|EMILIN1|FBN1|FBN2|GFI1B|HOXA1|LTBP1|MEOX2|MFAP1|MFAP2|MFAP3|MFAP4|MFAP5|NUFIP2|OTX1|TFAP2C|TGFB1|VTN,,,,ANAPC11|ATXN7|BAG6|CLPP|CYSRT1|FAM110A|IGFBP6|LCE2C|LTBP3|NOS3|PROP1|RERE|SGTA|SHANK3|ZNF768
NP001153830.1_7955_87,B23:1.0|B26:1.0|B260:1.0|B27:1.0|B30:1.0|B33:1.0|B47:1.0|B49:1.0|B51:1.0|B565:1.0|B593:1.0|B595:1.0|B610:1.0|B612:1.0|B62:1.0|B621:1.0|B622:1.0|B624:1.0|B625:1.0|B626:1.0|B628:1.0|B629:1.0|B64:1.0|B642:1.0|B643:1.0|B644:1.0|B66:1.0|B68:1.0|B845:1.0,ATN1|DYRK1A|ELN|EMILIN1|FBN1|FBN2|GFI1B|HOXA1|LTBP1|MEOX2|MFAP1|MFAP2|MFAP3|MFAP4|MFAP5|NUFIP2|OTX1|TFAP2C|TGFB1|VTN,,,,ANAPC11|ATXN7|BAG6|CLPP|CYSRT1|FAM110A|IGFBP6|LCE2C|LTBP3|NOS3|PROP1|RERE|SGTA|SHANK3|ZNF768
G88_86_87,B23:1.0|B26:1.0|B260:1.0|B27:1.0|B30:1.0|B33:1.0|B47:1.0|B49:1.0|B51:1.0|B565:1.0|B593:1.0|B595:1.0|B610:1.0|B612:1.0|B62:1.0|B621:1.0|B622:1.0|B624:1.0|B625:1.0|B626:1.0|B628:1.0|B629:1.0|B64:1.0|B642:1.0|B643:1.0|B644:1.0|B66:1.0|B68:1.0|B845:1.0,ANAPC11|ATN1|ATXN7|BAG6|CLPP|CYSRT1|DYRK1A|ELN|EMILIN1|FAM110A|FBN1|FBN2|GFI1B|HOXA1|IGFBP6|LCE2C|LTBP1|LTBP3|MEOX2|MFAP1|MFAP2|MFAP3|MFAP4|MFAP5|NOS3|NUFIP2|OTX1|PROP1|RERE|SGTA|SHANK3|TFAP2C|TGFB1|VTN|ZNF768,B845:1.0,,B77:1.0|B249:1.0|B617:1.0,CACNA1A|HSD3B7|LCE1C|LCE3A|LCE3D
XP002939376.2_8364_89,B23:1.0|B249:1.0|B26:1.0|B260:1.0|B27:1.0|B30:1.0|B33:1.0|B47:1.0|B49:1.0|B51:1.0|B565:1.0|B593:1.0|B595:1.0|B610:1.0|B612:1.0|B62:1.0|B621:1.0|B622:1.0|B624:1.0|B625:1.0|B626:1.0|B628:1.0|B629:1.0|B64:1.0|B649:1.0|B652:1.0|B66:1.0|B68:1.0|B77:1.0,ANAPC11|ATN1|ATXN7|BAG6|CLPP|CYSRT1|DYRK1A|ELN|EMILIN1|FAM110A|FBN1|FBN2|GFI1B|HOXA1|IGFBP6|LCE2C|LTBP1|LTBP3|MEOX2|MFAP1|MFAP2|MFAP3|MFAP4|MFAP5|NOS3|NUFIP2|OTX1|PROP1|RERE|SGTA|SHANK3|TFAP2C|TGFB1|VTN|ZNF768,,,B617:1.0|B642:1.0|B643:1.0|B644:1.0,CACNA1A|HSD3B7|LCE1C|LCE3A|LCE3D
NP001157824.1_10090_90,B23:1.0|B249:1.0|B26:1.0|B260:1.0|B27:1.0|B30:1.0|B33:1.0|B47:1.0|B49:1.0|B51:1.0|B565:1.0|B593:1.0|B595:1.0|B610:1.0|B612:1.0|B615:1.0|B617:1.0|B621:1.0|B622:1.0|B624:1.0|B625:1.0|B626:1.0|B628:1.0|B629:1.0|B648:1.0|B649:1.0|B651:1.0|B652:1.0|B77:1.0,ANAPC11|ATN1|ATXN7|BAG6|CACNA1A|CLPP|CYSRT1|DYRK1A|ELN|EMILIN1|FAM110A|FBN1|FBN2|GFI1B|HOXA1|HSD3B7|IGFBP6|LCE1C|LCE2C|LCE3A|LCE3D|LTBP1|LTBP3|MEOX2|MFAP1|MFAP2|MFAP3|MFAP4|MFAP5|NOS3|NUFIP2|OTX1|PROP1|RERE|SGTA|SHANK3|TFAP2C|TGFB1|VTN|ZNF768,,,B62:1.0|B64:0.9|B66:1.0|B68:1.0|B642:1.0|B643:1.0|B644:1.0,CREB5|FBLN5
NP001069517.1_9913_91,B23:1.0|B249:1.0|B26:1.0|B260:1.0|B27:1.0|B30:1.0|B33:1.0|B47:1.0|B49:1.0|B51:1.0|B565:1.0|B593:1.0|B595:1.0|B610:1.0|B612:1.0|B62:1.0|B621:1.0|B622:1.0|B624:1.0|B625:1.0|B626:1.0|B628:1.0|B629:1.0|B64:1.0|B648:1.0|B649:1.0|B651:1.0|B652:1.0|B66:1.0|B68:1.0|B77:1.0,ANAPC11|ATN1|ATXN7|BAG6|CACNA1A|CLPP|CREB5|CYSRT1|DYRK1A|ELN|EMILIN1|FAM110A|FBLN5|FBN1|FBN2|GFI1B|HOXA1|HSD3B7|IGFBP6|LCE1C|LCE2C|LCE3A|LCE3D|LTBP1|LTBP3|MEOX2|MFAP1|MFAP2|MFAP3|MFAP4|MFAP5|NOS3|NUFIP2|OTX1|PROP1|RERE|SGTA|SHANK3|TFAP2C|TGFB1|VTN|ZNF768,,,B642:1.0|B643:1.0|B644:1.0,ADAMTSL4|CAVIN1|COL8A1|CXCL5|EFEMP2|FBXW5|FXR1|KRTAP111|LCE1A|LINGO1|LOX|LOXL1|LTBP4|MRPL12|PLSCR1|PLSCR4|TRIM42
NP058634.4_9606_92,B23:1.0|B26:1.0|B260:1.0|B27:1.0|B30:1.0|B33:1.0|B47:1.0|B49:1.0|B51:1.0|B565:1.0|B593:1.0|B595:1.0|B610:1.0|B612:1.0|B62:1.0|B621:1.0|B622:1.0|B624:1.0|B625:1.0|B626:1.0|B628:1.0|B629:1.0|B64:1.0|B642:1.0|B643:1.0|B644:1.0|B648:1.0|B649:1.0|B651:1.0|B652:1.0|B66:1.0|B68:1.0,ADAMTSL4|ANAPC11|ATN1|ATXN7|BAG6|CACNA1A|CAVIN1|CLPP|COL8A1|CREB5|CXCL5|CYSRT1|DYRK1A|EFEMP2|ELN|EMILIN1|FAM110A|FBLN5|FBN1|FBN2|FBXW5|FXR1|GFI1B|HOXA1|HSD3B7|IGFBP6|KRTAP111|LCE1A|LCE1C|LCE2C|LCE3A|LCE3D|LINGO1|LOX|LOXL1|LTBP1|LTBP3|LTBP4|MEOX2|MFAP1|MFAP2|MFAP3|MFAP4|MFAP5|MRPL12|NOS3|NUFIP2|OTX1|PLSCR1|PLSCR4|PROP1|RERE|SGTA|SHANK3|TFAP2C|TGFB1|TRIM42|VTN|ZNF768,,,B77:1.0|B249:1.0,
G93_91_92,B23:1.0|B249:1.0|B26:1.0|B260:1.0|B27:1.0|B30:1.0|B33:1.0|B47:1.0|B49:1.0|B51:1.0|B565:1.0|B593:1.0|B595:1.0|B610:1.0|B612:1.0|B62:1.0|B621:1.0|B622:1.0|B624:1.0|B625:1.0|B626:1.0|B628:1.0|B629:1.0|B64:1.0|B642:1.0|B643:1.0|B644:1.0|B648:1.0|B649:1.0|B651:1.0|B652:1.0|B66:1.0|B68:1.0|B77:1.0,ADAMTSL4|ANAPC11|ATN1|ATXN7|BAG6|CACNA1A|CAVIN1|CLPP|COL8A1|CREB5|CXCL5|CYSRT1|DYRK1A|EFEMP2|ELN|EMILIN1|FAM110A|FBLN5|FBN1|FBN2|FBXW5|FXR1|GFI1B|HOXA1|HSD3B7|IGFBP6|KRTAP111|LCE1A|LCE1C|LCE2C|LCE3A|LCE3D|LINGO1|LOX|LOXL1|LTBP1|LTBP3|LTBP4|MEOX2|MFAP1|MFAP2|MFAP3|MFAP4|MFAP5|MRPL12|NOS3|NUFIP2|OTX1|PLSCR1|PLSCR4|PROP1|RERE|SGTA|SHANK3|TFAP2C|TGFB1|TRIM42|VTN|ZNF768,B64:0.1,ADAMTSL4|CAVIN1|COL8A1|CXCL5|EFEMP2|FBXW5|FXR1|KRTAP111|LCE1A|LINGO1|LOX|LOXL1|LTBP4|MRPL12|PLSCR1|PLSCR4|TRIM42,B615:1.0|B617:1.0,
G94_90_93,B23:1.0|B249:1.0|B26:1.0|B260:1.0|B27:1.0|B30:1.0|B33:1.0|B47:1.0|B49:1.0|B51:1.0|B565:1.0|B593:1.0|B595:1.0|B610:1.0|B612:1.0|B615:1.0|B617:1.0|B62:1.0|B621:1.0|B622:1.0|B624:1.0|B625:1.0|B626:1.0|B628:1.0|B629:1.0|B64:0.9|B642:1.0|B643:1.0|B644:1.0|B648:1.0|B649:1.0|B651:1.0|B652:1.0|B66:1.0|B68:1.0|B77:1.0,ANAPC11|ATN1|ATXN7|BAG6|CACNA1A|CLPP|CREB5|CYSRT1|DYRK1A|ELN|EMILIN1|FAM110A|FBLN5|FBN1|FBN2|GFI1B|HOXA1|HSD3B7|IGFBP6|LCE1C|LCE2C|LCE3A|LCE3D|LTBP1|LTBP3|MEOX2|MFAP1|MFAP2|MFAP3|MFAP4|MFAP5|NOS3|NUFIP2|OTX1|PROP1|RERE|SGTA|SHANK3|TFAP2C|TGFB1|VTN|ZNF768,B615:1.0|B648:1.0|B651:1.0,CREB5|FBLN5,B64:0.1,
G95_89_94,B23:1.0|B249:1.0|B26:1.0|B260:1.0|B27:1.0|B30:1.0|B33:1.0|B47:1.0|B49:1.0|B51:1.0|B565:1.0|B593:1.0|B595:1.0|B610:1.0|B612:1.0|B617:1.0|B62:1.0|B621:1.0|B622:1.0|B624:1.0|B625:1.0|B626:1.0|B628:1.0|B629:1.0|B64:1.0|B642:1.0|B643:1.0|B644:1.0|B649:1.0|B652:1.0|B66:1.0|B68:1.0|B77:1.0,ANAPC11|ATN1|ATXN7|BAG6|CACNA1A|CLPP|CYSRT1|DYRK1A|ELN|EMILIN1|FAM110A|FBN1|FBN2|GFI1B|HOXA1|HSD3B7|IGFBP6|LCE1C|LCE2C|LCE3A|LCE3D|LTBP1|LTBP3|MEOX2|MFAP1|MFAP2|MFAP3|MFAP4|MFAP5|NOS3|NUFIP2|OTX1|PROP1|RERE|SGTA|SHANK3|TFAP2C|TGFB1|VTN|ZNF768,B649:1.0|B652:1.0,,,
G96_88_95,B23:1.0|B249:1.0|B26:1.0|B260:1.0|B27:1.0|B30:1.0|B33:1.0|B47:1.0|B49:1.0|B51:1.0|B565:1.0|B593:1.0|B595:1.0|B610:1.0|B612:1.0|B617:1.0|B62:1.0|B621:1.0|B622:1.0|B624:1.0|B625:1.0|B626:1.0|B628:1.0|B629:1.0|B64:1.0|B642:1.0|B643:1.0|B644:1.0|B66:1.0|B68:1.0|B77:1.0,ANAPC11|ATN1|ATXN7|BAG6|CACNA1A|CLPP|CYSRT1|DYRK1A|ELN|EMILIN1|FAM110A|FBN1|FBN2|GFI1B|HOXA1|HSD3B7|IGFBP6|LCE1C|LCE2C|LCE3A|LCE3D|LTBP1|LTBP3|MEOX2|MFAP1|MFAP2|MFAP3|MFAP4|MFAP5|NOS3|NUFIP2|OTX1|PROP1|RERE|SGTA|SHANK3|TFAP2C|TGFB1|VTN|ZNF768,,CACNA1A|HSD3B7|LCE1C|LCE3A|LCE3D,B54:1.0,
NP001103991.1_7955_97,B23:1.0|B26:1.0|B260:1.0|B27:1.0|B30:1.0|B33:1.0|B54:1.0|B565:1.0|B595:1.0|B62:1.0|B621:1.0|B622:1.0|B624:1.0|B625:1.0|B626:1.0|B628:1.0|B629:1.0|B64:1.0|B66:1.0|B68:1.0,ATN1|DYRK1A|ELN|EMILIN1|FBN1|FBN2|HOXA1|LTBP1|MFAP1|MFAP2|MFAP3|MFAP4|MFAP5|NUFIP2|TFAP2C|TGFB1|VTN,B66:0.3,,B47:1.0|B49:1.0|B51:1.0|B77:1.0|B244:1.0|B249:1.0|B593:1.0|B610:1.0|B612:1.0|B617:1.0,ANAPC11|ATXN7|BAG6|CLPP|CYSRT1|FAM110A|GFI1B|IGFBP6|LCE2C|LTBP3|MEOX2|NOS3|OTX1|PROP1|RERE|SGTA|SHANK3|ZNF768
XP009305317.1_7955_98,B23:1.0|B244:1.0|B249:1.0|B26:1.0|B260:1.0|B27:1.0|B30:1.0|B33:1.0|B47:1.0|B49:1.0|B51:1.0|B565:1.0|B593:1.0|B595:1.0|B610:1.0|B612:1.0|B617:1.0|B621:1.0|B622:1.0|B624:1.0|B625:1.0|B626:1.0|B628:1.0|B629:1.0|B77:1.0,ATN1|DYRK1A|ELN|EMILIN1|FBN1|FBN2|GFI1B|HOXA1|LTBP1|MEOX2|MFAP1|MFAP2|MFAP3|MFAP4|MFAP5|NUFIP2|OTX1|TFAP2C|TGFB1|VTN,,,B54:1.0|B62:1.0|B64:1.0|B66:0.7|B68:1.0,ANAPC11|ATXN7|BAG6|CLPP|CYSRT1|FAM110A|IGFBP6|LCE2C|LTBP3|NOS3|PROP1|RERE|SGTA|SHANK3|ZNF768
G99_97_98,B23:1.0|B244:1.0|B249:1.0|B26:1.0|B260:1.0|B27:1.0|B30:1.0|B33:1.0|B47:1.0|B49:1.0|B51:1.0|B54:1.0|B565:1.0|B593:1.0|B595:1.0|B610:1.0|B612:1.0|B617:1.0|B62:1.0|B621:1.0|B622:1.0|B624:1.0|B625:1.0|B626:1.0|B628:1.0|B629:1.0|B64:1.0|B66:0.7|B68:1.0|B77:1.0,ANAPC11|ATN1|ATXN7|BAG6|CLPP|CYSRT1|DYRK1A|ELN|EMILIN1|FAM110A|FBN1|FBN2|GFI1B|HOXA1|IGFBP6|LCE2C|LTBP1|LTBP3|MEOX2|MFAP1|MFAP2|MFAP3|MFAP4|MFAP5|NOS3|NUFIP2|OTX1|PROP1|RERE|SGTA|SHANK3|TFAP2C|TGFB1|VTN|ZNF768,,,B66:0.3|B642:1.0|B643:1.0|B644:1.0,CACNA1A|HSD3B7|LCE1C|LCE3A|LCE3D
XP002936872.1_8364_100,B23:1.0|B249:1.0|B26:1.0|B260:1.0|B27:1.0|B30:1.0|B33:1.0|B47:1.0|B49:1.0|B51:1.0|B565:1.0|B593:1.0|B595:1.0|B610:1.0|B612:1.0|B62:1.0|B621:1.0|B622:1.0|B624:1.0|B625:1.0|B626:1.0|B628:1.0|B629:1.0|B64:1.0|B66:1.0|B68:1.0|B77:1.0,ANAPC11|ATN1|ATXN7|BAG6|CLPP|CYSRT1|DYRK1A|ELN|EMILIN1|FAM110A|FBN1|FBN2|GFI1B|HOXA1|IGFBP6|LCE2C|LTBP1|LTBP3|MEOX2|MFAP1|MFAP2|MFAP3|MFAP4|MFAP5|NOS3|NUFIP2|OTX1|PROP1|RERE|SGTA|SHANK3|TFAP2C|TGFB1|VTN|ZNF768,,,B617:1.0|B642:1.0|B643:1.0|B644:1.0,CACNA1A|HSD3B7|LCE1C|LCE3A|LCE3D
XP025004920.1_9031_101,B23:1.0|B26:1.0|B260:1.0|B27:1.0|B30:1.0|B33:1.0|B47:1.0|B49:1.0|B51:1.0|B565:1.0|B593:1.0|B595:1.0|B605:1.0|B610:1.0|B612:1.0|B62:1.0|B621:1.0|B622:1.0|B624:1.0|B625:1.0|B626:1.0|B628:1.0|B629:1.0|B64:1.0|B642:1.0|B643:1.0|B644:1.0|B66:1.0|B68:1.0,ANAPC11|ATN1|ATXN7|BAG6|CACNA1A|CLPP|CYSRT1|DYRK1A|ELN|EMILIN1|FAM110A|FBN1|FBN2|GFI1B|HOXA1|HSD3B7|IGFBP6|LCE1C|LCE2C|LCE3A|LCE3D|LTBP1|LTBP3|MEOX2|MFAP1|MFAP2|MFAP3|MFAP4|MFAP5|NOS3|NUFIP2|OTX1|PROP1|RERE|SGTA|SHANK3|TFAP2C|TGFB1|VTN|ZNF768,,,B77:1.0|B249:1.0|B617:1.0,
NP001075186.1_9913_102,B23:1.0|B249:1.0|B26:1.0|B260:1.0|B27:1.0|B30:1.0|B33:1.0|B47:1.0|B49:1.0|B51:1.0|B565:1.0|B588:1.0|B593:1.0|B595:1.0|B600:1.0|B602:1.0|B604:1.0|B605:1.0|B610:1.0|B612:1.0|B615:1.0|B617:1.0|B621:1.0|B622:1.0|B624:1.0|B625:1.0|B626:1.0|B628:1.0|B629:1.0|B77:1.0,ANAPC11|ATN1|ATXN7|BAG6|CACNA1A|CLPP|CYSRT1|DYRK1A|ELN|EMILIN1|FAM110A|FBN1|FBN2|GFI1B|HOXA1|HSD3B7|IGFBP6|LCE1C|LCE2C|LCE3A|LCE3D|LTBP1|LTBP3|MEOX2|MFAP1|MFAP2|MFAP3|MFAP4|MFAP5|NOS3|NUFIP2|OTX1|PROP1|RERE|SGTA|SHANK3|TFAP2C|TGFB1|VTN|ZNF768,,,B62:1.0|B64:1.0|B66:1.0|B68:1.0|B642:1.0|B643:1.0|B644:1.0,
NP001034437.1_9606_103,B23:1.0|B249:1.0|B26:1.0|B260:1.0|B27:1.0|B30:1.0|B33:1.0|B47:1.0|B49:1.0|B51:1.0|B565:1.0|B588:1.0|B593:1.0|B595:1.0|B600:1.0|B602:1.0|B604:1.0|B605:1.0|B610:1.0|B612:1.0|B615:1.0|B617:1.0|B621:1.0|B622:1.0|B624:1.0|B625:1.0|B626:1.0|B628:1.0|B629:1.0|B77:1.0,ANAPC11|ATN1|ATXN7|BAG6|CACNA1A|CLPP|CYSRT1|DDIAS|DNAJC10|DYRK1A|ECM1|EGFL7|ELN|EMILIN1|FAM110A|FBLN1|FBLN7|FBN1|FBN2|GFI1B|HOXA1|HSD3B7|HSPA5|HTRA1|IGFBP6|KRTAP192|LCE1C|LCE2C|LCE3A|LCE3D|LTBP1|LTBP3|MAGEA3|MEOX2|MFAP1|MFAP2|MFAP3|MFAP4|MFAP5|NLGN3|NOS3|NUFIP2|OCLN|OTX1|PROP1|RERE|SGTA|SHANK3|TFAP2C|TGFB1|TIMP3|VTN|ZBTB9|ZNF136|ZNF324|ZNF408|ZNF444|ZNF460|ZNF627|ZNF696|ZNF747|ZNF768,,DDIAS|DNAJC10|ECM1|EGFL7|FBLN7|HSPA5|HTRA1|KRTAP192|MAGEA3|NLGN3|OCLN|TIMP3|ZBTB9|ZNF136|ZNF324|ZNF460|ZNF627|ZNF696|ZNF747,B62:1.0|B64:1.0|B66:1.0|B68:1.0|B642:1.0|B643:1.0|B644:1.0,
NP666127.2_10090_104,B23:1.0|B26:1.0|B260:1.0|B27:1.0|B30:1.0|B33:1.0|B47:1.0|B49:1.0|B51:1.0|B565:1.0|B588:1.0|B593:1.0|B595:1.0|B600:1.0|B602:1.0|B604:1.0|B605:1.0|B610:1.0|B612:1.0|B62:1.0|B621:1.0|B622:1.0|B624:1.0|B625:1.0|B626:1.0|B628:1.0|B629:1.0|B64:1.0|B642:1.0|B643:1.0|B644:1.0|B66:1.0|B68:1.0,ANAPC11|ATN1|ATXN7|BAG6|CACNA1A|CLPP|CYSRT1|DYRK1A|ELN|EMILIN1|FAM110A|FBN1|FBN2|GFI1B|HOXA1|HSD3B7|IGFBP6|LCE1C|LCE2C|LCE3A|LCE3D|LTBP1|LTBP3|MEOX2|MFAP1|MFAP2|MFAP3|MFAP4|MFAP5|NOS3|NUFIP2|OTX1|PROP1|RERE|SGTA|SHANK3|TFAP2C|TGFB1|VTN|ZNF768,,,B77:1.0|B249:1.0|B615:1.0|B617:1.0,FBLN1|ZNF408|ZNF444
G105_103_104,B23:1.0|B249:1.0|B26:1.0|B260:1.0|B27:1.0|B30:1.0|B33:1.0|B47:1.0|B49:1.0|B51:1.0|B565:1.0|B588:1.0|B593:1.0|B595:1.0|B600:1.0|B602:1.0|B604:1.0|B605:1.0|B610:1.0|B612:1.0|B615:1.0|B617:1.0|B62:1.0|B621:1.0|B622:1.0|B624:1.0|B625:1.0|B626:1.0|B628:1.0|B629:1.0|B64:1.0|B642:1.0|B643:1.0|B644:1.0|B66:1.0|B68:1.0|B77:1.0,ANAPC11|ATN1|ATXN7|BAG6|CACNA1A|CLPP|CYSRT1|DYRK1A|ELN|EMILIN1|FAM110A|FBLN1|FBN1|FBN2|GFI1B|HOXA1|HSD3B7|IGFBP6|LCE1C|LCE2C|LCE3A|LCE3D|LTBP1|LTBP3|MEOX2|MFAP1|MFAP2|MFAP3|MFAP4|MFAP5|NOS3|NUFIP2|OTX1|PROP1|RERE|SGTA|SHANK3|TFAP2C|TGFB1|VTN|ZNF408|ZNF444|ZNF768,,FBLN1|ZNF408|ZNF444,,
G106_102_105,B23:1.0|B249:1.0|B26:1.0|B260:1.0|B27:1.0|B30:1.0|B33:1.0|B47:1.0|B49:1.0|B51:1.0|B565:1.0|B588:1.0|B593:1.0|B595:1.0|B600:1.0|B602:1.0|B604:1.0|B605:1.0|B610:1.0|B612:1.0|B615:1.0|B617:1.0|B62:1.0|B621:1.0|B622:1.0|B624:1.0|B625:1.0|B626:1.0|B628:1.0|B629:1.0|B64:1.0|B642:1.0|B643:1.0|B644:1.0|B66:1.0|B68:1.0|B77:1.0,ANAPC11|ATN1|ATXN7|BAG6|CACNA1A|CLPP|CYSRT1|DYRK1A|ELN|EMILIN1|FAM110A|FBN1|FBN2|GFI1B|HOXA1|HSD3B7|IGFBP6|LCE1C|LCE2C|LCE3A|LCE3D|LTBP1|LTBP3|MEOX2|MFAP1|MFAP2|MFAP3|MFAP4|MFAP5|NOS3|NUFIP2|OTX1|PROP1|RERE|SGTA|SHANK3|TFAP2C|TGFB1|VTN|ZNF768,B588:1.0|B600:1.0|B602:1.0|B604:1.0|B615:1.0,,,
G107_101_106,B23:1.0|B249:1.0|B26:1.0|B260:1.0|B27:1.0|B30:1.0|B33:1.0|B47:1.0|B49:1.0|B51:1.0|B565:1.0|B593:1.0|B595:1.0|B605:1.0|B610:1.0|B612:1.0|B617:1.0|B62:1.0|B621:1.0|B622:1.0|B624:1.0|B625:1.0|B626:1.0|B628:1.0|B629:1.0|B64:1.0|B642:1.0|B643:1.0|B644:1.0|B66:1.0|B68:1.0|B77:1.0,ANAPC11|ATN1|ATXN7|BAG6|CACNA1A|CLPP|CYSRT1|DYRK1A|ELN|EMILIN1|FAM110A|FBN1|FBN2|GFI1B|HOXA1|HSD3B7|IGFBP6|LCE1C|LCE2C|LCE3A|LCE3D|LTBP1|LTBP3|MEOX2|MFAP1|MFAP2|MFAP3|MFAP4|MFAP5|NOS3|NUFIP2|OTX1|PROP1|RERE|SGTA|SHANK3|TFAP2C|TGFB1|VTN|ZNF768,B605:1.0,,,
G108_100_107,B23:1.0|B249:1.0|B26:1.0|B260:1.0|B27:1.0|B30:1.0|B33:1.0|B47:1.0|B49:1.0|B51:1.0|B565:1.0|B593:1.0|B595:1.0|B610:1.0|B612:1.0|B617:1.0|B62:1.0|B621:1.0|B622:1.0|B624:1.0|B625:1.0|B626:1.0|B628:1.0|B629:1.0|B64:1.0|B642:1.0|B643:1.0|B644:1.0|B66:1.0|B68:1.0|B77:1.0,ANAPC11|ATN1|ATXN7|BAG6|CACNA1A|CLPP|CYSRT1|DYRK1A|ELN|EMILIN1|FAM110A|FBN1|FBN2|GFI1B|HOXA1|HSD3B7|IGFBP6|LCE1C|LCE2C|LCE3A|LCE3D|LTBP1|LTBP3|MEOX2|MFAP1|MFAP2|MFAP3|MFAP4|MFAP5|NOS3|NUFIP2|OTX1|PROP1|RERE|SGTA|SHANK3|TFAP2C|TGFB1|VTN|ZNF768,,,B54:1.0|B244:1.0,
G109_99_108,B23:1.0|B244:1.0|B249:1.0|B26:1.0|B260:1.0|B27:1.0|B30:1.0|B33:1.0|B47:1.0|B49:1.0|B51:1.0|B54:1.0|B565:1.0|B593:1.0|B595:1.0|B610:1.0|B612:1.0|B617:1.0|B62:1.0|B621:1.0|B622:1.0|B624:1.0|B625:1.0|B626:1.0|B628:1.0|B629:1.0|B64:1.0|B642:1.0|B643:1.0|B644:1.0|B66:1.0|B68:1.0|B77:1.0,ANAPC11|ATN1|ATXN7|BAG6|CACNA1A|CLPP|CYSRT1|DYRK1A|ELN|EMILIN1|FAM110A|FBN1|FBN2|GFI1B|HOXA1|HSD3B7|IGFBP6|LCE1C|LCE2C|LCE3A|LCE3D|LTBP1|LTBP3|MEOX2|MFAP1|MFAP2|MFAP3|MFAP4|MFAP5|NOS3|NUFIP2|OTX1|PROP1|RERE|SGTA|SHANK3|TFAP2C|TGFB1|VTN|ZNF768,B244:1.0,CACNA1A|HSD3B7|LCE1C|LCE3A|LCE3D,,
G110_96_109,B23:1.0|B249:1.0|B26:1.0|B260:1.0|B27:1.0|B30:1.0|B33:1.0|B47:1.0|B49:1.0|B51:1.0|B54:1.0|B565:1.0|B593:1.0|B595:1.0|B610:1.0|B612:1.0|B617:1.0|B62:1.0|B621:1.0|B622:1.0|B624:1.0|B625:1.0|B626:1.0|B628:1.0|B629:1.0|B64:1.0|B642:1.0|B643:1.0|B644:1.0|B66:1.0|B68:1.0|B77:1.0,ANAPC11|ATN1|ATXN7|BAG6|CLPP|CYSRT1|DYRK1A|ELN|EMILIN1|FAM110A|FBN1|FBN2|GFI1B|HOXA1|IGFBP6|LCE2C|LTBP1|LTBP3|MEOX2|MFAP1|MFAP2|MFAP3|MFAP4|MFAP5|NOS3|NUFIP2|OTX1|PROP1|RERE|SGTA|SHANK3|TFAP2C|TGFB1|VTN|ZNF768,B249:0.1|B593:1.0|B617:1.0|B629:1.0,ANAPC11|ATXN7|BAG6|CLPP|CYSRT1|FAM110A|IGFBP6|LCE2C|LTBP3|NOS3|PROP1|RERE|SGTA|SHANK3|ZNF768,B769:1.0,
G111_85_110,B23:1.0|B249:0.9|B26:1.0|B260:1.0|B27:1.0|B30:1.0|B33:1.0|B47:1.0|B49:1.0|B51:1.0|B54:1.0|B565:1.0|B595:1.0|B610:1.0|B612:1.0|B62:1.0|B621:1.0|B622:1.0|B624:1.0|B625:1.0|B626:1.0|B628:1.0|B64:1.0|B642:1.0|B643:1.0|B644:1.0|B66:1.0|B68:1.0|B769:1.0|B77:1.0,ATN1|DYRK1A|ELN|EMILIN1|FBN1|FBN2|GFI1B|HOXA1|LTBP1|MEOX2|MFAP1|MFAP2|MFAP3|MFAP4|MFAP5|NUFIP2|OTX1|TFAP2C|TGFB1|VTN,B68:0.1|B565:0.2|B595:1.0|B610:0.2|B612:1.0|B622:1.0|B624:1.0|B625:0.6|B626:1.0|B628:1.0|B644:1.0,DYRK1A|GFI1B|LTBP1|MEOX2|OTX1|TGFB1,B56:1.0|B882:1.0|B883:1.0,
G112_74_111,B23:1.0|B249:0.9|B26:1.0|B260:1.0|B27:1.0|B30:1.0|B33:1.0|B47:1.0|B49:1.0|B51:1.0|B54:1.0|B56:1.0|B565:0.8|B610:0.8|B62:1.0|B621:1.0|B625:0.4|B64:1.0|B642:1.0|B643:1.0|B66:1.0|B68:0.9|B769:1.0|B77:1.0|B882:1.0|B883:1.0,ATN1|ELN|EMILIN1|FBN1|FBN2|HOXA1|MFAP1|MFAP2|MFAP3|MFAP4|MFAP5|NUFIP2|TFAP2C|VTN,B49:0.1|B62:0.1|B621:1.0|B642:1.0,,,
G113_73_112,B23:1.0|B249:0.9|B26:1.0|B260:1.0|B27:1.0|B30:1.0|B33:1.0|B47:1.0|B49:0.9|B51:1.0|B54:1.0|B56:1.0|B565:0.8|B610:0.8|B62:0.9|B625:0.4|B64:1.0|B643:1.0|B66:1.0|B68:0.9|B769:1.0|B77:1.0|B882:1.0|B883:1.0,ATN1|ELN|EMILIN1|FBN1|FBN2|HOXA1|MFAP1|MFAP2|MFAP3|MFAP4|MFAP5|NUFIP2|TFAP2C|VTN,B625:0.4,,B62:0.1,
G114_52_113,B23:1.0|B249:0.9|B26:1.0|B260:1.0|B27:1.0|B30:1.0|B33:1.0|B47:1.0|B49:0.9|B51:1.0|B54:1.0|B56:1.0|B565:0.8|B610:0.8|B62:1.0|B64:1.0|B643:1.0|B66:1.0|B68:0.9|B769:1.0|B77:1.0|B882:1.0|B883:1.0,ATN1|ELN|EMILIN1|FBN1|FBN2|HOXA1|MFAP1|MFAP2|MFAP3|MFAP4|MFAP5|NUFIP2|TFAP2C|VTN,B882:1.0,,B52:1.0|B59:1.0|B249:0.1|B569:1.0|B724:1.0|B726:1.0|B727:0.9|B733:1.0,
G115_51_114,B23:1.0|B249:1.0|B26:1.0|B260:1.0|B27:1.0|B30:1.0|B33:1.0|B47:1.0|B49:0.9|B51:1.0|B52:1.0|B54:1.0|B56:1.0|B565:0.8|B569:1.0|B59:1.0|B610:0.8|B62:1.0|B64:1.0|B643:1.0|B66:1.0|B68:0.9|B724:1.0|B726:1.0|B727:0.9|B733:1.0|B769:1.0|B77:1.0|B883:1.0,ATN1|ELN|EMILIN1|FBN1|FBN2|HOXA1|MFAP1|MFAP2|MFAP3|MFAP4|MFAP5|NUFIP2|TFAP2C|VTN,B27:0.1|B56:1.0|B610:0.8|B643:1.0|B769:1.0|B883:1.0,ATN1|ELN|EMILIN1|FBN1|FBN2|HOXA1|MFAP1|MFAP2|MFAP3|MFAP4|MFAP5|NUFIP2|TFAP2C|VTN,,
G116_24_115,B23:1.0|B249:1.0|B26:1.0|B260:1.0|B27:0.9|B30:1.0|B33:1.0|B47:1.0|B49:0.9|B51:1.0|B52:1.0|B54:1.0|B565:0.8|B569:1.0|B59:1.0|B62:1.0|B64:1.0|B66:1.0|B68:0.9|B724:1.0|B726:1.0|B727:0.9|B733:1.0|B77:1.0,,B23:1.0|B26:1.0|B27:0.9|B30:1.0|B33:1.0|B47:1.0|B49:0.9|B51:1.0|B52:1.0|B54:1.0|B59:1.0|B62:1.0|B64:1.0|B66:1.0|B68:0.9|B77:1.0|B249:1.0|B260:1.0|B565:0.8|B569:1.0|B724:1.0|B726:1.0|B727:0.9|B733:1.0,,,
,,,,,,
