NP001024582.1_6239,end,5198,5198
NP001024582.1_6239,PS50835,430,515
NP001024582.1_6239,PS50835,521,606
NP001024582.1_6239,PS50835,611,697
NP001024582.1_6239,PS50835,702,788
NP001024582.1_6239,PS50835,793,882
NP001024582.1_6239,PS50835,887,974
NP001024582.1_6239,PS50835,993,1087
NP001024582.1_6239,PS50835,1092,1174
NP001024582.1_6239,PS50835,1179,1265
NP001024582.1_6239,PS50835,1270,1359
NP001024582.1_6239,PS50835,1361,1449
NP001024582.1_6239,PS50835,1459,1543
NP001024582.1_6239,PS50835,1547,1639
NP001024582.1_6239,PS50835,1644,1729
NP001024582.1_6239,PS50835,1735,1821
NP001024582.1_6239,PS50835,1826,1911
NP001024582.1_6239,PS50835,1916,2000
NP001024582.1_6239,PS50835,2005,2092
NP001024582.1_6239,PS50835,2099,2181
NP001024582.1_6239,PS50835,2190,2284
NP001024582.1_6239,PS50835,2287,2379
NP001024582.1_6239,PS50835,2384,2472
NP001024582.1_6239,PS50835,2482,2565
NP001024582.1_6239,PS50835,2569,2663
NP001024582.1_6239,PS50835,2666,2758
NP001024582.1_6239,PS50835,2761,2837
NP001024582.1_6239,PS50835,2854,2938
NP001024582.1_6239,PS50835,2943,3030
NP001024582.1_6239,PS50835,3035,3124
NP001024582.1_6239,PS50835,3127,3212
NP001024582.1_6239,PS50835,3217,3290
NP001024582.1_6239,PS50835,3300,3385
NP001024582.1_6239,PS50835,3390,3478
NP001024582.1_6239,PS50835,3481,3564
NP001024582.1_6239,PS50835,3573,3662
NP001024582.1_6239,PS50835,3667,3761
NP001024582.1_6239,PS50835,3765,3854
NP001024582.1_6239,PS50835,3858,3944
NP001024582.1_6239,PS50835,3951,4042
NP001024582.1_6239,PS50835,4045,4131
NP001024582.1_6239,PS50835,4136,4222
NP001024582.1_6239,PS50835,4227,4313
NP001024582.1_6239,PS50835,4318,4403
NP001024582.1_6239,PS50835,4410,4495
NP001024582.1_6239,PS50835,4570,4653
NP001024582.1_6239,PS50835,4669,4740
NP001024582.1_6239,PS50835,4750,4835
NP001024582.1_6239,PS01187,4996,5019
NP001024582.1_6239,PS50026,4996,5033
NP001024582.1_6239,PS00010,5010,5021
NP001024582.1_6239,PS01186,5019,5032
NP001024582.1_6239,PS01187,5034,5058
NP001024582.1_6239,PF07679,4751,4836
NP001024582.1_6239,PF13927,4750,4823
NP001024582.1_6239,PF13895,4750,4836
NP001024582.1_6239,PF00047,4756,4828
NP001024582.1_6239,PF07645,5034,5082
NP001293878.1_6239,end,751,751
NP001293878.1_6239,PS01177,23,57
NP001293878.1_6239,PS01186,178,193
NP001293878.1_6239,PS01187,195,221
NP001293878.1_6239,PS01187,281,307
NP001293878.1_6239,PS01187,343,368
NP001293878.1_6239,PS50026,343,376
NP001293878.1_6239,PS01187,390,413
NP001293878.1_6239,PS50026,390,429
NP001293878.1_6239,PS00010,404,415
NP001293878.1_6239,PS01186,413,428
NP001293878.1_6239,PS01187,430,457
NP001293878.1_6239,PS50026,430,473
NP001293878.1_6239,PS00010,448,459
NP001293878.1_6239,PS01186,457,472
NP001293878.1_6239,PS01187,474,498
NP001293878.1_6239,PS50026,474,514
NP001293878.1_6239,PS00010,489,500
NP001293878.1_6239,PS01186,498,513
NP001293878.1_6239,PS01187,515,543
NP001293878.1_6239,PS50026,515,559
NP001293878.1_6239,PS00010,534,545
NP001293878.1_6239,PS01186,543,558
NP001293878.1_6239,PS01187,560,585
NP001293878.1_6239,PF07645,560,611
NP001293878.1_6239,PF12662,540,563
NP001293878.1_6239,PF22914,623,736
NP001293878.1_6239,PF00008,524,550
NP001278744.1_9606,end,5079,5079
NP001278744.1_9606,PS00639,302,312
NP001278744.1_9606,PS50835,518,603
NP001278744.1_9606,PS50835,608,691
NP001278744.1_9606,PS50835,698,781
NP001278744.1_9606,PS50835,786,880
NP001278744.1_9606,PS50835,885,971
NP001278744.1_9606,PS50835,976,1062
NP001278744.1_9606,PS50835,1067,1160
NP001278744.1_9606,PS50835,1165,1245
NP001278744.1_9606,PS50835,1266,1339
NP001278744.1_9606,PS50835,1344,1430
NP001278744.1_9606,PS50835,1437,1526
NP001278744.1_9606,PS50835,1531,1619
NP001278744.1_9606,PS50835,1624,1715
NP001278744.1_9606,PS50835,1718,1806
NP001278744.1_9606,PS50835,1811,1888
NP001278744.1_9606,PS50835,1895,1983
NP001278744.1_9606,PS50835,1986,2075
NP001278744.1_9606,PS50835,2080,2166
NP001278744.1_9606,PS50835,2171,2262
NP001278744.1_9606,PS50835,2265,2354
NP001278744.1_9606,PS50835,2359,2448
NP001278744.1_9606,PS50835,2453,2541
NP001278744.1_9606,PS50835,2546,2637
NP001278744.1_9606,PS50835,2642,2733
NP001278744.1_9606,PS50835,2740,2834
NP001278744.1_9606,PS50835,2850,2939
NP001278744.1_9606,PS50835,2946,3033
NP001278744.1_9606,PS50835,3038,3128
NP001278744.1_9606,PS50835,3132,3220
NP001278744.1_9606,PS50835,3225,3315
NP001278744.1_9606,PS50835,3320,3407
NP001278744.1_9606,PS50835,3413,3498
NP001278744.1_9606,PS50835,3503,3589
NP001278744.1_9606,PS50835,3594,3682
NP001278744.1_9606,PS50835,3687,3773
NP001278744.1_9606,PS50835,3778,3868
NP001278744.1_9606,PS50835,3871,3957
NP001278744.1_9606,PS50835,3962,4047
NP001278744.1_9606,PS50835,4051,4138
NP001278744.1_9606,PS50835,4143,4224
NP001278744.1_9606,PS50835,4232,4315
NP001278744.1_9606,PS50835,4323,4408
NP001278744.1_9606,PS50993,4412,4634
NP001278744.1_9606,PS01187,4648,4672
NP001278744.1_9606,PS50026,4648,4688
NP001278744.1_9606,PS00010,4663,4674
NP001278744.1_9606,PS01186,4672,4687
NP001278744.1_9606,PS01187,4689,4715
NP001278744.1_9606,PS50026,4689,4732
NP001278744.1_9606,PS50026,4733,4771
NP001278744.1_9606,PS01186,4759,4774
NP001278744.1_9606,PS01187,4776,4800
NP001278744.1_9606,PS50026,4776,4816
NP001278744.1_9606,PS00010,4791,4802
NP001278744.1_9606,PS01187,4883,4906
NP001278744.1_9606,PS50026,4883,4922
NP001278744.1_9606,PS00010,4897,4908
NP001278744.1_9606,PS01186,4906,4921
NP001278744.1_9606,PS01187,4923,4949
NP001278744.1_9606,PS00758,4992,5001
NP001278744.1_9606,PF07679,4323,4409
NP001278744.1_9606,PF13927,4322,4396
NP001278744.1_9606,PF13895,4322,4408
NP001278744.1_9606,PF00047,4330,4405
NP001278744.1_9606,PF07645,4923,4967
NP001278744.1_9606,PF07474,4411,4593
NP001278744.1_9606,PF12662,4903,4926
NP114141.2_9606,end,5635,5635
NP114141.2_9606,PS50835,431,517
NP114141.2_9606,PS50835,520,607
NP114141.2_9606,PS50835,612,697
NP114141.2_9606,PS50835,702,788
NP114141.2_9606,PS50835,793,883
NP114141.2_9606,PS50835,890,976
NP114141.2_9606,PS50835,981,1067
NP114141.2_9606,PS50835,1072,1166
NP114141.2_9606,PS50835,1171,1255
NP114141.2_9606,PS50835,1262,1354
NP114141.2_9606,PS50835,1358,1447
NP114141.2_9606,PS50835,1452,1541
NP114141.2_9606,PS50835,1546,1634
NP114141.2_9606,PS50835,1638,1724
NP114141.2_9606,PS50835,1733,1821
NP114141.2_9606,PS50835,1826,1914
NP114141.2_9606,PS50835,1919,2007
NP114141.2_9606,PS50835,2012,2097
NP114141.2_9606,PS50835,2104,2190
NP114141.2_9606,PS50835,2195,2285
NP114141.2_9606,PS50835,2290,2379
NP114141.2_9606,PS50835,2384,2470
NP114141.2_9606,PS50835,2478,2564
NP114141.2_9606,PS50835,2571,2662
NP114141.2_9606,PS50835,2666,2763
NP114141.2_9606,PS50835,2766,2864
NP114141.2_9606,PS50835,2868,2959
NP114141.2_9606,PS50835,2964,3051
NP114141.2_9606,PS50835,3056,3146
NP114141.2_9606,PS50835,3151,3240
NP114141.2_9606,PS00268,3185,3194
NP114141.2_9606,PS50835,3245,3335
NP114141.2_9606,PS50835,3340,3429
NP114141.2_9606,PS50835,3434,3516
NP114141.2_9606,PS50835,3527,3615
NP114141.2_9606,PS50835,3620,3708
NP114141.2_9606,PS50835,3713,3797
NP114141.2_9606,PS50835,3804,3892
NP114141.2_9606,PS50835,3897,3983
NP114141.2_9606,PS50835,3988,4076
NP114141.2_9606,PS50835,4079,4164
NP114141.2_9606,PS50835,4169,4255
NP114141.2_9606,PS50835,4260,4333
NP114141.2_9606,PS50835,4348,4435
NP114141.2_9606,PS50835,4440,4527
NP114141.2_9606,PS50092,4529,4584
NP114141.2_9606,PS50092,4586,4641
NP114141.2_9606,PS50092,4643,4698
NP114141.2_9606,PS50092,4700,4755
NP114141.2_9606,PS50092,4757,4812
NP114141.2_9606,PS50092,4814,4869
NP114141.2_9606,PS50993,4871,5093
NP114141.2_9606,PS01187,5107,5130
NP114141.2_9606,PS50026,5107,5146
NP114141.2_9606,PS00010,5121,5132
NP114141.2_9606,PS01187,5147,5173
NP114141.2_9606,PS01187,5192,5215
NP114141.2_9606,PS50026,5192,5229
NP114141.2_9606,PS00010,5206,5217
NP114141.2_9606,PS01186,5215,5228
NP114141.2_9606,PS01187,5230,5254
NP114141.2_9606,PS01187,5272,5298
NP114141.2_9606,PS50026,5272,5307
NP114141.2_9606,PS00010,5289,5300
NP114141.2_9606,PS01186,5298,5313
NP114141.2_9606,PS01187,5315,5339
NP114141.2_9606,PS50026,5315,5355
NP114141.2_9606,PS00010,5330,5341
NP114141.2_9606,PS01187,5432,5455
NP114141.2_9606,PS50026,5432,5471
NP114141.2_9606,PS00010,5446,5457
NP114141.2_9606,PS01186,5455,5470
NP114141.2_9606,PS01187,5472,5498
NP114141.2_9606,PF07679,4440,4526
NP114141.2_9606,PF13927,4439,4513
NP114141.2_9606,PF13895,4439,4528
NP114141.2_9606,PF00047,4447,4522
NP114141.2_9606,PF07645,5472,5516
NP114141.2_9606,PF00090,4818,4868
NP114141.2_9606,PF07474,4870,5052
NP114141.2_9606,PF12662,5452,5475
NP001034437.1_9606,end,493,493
NP001034437.1_9606,PS01187,44,70
NP001034437.1_9606,PS01187,173,199
NP001034437.1_9606,PS50026,173,213
NP001034437.1_9606,PS00010,190,201
NP001034437.1_9606,PS01186,199,212
NP001034437.1_9606,PS01187,214,237
NP001034437.1_9606,PS50026,214,253
NP001034437.1_9606,PS00010,228,239
NP001034437.1_9606,PS01186,237,252
NP001034437.1_9606,PS01187,254,277
NP001034437.1_9606,PS50026,254,293
NP001034437.1_9606,PS00010,268,279
NP001034437.1_9606,PS01186,277,292
NP001034437.1_9606,PS01187,294,318
NP001034437.1_9606,PS50026,294,333
NP001034437.1_9606,PS00010,309,320
NP001034437.1_9606,PS01186,318,332
NP001034437.1_9606,PS01187,334,359
NP001034437.1_9606,PF07645,334,382
NP001034437.1_9606,PF12662,315,337
NP001034437.1_9606,PF22914,391,490
NP001371087.1_9606,end,489,489
NP001371087.1_9606,PS01187,83,109
NP001371087.1_9606,PS50026,83,123
NP001371087.1_9606,PS01187,162,194
NP001371087.1_9606,PS50026,168,208
NP001371087.1_9606,PS00010,185,196
NP001371087.1_9606,PS01186,194,207
NP001371087.1_9606,PS01187,209,231
NP001371087.1_9606,PS50026,209,247
NP001371087.1_9606,PS00010,222,233
NP001371087.1_9606,PS01186,231,246
NP001371087.1_9606,PS01187,248,271
NP001371087.1_9606,PS50026,248,287
NP001371087.1_9606,PS00010,262,273
NP001371087.1_9606,PS01186,271,286
NP001371087.1_9606,PS01187,288,312
NP001371087.1_9606,PS50026,288,328
NP001371087.1_9606,PS00010,303,314
NP001371087.1_9606,PS01186,312,327
NP001371087.1_9606,PS01187,329,355
NP001371087.1_9606,PF07645,329,375
NP001371087.1_9606,PF12662,309,332
NP001371087.1_9606,PF22914,387,486
NP001371087.1_9606,PF14670,292,327
NP001371087.1_9606,PF12661,296,318
NP058634.4_9606,end,443,443
NP058634.4_9606,PS01187,54,80
NP058634.4_9606,PS01187,123,149
NP058634.4_9606,PS50026,123,163
NP058634.4_9606,PS00010,140,151
NP058634.4_9606,PS01186,149,162
NP058634.4_9606,PS01187,164,186
NP058634.4_9606,PS50026,164,202
NP058634.4_9606,PS00010,177,188
NP058634.4_9606,PS01186,186,201
NP058634.4_9606,PS01187,203,226
NP058634.4_9606,PS50026,203,238
NP058634.4_9606,PS00010,217,228
NP058634.4_9606,PS01186,226,241
NP058634.4_9606,PS01187,243,267
NP058634.4_9606,PS50026,243,282
NP058634.4_9606,PS00010,258,269
NP058634.4_9606,PS01186,267,281
NP058634.4_9606,PS01187,283,309
NP058634.4_9606,PF07645,283,336
NP058634.4_9606,PF12662,264,286
NP058634.4_9606,PF22914,341,440
NP058634.4_9606,PF12661,257,273
NP006477.3_9606,end,703,703
NP006477.3_9606,PS01177,36,69
NP006477.3_9606,PS01178,36,69
NP006477.3_9606,PS01177,77,110
NP006477.3_9606,PS01178,77,110
NP006477.3_9606,PS01177,112,144
NP006477.3_9606,PS01178,112,144
NP006477.3_9606,PS01186,199,214
NP006477.3_9606,PS01187,216,242
NP006477.3_9606,PS01187,262,288
NP006477.3_9606,PS01187,308,334
NP006477.3_9606,PS50026,308,342
NP006477.3_9606,PS01187,356,382
NP006477.3_9606,PS50026,356,398
NP006477.3_9606,PS00010,373,384
NP006477.3_9606,PS01186,382,397
NP006477.3_9606,PS01187,399,424
NP006477.3_9606,PS50026,399,440
NP006477.3_9606,PS00010,415,426
NP006477.3_9606,PS01186,424,439
NP006477.3_9606,PS01187,441,463
NP006477.3_9606,PS50026,441,480
NP006477.3_9606,PS00010,454,465
NP006477.3_9606,PS01187,481,507
NP006477.3_9606,PS50026,481,524
NP006477.3_9606,PS00010,498,509
NP006477.3_9606,PS01187,525,551
NP006477.3_9606,PF07645,525,577
NP006477.3_9606,PF12662,504,528
NP006477.3_9606,PF22914,594,700
NP006477.3_9606,PF01821,112,144
NP001004019.1_9606,end,1231,1231
NP001004019.1_9606,PS01177,445,480
NP001004019.1_9606,PS01178,445,480
NP001004019.1_9606,PS01177,488,519
NP001004019.1_9606,PS01178,488,519
NP001004019.1_9606,PS01177,521,553
NP001004019.1_9606,PS01178,521,553
NP001004019.1_9606,PS01187,604,629
NP001004019.1_9606,PS50026,604,645
NP001004019.1_9606,PS00010,620,631
NP001004019.1_9606,PS01186,629,644
NP001004019.1_9606,PS01186,702,717
NP001004019.1_9606,PS01187,719,745
NP001004019.1_9606,PS01187,766,792
NP001004019.1_9606,PS01187,811,837
NP001004019.1_9606,PS01187,857,883
NP001004019.1_9606,PS01187,905,931
NP001004019.1_9606,PS50026,905,943
NP001004019.1_9606,PS00010,922,933
NP001004019.1_9606,PS01186,931,946
NP001004019.1_9606,PS01187,948,973
NP001004019.1_9606,PS50026,948,989
NP001004019.1_9606,PS00010,964,975
NP001004019.1_9606,PS01186,973,988
NP001004019.1_9606,PS01187,990,1012
NP001004019.1_9606,PS50026,990,1028
NP001004019.1_9606,PS00010,1003,1014
NP001004019.1_9606,PS01186,1012,1027
NP001004019.1_9606,PS01187,1029,1054
NP001004019.1_9606,PS00010,1045,1056
NP001004019.1_9606,PS01187,1072,1098
NP001004019.1_9606,PF07645,1072,1129
NP001004019.1_9606,PF12662,1051,1075
NP001004019.1_9606,PF22914,1131,1228
NP001004019.1_9606,PF14670,608,644
NP001004019.1_9606,PF01821,521,553
XP011508887.1_9606,end,453,453
XP011508887.1_9606,PS51257,1,18
XP011508887.1_9606,PS50923,79,136
XP011508887.1_9606,PS50026,136,172
XP011508887.1_9606,PS00022,160,171
XP011508887.1_9606,PS01187,224,253
XP011508887.1_9606,PS50026,224,269
XP011508887.1_9606,PS00010,244,255
XP011508887.1_9606,PS01186,253,268
XP011508887.1_9606,PS01187,270,296
XP011508887.1_9606,PF22914,335,432
XP011508887.1_9606,PF07645,270,323
XP011508887.1_9606,PF12662,250,273
XP011508887.1_9606,PF00008,140,170
XP011508887.1_9606,PF00084,81,134
XP011508887.1_9606,PF14670,234,268
XP011508887.1_9606,PF12661,145,166
XP025008796.2_9031,end,5593,5593
XP025008796.2_9031,PS51257,1,24
XP025008796.2_9031,PS50835,519,606
XP025008796.2_9031,PS50835,611,696
XP025008796.2_9031,PS50835,701,787
XP025008796.2_9031,PS50835,792,883
XP025008796.2_9031,PS50835,890,976
XP025008796.2_9031,PS50835,981,1067
XP025008796.2_9031,PS50835,1072,1165
XP025008796.2_9031,PS50835,1170,1256
XP025008796.2_9031,PS50835,1261,1353
XP025008796.2_9031,PS50835,1358,1445
XP025008796.2_9031,PS50835,1452,1541
XP025008796.2_9031,PS50835,1546,1634
XP025008796.2_9031,PS50835,1638,1724
XP025008796.2_9031,PS50835,1732,1821
XP025008796.2_9031,PS50835,1826,1914
XP025008796.2_9031,PS50835,1919,2003
XP025008796.2_9031,PS50835,2012,2097
XP025008796.2_9031,PS50835,2104,2190
XP025008796.2_9031,PS50835,2195,2285
XP025008796.2_9031,PS50835,2290,2379
XP025008796.2_9031,PS50835,2384,2473
XP025008796.2_9031,PS50835,2478,2566
XP025008796.2_9031,PS50835,2571,2662
XP025008796.2_9031,PS50835,2675,2761
XP025008796.2_9031,PS50835,2766,2867
XP025008796.2_9031,PS50835,2872,2962
XP025008796.2_9031,PS50835,2967,3054
XP025008796.2_9031,PS50835,3059,3149
XP025008796.2_9031,PS50835,3154,3243
XP025008796.2_9031,PS50835,3248,3338
XP025008796.2_9031,PS50835,3343,3432
XP025008796.2_9031,PS50835,3437,3525
XP025008796.2_9031,PS50835,3530,3602
XP025008796.2_9031,PS50835,3621,3709
XP025008796.2_9031,PS50835,3714,3800
XP025008796.2_9031,PS50835,3805,3893
XP025008796.2_9031,PS50835,3898,3984
XP025008796.2_9031,PS50835,3989,4077
XP025008796.2_9031,PS50835,4079,4165
XP025008796.2_9031,PS50835,4170,4254
XP025008796.2_9031,PS50835,4261,4342
XP025008796.2_9031,PS50835,4349,4436
XP025008796.2_9031,PS50835,4441,4526
XP025008796.2_9031,PS50092,4530,4585
XP025008796.2_9031,PS50092,4587,4642
XP025008796.2_9031,PS50092,4644,4699
XP025008796.2_9031,PS50092,4701,4756
XP025008796.2_9031,PS50092,4758,4813
XP025008796.2_9031,PS50993,4815,5037
XP025008796.2_9031,PS01187,5051,5074
XP025008796.2_9031,PS50026,5051,5090
XP025008796.2_9031,PS00010,5065,5076
XP025008796.2_9031,PS01187,5091,5117
XP025008796.2_9031,PS01187,5136,5159
XP025008796.2_9031,PS50026,5136,5173
XP025008796.2_9031,PS00010,5150,5161
XP025008796.2_9031,PS01186,5159,5172
XP025008796.2_9031,PS01187,5174,5198
XP025008796.2_9031,PS01187,5216,5242
XP025008796.2_9031,PS50026,5216,5251
XP025008796.2_9031,PS00010,5233,5244
XP025008796.2_9031,PS01186,5242,5257
XP025008796.2_9031,PS01187,5273,5297
XP025008796.2_9031,PS50026,5273,5313
XP025008796.2_9031,PS00010,5288,5299
XP025008796.2_9031,PS01187,5390,5413
XP025008796.2_9031,PS50026,5390,5429
XP025008796.2_9031,PS00010,5404,5415
XP025008796.2_9031,PS01186,5413,5428
XP025008796.2_9031,PS01187,5430,5456
XP025008796.2_9031,PF07679,4441,4527
XP025008796.2_9031,PF13927,4440,4514
XP025008796.2_9031,PF13895,4440,4529
XP025008796.2_9031,PF00047,4448,4523
XP025008796.2_9031,PF07645,5430,5474
XP025008796.2_9031,PF07474,4814,4996
XP025008796.2_9031,PF00090,4762,4812
XP025008796.2_9031,PF12662,5410,5433
NP001264403.1_9031,end,444,444
NP001264403.1_9031,PS01187,42,68
NP001264403.1_9031,PS01187,117,149
NP001264403.1_9031,PS50026,123,163
NP001264403.1_9031,PS00010,140,151
NP001264403.1_9031,PS01186,149,162
NP001264403.1_9031,PS01187,164,186
NP001264403.1_9031,PS50026,164,202
NP001264403.1_9031,PS00010,177,188
NP001264403.1_9031,PS01186,186,201
NP001264403.1_9031,PS01187,203,226
NP001264403.1_9031,PS50026,203,242
NP001264403.1_9031,PS00010,217,228
NP001264403.1_9031,PS01186,226,241
NP001264403.1_9031,PS01187,243,267
NP001264403.1_9031,PS50026,243,283
NP001264403.1_9031,PS00010,258,269
NP001264403.1_9031,PS01186,267,282
NP001264403.1_9031,PS01187,284,310
NP001264403.1_9031,PF07645,284,330
NP001264403.1_9031,PF12662,264,287
NP001264403.1_9031,PF22914,342,441
NP001264403.1_9031,PF14670,168,201
NP001264403.1_9031,PF12661,250,273
XP025004920.1_9031,end,451,451
XP025004920.1_9031,PS01187,45,71
XP025004920.1_9031,PS01187,132,158
XP025004920.1_9031,PS50026,132,172
XP025004920.1_9031,PS00010,149,160
XP025004920.1_9031,PS01186,158,171
XP025004920.1_9031,PS01187,173,196
XP025004920.1_9031,PS50026,173,212
XP025004920.1_9031,PS00010,187,198
XP025004920.1_9031,PS01186,196,211
XP025004920.1_9031,PS01187,213,236
XP025004920.1_9031,PS50026,213,252
XP025004920.1_9031,PS00010,227,238
XP025004920.1_9031,PS01186,236,251
XP025004920.1_9031,PS01187,253,277
XP025004920.1_9031,PS50026,253,292
XP025004920.1_9031,PS00010,268,279
XP025004920.1_9031,PS01186,277,291
XP025004920.1_9031,PS01187,293,318
XP025004920.1_9031,PF07645,293,338
XP025004920.1_9031,PF12662,274,296
XP025004920.1_9031,PF22914,350,448
XP025004920.1_9031,PF12661,267,283
NP989496.1_9031,end,704,704
NP989496.1_9031,PS01178,75,108
NP989496.1_9031,PS01177,110,142
NP989496.1_9031,PS01178,110,142
NP989496.1_9031,PS50026,177,216
NP989496.1_9031,PS00010,191,202
NP989496.1_9031,PS01186,200,215
NP989496.1_9031,PS01187,217,243
NP989496.1_9031,PS01187,263,289
NP989496.1_9031,PS01187,309,335
NP989496.1_9031,PS01187,357,383
NP989496.1_9031,PS50026,357,399
NP989496.1_9031,PS00010,374,385
NP989496.1_9031,PS01186,383,398
NP989496.1_9031,PS01187,400,425
NP989496.1_9031,PS50026,400,441
NP989496.1_9031,PS00010,416,427
NP989496.1_9031,PS01186,425,440
NP989496.1_9031,PS01187,442,464
NP989496.1_9031,PS50026,442,481
NP989496.1_9031,PS00010,455,466
NP989496.1_9031,PS01187,482,508
NP989496.1_9031,PS50026,482,525
NP989496.1_9031,PS00010,499,510
NP989496.1_9031,PS01187,526,552
NP989496.1_9031,PF07645,526,574
NP989496.1_9031,PF12662,505,529
NP989496.1_9031,PF22914,595,701
NP989496.1_9031,PF01821,110,142
XP015148926.2_9031,end,1196,1196
XP015148926.2_9031,PS01177,456,491
XP015148926.2_9031,PS01178,456,491
XP015148926.2_9031,PS01177,499,530
XP015148926.2_9031,PS01178,499,530
XP015148926.2_9031,PS01177,532,564
XP015148926.2_9031,PS01178,532,564
XP015148926.2_9031,PS01187,616,641
XP015148926.2_9031,PS50026,616,657
XP015148926.2_9031,PS00010,632,643
XP015148926.2_9031,PS01186,714,729
XP015148926.2_9031,PS01187,731,757
XP015148926.2_9031,PS01187,776,802
XP015148926.2_9031,PS01187,822,848
XP015148926.2_9031,PS01187,870,896
XP015148926.2_9031,PS50026,870,908
XP015148926.2_9031,PS00010,887,898
XP015148926.2_9031,PS01186,896,911
XP015148926.2_9031,PS01187,913,938
XP015148926.2_9031,PS50026,913,954
XP015148926.2_9031,PS00010,929,940
XP015148926.2_9031,PS01186,938,953
XP015148926.2_9031,PS01187,955,977
XP015148926.2_9031,PS50026,955,993
XP015148926.2_9031,PS00010,968,979
XP015148926.2_9031,PS01186,977,992
XP015148926.2_9031,PS01187,994,1019
XP015148926.2_9031,PS50026,994,1036
XP015148926.2_9031,PS00010,1010,1021
XP015148926.2_9031,PS01187,1037,1063
XP015148926.2_9031,PF07645,1037,1087
XP015148926.2_9031,PF12662,1016,1040
XP015148926.2_9031,PF22914,1096,1193
XP015148926.2_9031,PF14670,622,656
XP015148926.2_9031,PF01821,532,564
NP001313425.1_9031,end,444,444
NP001313425.1_9031,PS50923,84,141
NP001313425.1_9031,PS50026,141,177
NP001313425.1_9031,PS00022,165,176
NP001313425.1_9031,PS01186,165,176
NP001313425.1_9031,PS01187,229,258
NP001313425.1_9031,PS50026,229,274
NP001313425.1_9031,PS00010,249,260
NP001313425.1_9031,PS01186,258,273
NP001313425.1_9031,PS01187,275,301
NP001313425.1_9031,PF22914,340,441
NP001313425.1_9031,PF07645,275,323
NP001313425.1_9031,PF12662,255,278
NP001313425.1_9031,PF00084,86,139
NP001313425.1_9031,PF00008,239,267
NP001313425.1_9031,PF14670,239,273
NP001313425.1_9031,PF12661,247,264
XP040501945.1_9031,end,426,426
XP040501945.1_9031,PS50923,75,132
XP040501945.1_9031,PS50026,132,168
XP040501945.1_9031,PS00010,147,158
XP040501945.1_9031,PS00022,156,167
XP040501945.1_9031,PS01186,156,167
XP040501945.1_9031,PS01186,199,213
XP040501945.1_9031,PS01187,215,244
XP040501945.1_9031,PS50026,215,260
XP040501945.1_9031,PS00010,235,246
XP040501945.1_9031,PS01186,244,259
XP040501945.1_9031,PF22914,326,423
XP040501945.1_9031,PF12662,241,264
XP040501945.1_9031,PF07645,261,309
XP040501945.1_9031,PF00008,223,252
XP040501945.1_9031,PF12661,233,250
XP040501945.1_9031,PF00084,77,130
XP005160777.1_7955,end,5623,5623
XP005160777.1_7955,PS50835,514,599
XP005160777.1_7955,PS50835,604,689
XP005160777.1_7955,PS50835,694,780
XP005160777.1_7955,PS50835,785,877
XP005160777.1_7955,PS50835,882,968
XP005160777.1_7955,PS50835,973,1059
XP005160777.1_7955,PS50835,1064,1161
XP005160777.1_7955,PS50835,1166,1252
XP005160777.1_7955,PS50835,1254,1349
XP005160777.1_7955,PS50835,1352,1440
XP005160777.1_7955,PS50835,1445,1534
XP005160777.1_7955,PS50835,1539,1627
XP005160777.1_7955,PS50835,1632,1721
XP005160777.1_7955,PS50835,1725,1814
XP005160777.1_7955,PS50835,1819,1907
XP005160777.1_7955,PS50835,1912,1996
XP005160777.1_7955,PS50835,2005,2092
XP005160777.1_7955,PS50835,2097,2183
XP005160777.1_7955,PS50835,2188,2276
XP005160777.1_7955,PS50835,2281,2368
XP005160777.1_7955,PS50835,2373,2460
XP005160777.1_7955,PS50835,2467,2555
XP005160777.1_7955,PS50835,2560,2651
XP005160777.1_7955,PS50835,2664,2750
XP005160777.1_7955,PS50835,2755,2849
XP005160777.1_7955,PS50835,2854,2942
XP005160777.1_7955,PS50835,2949,3036
XP005160777.1_7955,PS50835,3041,3131
XP005160777.1_7955,PS50835,3136,3225
XP005160777.1_7955,PS50835,3230,3320
XP005160777.1_7955,PS50835,3324,3414
XP005160777.1_7955,PS50835,3419,3507
XP005160777.1_7955,PS50835,3512,3600
XP005160777.1_7955,PS50835,3605,3693
XP005160777.1_7955,PS50835,3698,3784
XP005160777.1_7955,PS50835,3789,3877
XP005160777.1_7955,PS50835,3882,3968
XP005160777.1_7955,PS50835,3973,4061
XP005160777.1_7955,PS50835,4063,4149
XP005160777.1_7955,PS50835,4154,4238
XP005160777.1_7955,PS50835,4245,4326
XP005160777.1_7955,PS50835,4333,4420
XP005160777.1_7955,PS50835,4425,4510
XP005160777.1_7955,PS50092,4514,4569
XP005160777.1_7955,PS50092,4571,4626
XP005160777.1_7955,PS50092,4628,4683
XP005160777.1_7955,PS50092,4685,4740
XP005160777.1_7955,PS50092,4742,4797
XP005160777.1_7955,PS50092,4799,4854
XP005160777.1_7955,PS50993,4856,5077
XP005160777.1_7955,PS01187,5091,5114
XP005160777.1_7955,PS50026,5091,5130
XP005160777.1_7955,PS00010,5105,5116
XP005160777.1_7955,PS01187,5131,5157
XP005160777.1_7955,PS01187,5176,5199
XP005160777.1_7955,PS50026,5176,5213
XP005160777.1_7955,PS00010,5190,5201
XP005160777.1_7955,PS01186,5199,5212
XP005160777.1_7955,PS01187,5214,5238
XP005160777.1_7955,PS01187,5256,5282
XP005160777.1_7955,PS50026,5256,5291
XP005160777.1_7955,PS00010,5273,5284
XP005160777.1_7955,PS01186,5282,5297
XP005160777.1_7955,PS01187,5299,5323
XP005160777.1_7955,PS50026,5299,5339
XP005160777.1_7955,PS00010,5314,5325
XP005160777.1_7955,PS50026,5420,5459
XP005160777.1_7955,PS01186,5443,5458
XP005160777.1_7955,PS01187,5460,5486
XP005160777.1_7955,PF07679,4425,4511
XP005160777.1_7955,PF13927,4424,4498
XP005160777.1_7955,PF13895,4424,4513
XP005160777.1_7955,PF00047,4432,4507
XP005160777.1_7955,PF00090,4803,4853
XP005160777.1_7955,PF07645,5460,5508
XP005160777.1_7955,PF07474,4855,5036
XP005160777.1_7955,PF12662,5440,5463
XP001920501.5_7955,end,4212,4212
XP001920501.5_7955,PS50835,426,511
XP001920501.5_7955,PS50835,516,599
XP001920501.5_7955,PS50835,607,692
XP001920501.5_7955,PS50835,697,783
XP001920501.5_7955,PS50835,788,880
XP001920501.5_7955,PS50835,884,971
XP001920501.5_7955,PS50835,976,1062
XP001920501.5_7955,PS50835,1067,1154
XP001920501.5_7955,PS50835,1163,1236
XP001920501.5_7955,PS50835,1245,1334
XP001920501.5_7955,PS50835,1339,1427
XP001920501.5_7955,PS50835,1432,1522
XP001920501.5_7955,PS50835,1527,1615
XP001920501.5_7955,PS50835,1620,1713
XP001920501.5_7955,PS50835,1742,1829
XP001920501.5_7955,PS50835,1833,1924
XP001920501.5_7955,PS50835,1929,2016
XP001920501.5_7955,PS50835,2025,2109
XP001920501.5_7955,PS50835,2113,2201
XP001920501.5_7955,PS50835,2206,2294
XP001920501.5_7955,PS50835,2301,2390
XP001920501.5_7955,PS50835,2395,2483
XP001920501.5_7955,PS50835,2488,2577
XP001920501.5_7955,PS50835,2580,2668
XP001920501.5_7955,PS50835,2672,2759
XP001920501.5_7955,PS50835,2764,2849
XP001920501.5_7955,PS50835,2855,2942
XP001920501.5_7955,PS50835,2947,3032
XP001920501.5_7955,PS50835,3036,3122
XP001920501.5_7955,PS50835,3127,3213
XP001920501.5_7955,PS50835,3218,3299
XP001920501.5_7955,PS50835,3306,3391
XP001920501.5_7955,PS50092,3397,3452
XP001920501.5_7955,PS50993,3455,3677
XP001920501.5_7955,PS01187,3691,3714
XP001920501.5_7955,PS50026,3691,3730
XP001920501.5_7955,PS00010,3705,3716
XP001920501.5_7955,PS01186,3714,3729
XP001920501.5_7955,PS01187,3731,3757
XP001920501.5_7955,PS50026,3731,3775
XP001920501.5_7955,PS01187,3776,3801
XP001920501.5_7955,PS50026,3776,3815
XP001920501.5_7955,PS00010,3792,3803
XP001920501.5_7955,PS01186,3801,3814
XP001920501.5_7955,PS01187,3816,3840
XP001920501.5_7955,PS01187,3858,3884
XP001920501.5_7955,PS50026,3858,3893
XP001920501.5_7955,PS00010,3875,3886
XP001920501.5_7955,PS01186,3884,3899
XP001920501.5_7955,PS01187,3901,3925
XP001920501.5_7955,PS50026,3901,3941
XP001920501.5_7955,PS00010,3916,3927
XP001920501.5_7955,PS01187,4005,4028
XP001920501.5_7955,PS50026,4005,4044
XP001920501.5_7955,PS00010,4019,4030
XP001920501.5_7955,PS01186,4028,4043
XP001920501.5_7955,PS01187,4045,4071
XP001920501.5_7955,PF07679,3310,3394
XP001920501.5_7955,PF13927,3306,3381
XP001920501.5_7955,PF13895,3306,3396
XP001920501.5_7955,PF00047,3315,3390
XP001920501.5_7955,PF07645,4045,4089
XP001920501.5_7955,PF07474,3454,3636
XP001920501.5_7955,PF12662,4025,4048
XP001920501.5_7955,PF00090,3401,3451
NP001005979.1_7955,end,477,477
NP001005979.1_7955,PS01187,50,76
NP001005979.1_7955,PS50026,50,88
NP001005979.1_7955,PS01187,157,183
NP001005979.1_7955,PS50026,157,197
NP001005979.1_7955,PS00010,174,185
NP001005979.1_7955,PS01186,183,196
NP001005979.1_7955,PS01187,198,220
NP001005979.1_7955,PS50026,198,236
NP001005979.1_7955,PS00010,211,222
NP001005979.1_7955,PS01186,220,235
NP001005979.1_7955,PS01187,237,259
NP001005979.1_7955,PS50026,237,275
NP001005979.1_7955,PS00010,250,261
NP001005979.1_7955,PS01186,259,274
NP001005979.1_7955,PS01187,276,300
NP001005979.1_7955,PS50026,276,316
NP001005979.1_7955,PS00010,291,302
NP001005979.1_7955,PS01186,300,315
NP001005979.1_7955,PS01187,317,343
NP001005979.1_7955,PF07645,317,370
NP001005979.1_7955,PF12662,297,320
NP001005979.1_7955,PF22914,375,474
NP001005979.1_7955,PF00008,241,268
NP001008587.1_7955,end,440,440
NP001008587.1_7955,PS01187,49,75
NP001008587.1_7955,PS01187,120,146
NP001008587.1_7955,PS50026,120,160
NP001008587.1_7955,PS00010,137,148
NP001008587.1_7955,PS01186,146,159
NP001008587.1_7955,PS01187,161,183
NP001008587.1_7955,PS50026,161,199
NP001008587.1_7955,PS00010,174,185
NP001008587.1_7955,PS01186,183,198
NP001008587.1_7955,PS01187,200,223
NP001008587.1_7955,PS00010,214,225
NP001008587.1_7955,PS01186,223,238
NP001008587.1_7955,PS01187,240,264
NP001008587.1_7955,PS50026,240,279
NP001008587.1_7955,PS00010,255,266
NP001008587.1_7955,PS01186,264,278
NP001008587.1_7955,PF07645,280,328
NP001008587.1_7955,PF12662,261,283
NP001008587.1_7955,PF22914,338,437
NP001008587.1_7955,PF12947,124,159
NP001008587.1_7955,PF00008,165,195
NP001103991.1_7955,end,397,397
NP001103991.1_7955,PS01186,51,66
NP001103991.1_7955,PS01187,68,94
NP001103991.1_7955,PS01187,158,181
NP001103991.1_7955,PS50026,158,197
NP001103991.1_7955,PS00010,172,183
NP001103991.1_7955,PS01186,181,196
NP001103991.1_7955,PS01187,198,222
NP001103991.1_7955,PS50026,198,237
NP001103991.1_7955,PS00010,213,224
NP001103991.1_7955,PS01186,222,236
NP001103991.1_7955,PS01187,238,264
NP001103991.1_7955,PF07645,238,290
NP001103991.1_7955,PF22914,295,394
NP001103991.1_7955,PF12662,219,241
NP001153830.1_7955,end,440,440
NP001153830.1_7955,PS01187,47,73
NP001153830.1_7955,PS01187,120,146
NP001153830.1_7955,PS50026,120,160
NP001153830.1_7955,PS00010,137,148
NP001153830.1_7955,PS01186,146,159
NP001153830.1_7955,PS01187,161,183
NP001153830.1_7955,PS50026,161,199
NP001153830.1_7955,PS00010,174,185
NP001153830.1_7955,PS01186,183,198
NP001153830.1_7955,PS01187,200,223
NP001153830.1_7955,PS50026,200,239
NP001153830.1_7955,PS00010,214,225
NP001153830.1_7955,PS01186,223,238
NP001153830.1_7955,PS01187,240,264
NP001153830.1_7955,PS50026,240,279
NP001153830.1_7955,PS00010,255,266
NP001153830.1_7955,PS01186,264,278
NP001153830.1_7955,PF07645,280,326
NP001153830.1_7955,PF12662,261,283
NP001153830.1_7955,PF22914,338,437
NP001153830.1_7955,PF12947,124,159
XP009305317.1_7955,end,444,444
XP009305317.1_7955,PS01187,43,69
XP009305317.1_7955,PS01187,124,150
XP009305317.1_7955,PS50026,124,164
XP009305317.1_7955,PS00010,141,152
XP009305317.1_7955,PS01186,150,163
XP009305317.1_7955,PS01187,165,188
XP009305317.1_7955,PS50026,165,204
XP009305317.1_7955,PS00010,179,190
XP009305317.1_7955,PS01186,188,203
XP009305317.1_7955,PS01187,205,228
XP009305317.1_7955,PS50026,205,244
XP009305317.1_7955,PS00010,219,230
XP009305317.1_7955,PS01186,228,243
XP009305317.1_7955,PS01187,245,269
XP009305317.1_7955,PS50026,245,284
XP009305317.1_7955,PS00010,260,271
XP009305317.1_7955,PS01186,269,283
XP009305317.1_7955,PF07645,285,333
XP009305317.1_7955,PF12662,266,288
XP009305317.1_7955,PF22914,342,441
NP571117.2_7955,end,681,681
NP571117.2_7955,PS01177,29,63
NP571117.2_7955,PS01178,29,63
NP571117.2_7955,PS01186,175,190
NP571117.2_7955,PS01187,192,218
NP571117.2_7955,PS01187,238,264
NP571117.2_7955,PS01187,284,310
NP571117.2_7955,PS01187,332,357
NP571117.2_7955,PS50026,332,373
NP571117.2_7955,PS00010,348,359
NP571117.2_7955,PS01186,357,372
NP571117.2_7955,PS01187,374,399
NP571117.2_7955,PS50026,374,415
NP571117.2_7955,PS00010,390,401
NP571117.2_7955,PS01186,399,414
NP571117.2_7955,PS01187,416,438
NP571117.2_7955,PS50026,416,450
NP571117.2_7955,PS00010,429,440
NP571117.2_7955,PS01187,456,482
NP571117.2_7955,PS50026,456,499
NP571117.2_7955,PS00010,473,484
NP571117.2_7955,PS01187,500,526
NP571117.2_7955,PF07645,500,543
NP571117.2_7955,PF12662,479,503
NP571117.2_7955,PF22914,570,678
NP571117.2_7955,PF01821,29,63
XP001341277.2_7955,end,1408,1408
XP001341277.2_7955,PS51257,1,17
XP001341277.2_7955,PS01178,621,657
XP001341277.2_7955,PS01177,697,729
XP001341277.2_7955,PS01178,697,729
XP001341277.2_7955,PS50026,783,823
XP001341277.2_7955,PS00010,798,809
XP001341277.2_7955,PS01186,807,822
XP001341277.2_7955,PS01186,879,894
XP001341277.2_7955,PS01187,896,922
XP001341277.2_7955,PS01187,943,969
XP001341277.2_7955,PS01187,988,1014
XP001341277.2_7955,PS01187,1034,1060
XP001341277.2_7955,PS50026,1082,1124
XP001341277.2_7955,PS01186,1108,1123
XP001341277.2_7955,PS01187,1125,1150
XP001341277.2_7955,PS50026,1125,1166
XP001341277.2_7955,PS00010,1141,1152
XP001341277.2_7955,PS01186,1150,1165
XP001341277.2_7955,PS01187,1167,1189
XP001341277.2_7955,PS50026,1167,1205
XP001341277.2_7955,PS00010,1180,1191
XP001341277.2_7955,PS01186,1189,1204
XP001341277.2_7955,PS01187,1206,1231
XP001341277.2_7955,PS50026,1206,1248
XP001341277.2_7955,PS00010,1222,1233
XP001341277.2_7955,PS01187,1249,1275
XP001341277.2_7955,PF07645,1249,1300
XP001341277.2_7955,PF12662,1228,1252
XP001341277.2_7955,PF22914,1308,1405
XP001918972.3_7955,end,442,442
XP001918972.3_7955,PS50923,81,138
XP001918972.3_7955,PS50026,138,174
XP001918972.3_7955,PS00022,162,173
XP001918972.3_7955,PS01187,226,255
XP001918972.3_7955,PS50026,226,271
XP001918972.3_7955,PS00010,246,257
XP001918972.3_7955,PS01186,255,270
XP001918972.3_7955,PS01187,272,298
XP001918972.3_7955,PS50026,272,299
XP001918972.3_7955,PF22914,337,439
XP001918972.3_7955,PF12662,252,275
XP001918972.3_7955,PF07645,272,325
XP001918972.3_7955,PF14670,234,270
XP001918972.3_7955,PF12661,244,261
XP001918972.3_7955,PF00084,83,136
XP001918972.3_7955,PF00008,142,172
XP002665476.3_7955,end,435,435
XP002665476.3_7955,PS50923,77,134
XP002665476.3_7955,PS01187,134,158
XP002665476.3_7955,PS50026,134,170
XP002665476.3_7955,PS00010,149,160
XP002665476.3_7955,PS00022,158,169
XP002665476.3_7955,PS01186,158,169
XP002665476.3_7955,PS01187,225,254
XP002665476.3_7955,PS50026,225,270
XP002665476.3_7955,PS00010,245,256
XP002665476.3_7955,PS01186,254,269
XP002665476.3_7955,PS01187,271,297
XP002665476.3_7955,PF22914,335,432
XP002665476.3_7955,PF07645,271,323
XP002665476.3_7955,PF12662,251,274
XP002665476.3_7955,PF12661,243,260
XP002665476.3_7955,PF00008,138,168
XP002665476.3_7955,PF14670,233,269
XP002665476.3_7955,PF00084,79,132
XP017209808.2_7955,end,416,416
XP017209808.2_7955,PS50923,64,121
XP017209808.2_7955,PS01187,206,235
XP017209808.2_7955,PS50026,206,251
XP017209808.2_7955,PS00010,226,237
XP017209808.2_7955,PS01186,235,250
XP017209808.2_7955,PF22914,316,413
XP017209808.2_7955,PF07645,252,311
XP017209808.2_7955,PF12662,232,255
XP017209808.2_7955,PF00084,66,119
XP017209808.2_7955,PF14670,216,250
XP012816895.2_8364,end,5519,5519
XP012816895.2_8364,PS00639,306,316
XP012816895.2_8364,PS50835,432,516
XP012816895.2_8364,PS50835,521,606
XP012816895.2_8364,PS50835,613,697
XP012816895.2_8364,PS50835,703,787
XP012816895.2_8364,PS50835,794,884
XP012816895.2_8364,PS50835,891,977
XP012816895.2_8364,PS50835,982,1068
XP012816895.2_8364,PS50835,1073,1170
XP012816895.2_8364,PS50835,1175,1257
XP012816895.2_8364,PS50835,1262,1352
XP012816895.2_8364,PS50835,1358,1447
XP012816895.2_8364,PS50835,1452,1541
XP012816895.2_8364,PS50835,1546,1634
XP012816895.2_8364,PS50835,1638,1728
XP012816895.2_8364,PS50835,1733,1821
XP012816895.2_8364,PS50835,1826,1913
XP012816895.2_8364,PS50835,1918,2002
XP012816895.2_8364,PS50835,2011,2098
XP012816895.2_8364,PS50835,2103,2189
XP012816895.2_8364,PS50835,2194,2284
XP012816895.2_8364,PS50835,2289,2378
XP012816895.2_8364,PS50835,2386,2472
XP012816895.2_8364,PS50835,2477,2562
XP012816895.2_8364,PS50835,2569,2659
XP012816895.2_8364,PS50835,2664,2757
XP012816895.2_8364,PS50835,2765,2863
XP012816895.2_8364,PS50835,2868,2960
XP012816895.2_8364,PS50835,2965,3052
XP012816895.2_8364,PS50835,3057,3147
XP012816895.2_8364,PS50835,3152,3241
XP012816895.2_8364,PS50835,3246,3336
XP012816895.2_8364,PS50835,3341,3430
XP012816895.2_8364,PS50835,3435,3523
XP012816895.2_8364,PS50835,3528,3616
XP012816895.2_8364,PS50835,3621,3709
XP012816895.2_8364,PS50835,3714,3798
XP012816895.2_8364,PS50835,3805,3893
XP012816895.2_8364,PS50835,3898,3984
XP012816895.2_8364,PS50835,3989,4074
XP012816895.2_8364,PS50835,4078,4164
XP012816895.2_8364,PS50835,4169,4255
XP012816895.2_8364,PS50835,4260,4341
XP012816895.2_8364,PS50835,4349,4436
XP012816895.2_8364,PS50835,4441,4528
XP012816895.2_8364,PS50092,4530,4585
XP012816895.2_8364,PS50092,4587,4642
XP012816895.2_8364,PS50092,4644,4699
XP012816895.2_8364,PS50092,4701,4756
XP012816895.2_8364,PS50092,4758,4813
XP012816895.2_8364,PS50092,4815,4870
XP012816895.2_8364,PS50993,4872,5094
XP012816895.2_8364,PS01187,5108,5131
XP012816895.2_8364,PS50026,5108,5147
XP012816895.2_8364,PS00010,5122,5133
XP012816895.2_8364,PS01187,5148,5174
XP012816895.2_8364,PS01187,5193,5216
XP012816895.2_8364,PS50026,5193,5230
XP012816895.2_8364,PS00010,5207,5218
XP012816895.2_8364,PS01186,5216,5229
XP012816895.2_8364,PS01187,5231,5255
XP012816895.2_8364,PS01187,5273,5299
XP012816895.2_8364,PS50026,5273,5311
XP012816895.2_8364,PS00010,5290,5301
XP012816895.2_8364,PS01186,5299,5314
XP012816895.2_8364,PS01187,5316,5339
XP012816895.2_8364,PS50026,5316,5355
XP012816895.2_8364,PS00010,5330,5341
XP012816895.2_8364,PS01186,5339,5354
XP012816895.2_8364,PF07679,4441,4527
XP012816895.2_8364,PF13927,4440,4514
XP012816895.2_8364,PF13895,4440,4529
XP012816895.2_8364,PF00047,4449,4523
XP012816895.2_8364,PF00090,4819,4869
XP012816895.2_8364,PF07474,4871,5053
XP012816895.2_8364,PF07645,5356,5400
XP012816895.2_8364,PF12662,5336,5359
XP031747766.1_8364,end,4625,4625
XP031747766.1_8364,PS50835,418,502
XP031747766.1_8364,PS50835,507,591
XP031747766.1_8364,PS50835,596,681
XP031747766.1_8364,PS50835,686,769
XP031747766.1_8364,PS50835,774,863
XP031747766.1_8364,PS50835,870,956
XP031747766.1_8364,PS50835,961,1047
XP031747766.1_8364,PS50835,1052,1147
XP031747766.1_8364,PS50835,1150,1236
XP031747766.1_8364,PS50835,1241,1328
XP031747766.1_8364,PS50835,1333,1419
XP031747766.1_8364,PS50835,1426,1515
XP031747766.1_8364,PS50835,1520,1608
XP031747766.1_8364,PS50835,1613,1702
XP031747766.1_8364,PS50835,1707,1795
XP031747766.1_8364,PS50835,1800,1879
XP031747766.1_8364,PS50835,1884,1970
XP031747766.1_8364,PS50835,1975,2062
XP031747766.1_8364,PS50835,2067,2153
XP031747766.1_8364,PS50835,2158,2245
XP031747766.1_8364,PS50835,2250,2341
XP031747766.1_8364,PS50835,2344,2433
XP031747766.1_8364,PS50835,2438,2525
XP031747766.1_8364,PS50835,2530,2621
XP031747766.1_8364,PS50835,2625,2719
XP031747766.1_8364,PS50835,2732,2829
XP031747766.1_8364,PS50835,2833,2922
XP031747766.1_8364,PS50835,2929,3014
XP031747766.1_8364,PS50835,3021,3106
XP031747766.1_8364,PS50835,3114,3199
XP031747766.1_8364,PS50835,3206,3296
XP031747766.1_8364,PS50835,3300,3388
XP031747766.1_8364,PS50835,3395,3483
XP031747766.1_8364,PS50835,3488,3571
XP031747766.1_8364,PS50835,3579,3667
XP031747766.1_8364,PS50835,3672,3758
XP031747766.1_8364,PS50092,3762,3817
XP031747766.1_8364,PS50092,3819,3874
XP031747766.1_8364,PS50993,3876,4098
XP031747766.1_8364,PS01187,4111,4134
XP031747766.1_8364,PS50026,4111,4150
XP031747766.1_8364,PS00010,4125,4136
XP031747766.1_8364,PS01186,4134,4149
XP031747766.1_8364,PS01187,4151,4177
XP031747766.1_8364,PS01187,4196,4219
XP031747766.1_8364,PS50026,4196,4233
XP031747766.1_8364,PS00010,4210,4221
XP031747766.1_8364,PS01186,4219,4232
XP031747766.1_8364,PS01187,4234,4258
XP031747766.1_8364,PS50026,4234,4275
XP031747766.1_8364,PS01187,4276,4302
XP031747766.1_8364,PS50026,4276,4311
XP031747766.1_8364,PS00010,4293,4304
XP031747766.1_8364,PS01186,4302,4317
XP031747766.1_8364,PS01187,4319,4343
XP031747766.1_8364,PS50026,4319,4359
XP031747766.1_8364,PS00010,4334,4345
XP031747766.1_8364,PS01187,4424,4447
XP031747766.1_8364,PS50026,4424,4463
XP031747766.1_8364,PS00010,4438,4449
XP031747766.1_8364,PS01186,4447,4462
XP031747766.1_8364,PF07679,3672,3759
XP031747766.1_8364,PF13927,3671,3746
XP031747766.1_8364,PF13895,3671,3759
XP031747766.1_8364,PF00047,3588,3664
XP031747766.1_8364,PF07645,4464,4508
XP031747766.1_8364,PF07474,3875,4057
XP031747766.1_8364,PF12662,4444,4467
XP031747766.1_8364,PF00090,3823,3873
XP031747766.1_8364,PF14670,4115,4149
XP031747766.1_8364,PF00008,4428,4456
NP001025619.1_8364,end,439,439
NP001025619.1_8364,PS01187,41,67
NP001025619.1_8364,PS01187,112,144
NP001025619.1_8364,PS50026,118,158
NP001025619.1_8364,PS00010,135,146
NP001025619.1_8364,PS01186,144,157
NP001025619.1_8364,PS01187,159,181
NP001025619.1_8364,PS50026,159,197
NP001025619.1_8364,PS00010,172,183
NP001025619.1_8364,PS01186,181,196
NP001025619.1_8364,PS01187,198,221
NP001025619.1_8364,PS50026,198,237
NP001025619.1_8364,PS00010,212,223
NP001025619.1_8364,PS01186,221,236
NP001025619.1_8364,PS01187,238,262
NP001025619.1_8364,PS50026,238,278
NP001025619.1_8364,PS00010,253,264
NP001025619.1_8364,PS01186,262,277
NP001025619.1_8364,PS01187,279,305
NP001025619.1_8364,PF07645,279,325
NP001025619.1_8364,PF12662,259,282
NP001025619.1_8364,PF22914,337,436
NP001025619.1_8364,PF14670,242,277
NP001025619.1_8364,PF12661,249,268
NP001025619.1_8364,PF00008,236,271
XP002936872.1_8364,end,460,460
XP002936872.1_8364,PS01187,43,69
XP002936872.1_8364,PS01187,140,166
XP002936872.1_8364,PS50026,140,180
XP002936872.1_8364,PS00010,157,168
XP002936872.1_8364,PS01187,181,204
XP002936872.1_8364,PS50026,181,216
XP002936872.1_8364,PS00010,195,206
XP002936872.1_8364,PS01186,204,219
XP002936872.1_8364,PS01187,221,243
XP002936872.1_8364,PS50026,221,259
XP002936872.1_8364,PS00010,234,245
XP002936872.1_8364,PS01186,243,258
XP002936872.1_8364,PS01187,260,284
XP002936872.1_8364,PS50026,260,299
XP002936872.1_8364,PS00010,275,286
XP002936872.1_8364,PS01186,284,298
XP002936872.1_8364,PS01187,300,326
XP002936872.1_8364,PF07645,300,353
XP002936872.1_8364,PF12662,281,303
XP002936872.1_8364,PF22914,358,457
XP002936872.1_8364,PF12661,274,290
XP002939376.2_8364,end,442,442
XP002939376.2_8364,PS01187,45,71
XP002939376.2_8364,PS01187,122,148
XP002939376.2_8364,PS50026,122,162
XP002939376.2_8364,PS00010,139,150
XP002939376.2_8364,PS01186,148,161
XP002939376.2_8364,PS01187,163,185
XP002939376.2_8364,PS50026,163,201
XP002939376.2_8364,PS00010,176,187
XP002939376.2_8364,PS01186,185,200
XP002939376.2_8364,PS01187,202,225
XP002939376.2_8364,PS50026,202,237
XP002939376.2_8364,PS00010,216,227
XP002939376.2_8364,PS01186,225,240
XP002939376.2_8364,PS01187,242,266
XP002939376.2_8364,PS50026,242,281
XP002939376.2_8364,PS00010,257,268
XP002939376.2_8364,PS01186,266,280
XP002939376.2_8364,PF07645,282,328
XP002939376.2_8364,PF12662,263,285
XP002939376.2_8364,PF22914,340,439
XP031754335.1_8364,end,664,664
XP031754335.1_8364,PS01177,16,50
XP031754335.1_8364,PS01178,16,50
XP031754335.1_8364,PS01177,58,93
XP031754335.1_8364,PS01177,95,127
XP031754335.1_8364,PS01178,95,127
XP031754335.1_8364,PS01186,181,196
XP031754335.1_8364,PS01187,198,224
XP031754335.1_8364,PS01187,238,270
XP031754335.1_8364,PS01187,290,316
XP031754335.1_8364,PS01187,338,364
XP031754335.1_8364,PS50026,338,380
XP031754335.1_8364,PS00010,355,366
XP031754335.1_8364,PS01186,364,379
XP031754335.1_8364,PS01187,381,406
XP031754335.1_8364,PS50026,381,422
XP031754335.1_8364,PS00010,397,408
XP031754335.1_8364,PS01186,406,421
XP031754335.1_8364,PS01187,423,445
XP031754335.1_8364,PS50026,423,462
XP031754335.1_8364,PS00010,436,447
XP031754335.1_8364,PS01187,463,489
XP031754335.1_8364,PS50026,463,506
XP031754335.1_8364,PS00010,480,491
XP031754335.1_8364,PS01187,507,533
XP031754335.1_8364,PF07645,507,550
XP031754335.1_8364,PF12662,486,510
XP031754335.1_8364,PF22914,565,662
XP017949170.2_8364,end,1029,1029
XP017949170.2_8364,PS01177,434,467
XP017949170.2_8364,PS01178,434,467
XP017949170.2_8364,PS01177,508,540
XP017949170.2_8364,PS01187,566,592
XP017949170.2_8364,PS01187,611,637
XP017949170.2_8364,PS01187,656,682
XP017949170.2_8364,PS50026,704,742
XP017949170.2_8364,PS01186,730,745
XP017949170.2_8364,PS01187,747,772
XP017949170.2_8364,PS50026,747,788
XP017949170.2_8364,PS00010,763,774
XP017949170.2_8364,PS01186,772,787
XP017949170.2_8364,PS01187,789,811
XP017949170.2_8364,PS50026,789,827
XP017949170.2_8364,PS00010,802,813
XP017949170.2_8364,PS01186,811,826
XP017949170.2_8364,PS01187,828,853
XP017949170.2_8364,PS50026,828,870
XP017949170.2_8364,PS00010,844,855
XP017949170.2_8364,PS01187,871,897
XP017949170.2_8364,PF07645,871,919
XP017949170.2_8364,PF12662,850,874
XP017949170.2_8364,PF22914,930,1027
XP002940445.2_8364,end,440,440
XP002940445.2_8364,PS50923,79,136
XP002940445.2_8364,PS50026,136,172
XP002940445.2_8364,PS00022,160,171
XP002940445.2_8364,PS01187,225,254
XP002940445.2_8364,PS50026,225,270
XP002940445.2_8364,PS00010,245,256
XP002940445.2_8364,PS01186,254,269
XP002940445.2_8364,PS01187,271,297
XP002940445.2_8364,PF22914,336,437
XP002940445.2_8364,PF07645,271,319
XP002940445.2_8364,PF12662,251,274
XP002940445.2_8364,PF00008,235,264
XP002940445.2_8364,PF12661,243,260
XP002940445.2_8364,PF14670,235,269
XP002940445.2_8364,PF00084,81,134
XP031756690.1_8364,end,379,379
XP031756690.1_8364,PS50923,71,128
XP031756690.1_8364,PS01186,153,167
XP031756690.1_8364,PS01187,169,198
XP031756690.1_8364,PS00010,189,200
XP031756690.1_8364,PS01186,198,213
XP031756690.1_8364,PS01187,215,241
XP031756690.1_8364,PF22914,280,376
XP031756690.1_8364,PF07645,215,268
XP031756690.1_8364,PF12662,195,218
XP031756690.1_8364,PF00084,73,126
NP001179466.3_9913,end,5635,5635
NP001179466.3_9913,PS50835,431,517
NP001179466.3_9913,PS50835,520,607
NP001179466.3_9913,PS50835,612,697
NP001179466.3_9913,PS50835,702,788
NP001179466.3_9913,PS50835,793,883
NP001179466.3_9913,PS50835,890,976
NP001179466.3_9913,PS50835,981,1067
NP001179466.3_9913,PS50835,1072,1166
NP001179466.3_9913,PS50835,1171,1255
NP001179466.3_9913,PS50835,1261,1354
NP001179466.3_9913,PS50835,1358,1447
NP001179466.3_9913,PS50835,1452,1541
NP001179466.3_9913,PS50835,1546,1634
NP001179466.3_9913,PS50835,1638,1724
NP001179466.3_9913,PS50835,1733,1821
NP001179466.3_9913,PS50835,1826,1914
NP001179466.3_9913,PS50835,1919,2007
NP001179466.3_9913,PS50835,2012,2097
NP001179466.3_9913,PS50835,2104,2190
NP001179466.3_9913,PS50835,2195,2285
NP001179466.3_9913,PS50835,2290,2379
NP001179466.3_9913,PS50835,2384,2473
NP001179466.3_9913,PS50835,2478,2566
NP001179466.3_9913,PS50835,2571,2662
NP001179466.3_9913,PS50835,2677,2761
NP001179466.3_9913,PS50835,2766,2864
NP001179466.3_9913,PS50835,2868,2959
NP001179466.3_9913,PS50835,2963,3051
NP001179466.3_9913,PS50835,3056,3146
NP001179466.3_9913,PS50835,3151,3240
NP001179466.3_9913,PS50835,3245,3335
NP001179466.3_9913,PS50835,3340,3429
NP001179466.3_9913,PS50835,3434,3516
NP001179466.3_9913,PS50835,3527,3615
NP001179466.3_9913,PS50835,3620,3708
NP001179466.3_9913,PS50835,3713,3797
NP001179466.3_9913,PS50835,3804,3892
NP001179466.3_9913,PS50835,3897,3981
NP001179466.3_9913,PS50835,3988,4076
NP001179466.3_9913,PS50835,4079,4164
NP001179466.3_9913,PS50835,4169,4255
NP001179466.3_9913,PS50835,4260,4333
NP001179466.3_9913,PS50835,4348,4435
NP001179466.3_9913,PS50835,4440,4527
NP001179466.3_9913,PS50092,4529,4584
NP001179466.3_9913,PS50092,4586,4641
NP001179466.3_9913,PS50092,4643,4698
NP001179466.3_9913,PS50092,4700,4755
NP001179466.3_9913,PS50092,4757,4812
NP001179466.3_9913,PS50092,4814,4869
NP001179466.3_9913,PS50993,4871,5093
NP001179466.3_9913,PS01187,5107,5130
NP001179466.3_9913,PS50026,5107,5146
NP001179466.3_9913,PS00010,5121,5132
NP001179466.3_9913,PS01187,5147,5173
NP001179466.3_9913,PS00383,5175,5185
NP001179466.3_9913,PS01187,5192,5215
NP001179466.3_9913,PS50026,5192,5229
NP001179466.3_9913,PS00010,5206,5217
NP001179466.3_9913,PS01186,5215,5228
NP001179466.3_9913,PS01187,5230,5254
NP001179466.3_9913,PS01187,5272,5298
NP001179466.3_9913,PS50026,5272,5307
NP001179466.3_9913,PS00010,5289,5300
NP001179466.3_9913,PS01186,5298,5313
NP001179466.3_9913,PS01187,5315,5339
NP001179466.3_9913,PS50026,5315,5355
NP001179466.3_9913,PS00010,5330,5341
NP001179466.3_9913,PS01187,5432,5455
NP001179466.3_9913,PS50026,5432,5471
NP001179466.3_9913,PS00010,5446,5457
NP001179466.3_9913,PS01186,5455,5470
NP001179466.3_9913,PS01187,5472,5498
NP001179466.3_9913,PF07679,4440,4526
NP001179466.3_9913,PF13927,4439,4513
NP001179466.3_9913,PF13895,4439,4528
NP001179466.3_9913,PF00047,4447,4522
NP001179466.3_9913,PF00090,4818,4868
NP001179466.3_9913,PF07645,5472,5516
NP001179466.3_9913,PF07474,4870,5052
NP001179466.3_9913,PF12662,5452,5475
XP010808812.1_9913,end,5078,5078
XP010808812.1_9913,PS00639,301,311
XP010808812.1_9913,PS50835,427,513
XP010808812.1_9913,PS50835,517,602
XP010808812.1_9913,PS50835,607,690
XP010808812.1_9913,PS50835,697,780
XP010808812.1_9913,PS50835,785,875
XP010808812.1_9913,PS50835,880,966
XP010808812.1_9913,PS50835,971,1057
XP010808812.1_9913,PS50835,1062,1155
XP010808812.1_9913,PS50835,1160,1240
XP010808812.1_9913,PS50835,1261,1334
XP010808812.1_9913,PS50835,1339,1425
XP010808812.1_9913,PS50835,1432,1519
XP010808812.1_9913,PS50835,1526,1614
XP010808812.1_9913,PS50835,1619,1710
XP010808812.1_9913,PS50835,1713,1801
XP010808812.1_9913,PS50835,1806,1885
XP010808812.1_9913,PS50835,1890,1978
XP010808812.1_9913,PS50835,1981,2068
XP010808812.1_9913,PS50835,2075,2161
XP010808812.1_9913,PS50835,2165,2255
XP010808812.1_9913,PS50835,2260,2349
XP010808812.1_9913,PS50835,2354,2443
XP010808812.1_9913,PS50835,2448,2536
XP010808812.1_9913,PS50835,2541,2633
XP010808812.1_9913,PS50835,2638,2729
XP010808812.1_9913,PS50835,2735,2830
XP010808812.1_9913,PS50835,2846,2935
XP010808812.1_9913,PS50835,2942,3029
XP010808812.1_9913,PS50835,3034,3124
XP010808812.1_9913,PS50835,3128,3216
XP010808812.1_9913,PS50835,3221,3311
XP010808812.1_9913,PS50835,3316,3405
XP010808812.1_9913,PS50835,3409,3494
XP010808812.1_9913,PS50835,3499,3585
XP010808812.1_9913,PS50835,3590,3674
XP010808812.1_9913,PS50835,3683,3769
XP010808812.1_9913,PS50835,3774,3859
XP010808812.1_9913,PS50835,3867,3953
XP010808812.1_9913,PS50835,3958,4043
XP010808812.1_9913,PS50835,4048,4134
XP010808812.1_9913,PS50835,4139,4220
XP010808812.1_9913,PS50835,4228,4314
XP010808812.1_9913,PS50835,4319,4404
XP010808812.1_9913,PS50993,4408,4630
XP010808812.1_9913,PS01187,4644,4668
XP010808812.1_9913,PS50026,4644,4680
XP010808812.1_9913,PS00010,4659,4670
XP010808812.1_9913,PS01186,4668,4683
XP010808812.1_9913,PS01187,4685,4711
XP010808812.1_9913,PS50026,4685,4729
XP010808812.1_9913,PS50026,4730,4768
XP010808812.1_9913,PS01186,4756,4771
XP010808812.1_9913,PS01187,4773,4797
XP010808812.1_9913,PS50026,4773,4813
XP010808812.1_9913,PS00010,4788,4799
XP010808812.1_9913,PS01187,4882,4905
XP010808812.1_9913,PS50026,4882,4921
XP010808812.1_9913,PS00010,4896,4907
XP010808812.1_9913,PS01186,4905,4920
XP010808812.1_9913,PS01187,4922,4948
XP010808812.1_9913,PF07679,4319,4405
XP010808812.1_9913,PF13927,4318,4392
XP010808812.1_9913,PF13895,4319,4404
XP010808812.1_9913,PF00047,4326,4401
XP010808812.1_9913,PF08205,607,666
XP010808812.1_9913,PF07645,4922,4966
XP010808812.1_9913,PF07474,4407,4589
XP010808812.1_9913,PF12662,4902,4925
XP005222280.1_9913,end,461,461
XP005222280.1_9913,PS01187,55,81
XP005222280.1_9913,PS50026,55,95
XP005222280.1_9913,PS01187,134,166
XP005222280.1_9913,PS50026,140,180
XP005222280.1_9913,PS00010,157,168
XP005222280.1_9913,PS01186,166,179
XP005222280.1_9913,PS01187,181,203
XP005222280.1_9913,PS50026,181,219
XP005222280.1_9913,PS00010,194,205
XP005222280.1_9913,PS01186,203,218
XP005222280.1_9913,PS01187,220,243
XP005222280.1_9913,PS50026,220,259
XP005222280.1_9913,PS00010,234,245
XP005222280.1_9913,PS01186,243,258
XP005222280.1_9913,PS01187,260,284
XP005222280.1_9913,PS50026,260,300
XP005222280.1_9913,PS00010,275,286
XP005222280.1_9913,PS01186,284,299
XP005222280.1_9913,PS01187,301,327
XP005222280.1_9913,PF07645,301,350
XP005222280.1_9913,PF12662,281,304
XP005222280.1_9913,PF22914,359,458
XP005222280.1_9913,PF14670,264,299
XP005222280.1_9913,PF12661,267,290
NP001069517.1_9913,end,443,443
NP001069517.1_9913,PS01187,54,80
NP001069517.1_9913,PS01187,123,149
NP001069517.1_9913,PS50026,123,163
NP001069517.1_9913,PS00010,140,151
NP001069517.1_9913,PS01186,149,162
NP001069517.1_9913,PS01187,164,186
NP001069517.1_9913,PS50026,164,202
NP001069517.1_9913,PS00010,177,188
NP001069517.1_9913,PS01186,186,201
NP001069517.1_9913,PS01187,203,226
NP001069517.1_9913,PS50026,203,238
NP001069517.1_9913,PS00010,217,228
NP001069517.1_9913,PS01186,226,241
NP001069517.1_9913,PS01187,243,267
NP001069517.1_9913,PS50026,243,282
NP001069517.1_9913,PS00010,258,269
NP001069517.1_9913,PS01186,267,281
NP001069517.1_9913,PS01187,283,309
NP001069517.1_9913,PF07645,283,336
NP001069517.1_9913,PF12662,264,286
NP001069517.1_9913,PF22914,341,440
NP001069517.1_9913,PF12661,257,273
NP001075186.1_9913,end,498,498
NP001075186.1_9913,PS01187,44,70
NP001075186.1_9913,PS01187,178,204
NP001075186.1_9913,PS50026,178,218
NP001075186.1_9913,PS00010,195,206
NP001075186.1_9913,PS01186,204,217
NP001075186.1_9913,PS01187,219,242
NP001075186.1_9913,PS50026,219,258
NP001075186.1_9913,PS00010,233,244
NP001075186.1_9913,PS01186,242,257
NP001075186.1_9913,PS01187,259,282
NP001075186.1_9913,PS50026,259,298
NP001075186.1_9913,PS00010,273,284
NP001075186.1_9913,PS01186,282,297
NP001075186.1_9913,PS01187,299,323
NP001075186.1_9913,PS50026,299,338
NP001075186.1_9913,PS00010,314,325
NP001075186.1_9913,PS01186,323,337
NP001075186.1_9913,PS01187,339,364
NP001075186.1_9913,PF07645,339,391
NP001075186.1_9913,PF12662,320,342
NP001075186.1_9913,PF22914,396,495
NP001091498.1_9913,end,706,706
NP001091498.1_9913,PS01177,36,69
NP001091498.1_9913,PS01178,36,69
NP001091498.1_9913,PS01177,77,110
NP001091498.1_9913,PS01178,77,110
NP001091498.1_9913,PS01177,112,144
NP001091498.1_9913,PS01178,112,144
NP001091498.1_9913,PS01186,202,217
NP001091498.1_9913,PS01187,219,245
NP001091498.1_9913,PS01187,259,291
NP001091498.1_9913,PS01187,311,337
NP001091498.1_9913,PS01187,359,385
NP001091498.1_9913,PS50026,359,401
NP001091498.1_9913,PS00010,376,387
NP001091498.1_9913,PS01186,385,400
NP001091498.1_9913,PS01187,402,427
NP001091498.1_9913,PS50026,402,443
NP001091498.1_9913,PS00010,418,429
NP001091498.1_9913,PS01186,427,442
NP001091498.1_9913,PS01187,444,466
NP001091498.1_9913,PS50026,444,483
NP001091498.1_9913,PS00010,457,468
NP001091498.1_9913,PS01187,484,510
NP001091498.1_9913,PS50026,484,527
NP001091498.1_9913,PS00010,501,512
NP001091498.1_9913,PS01187,528,554
NP001091498.1_9913,PF07645,528,580
NP001091498.1_9913,PF12662,507,531
NP001091498.1_9913,PF14670,406,442
NP001091498.1_9913,PF22914,597,703
NP001091498.1_9913,PF01821,112,144
XP002697177.1_9913,end,1207,1207
XP002697177.1_9913,PS00070,25,36
XP002697177.1_9913,PS01177,421,456
XP002697177.1_9913,PS01178,421,456
XP002697177.1_9913,PS01177,464,495
XP002697177.1_9913,PS01178,464,495
XP002697177.1_9913,PS01177,497,529
XP002697177.1_9913,PS01178,497,529
XP002697177.1_9913,PS01187,580,605
XP002697177.1_9913,PS50026,580,621
XP002697177.1_9913,PS00010,596,607
XP002697177.1_9913,PS01186,605,620
XP002697177.1_9913,PS01186,678,693
XP002697177.1_9913,PS01187,695,721
XP002697177.1_9913,PS01187,742,768
XP002697177.1_9913,PS01187,787,813
XP002697177.1_9913,PS50026,787,820
XP002697177.1_9913,PS01187,833,859
XP002697177.1_9913,PS01187,881,907
XP002697177.1_9913,PS50026,881,923
XP002697177.1_9913,PS00010,898,909
XP002697177.1_9913,PS01186,907,922
XP002697177.1_9913,PS01187,924,949
XP002697177.1_9913,PS50026,924,965
XP002697177.1_9913,PS00010,940,951
XP002697177.1_9913,PS01186,949,964
XP002697177.1_9913,PS01187,966,988
XP002697177.1_9913,PS50026,966,1004
XP002697177.1_9913,PS00010,979,990
XP002697177.1_9913,PS01186,988,1003
XP002697177.1_9913,PS01187,1005,1030
XP002697177.1_9913,PS50026,1005,1047
XP002697177.1_9913,PS00010,1021,1032
XP002697177.1_9913,PS01187,1048,1074
XP002697177.1_9913,PF07645,1048,1105
XP002697177.1_9913,PF12662,1027,1051
XP002697177.1_9913,PF22914,1107,1204
XP002697177.1_9913,PF14670,584,620
XP002697177.1_9913,PF01821,497,529
XP002691171.2_9913,end,439,439
XP002691171.2_9913,PS51257,1,18
XP002691171.2_9913,PS50923,79,136
XP002691171.2_9913,PS50026,136,172
XP002691171.2_9913,PS00022,160,171
XP002691171.2_9913,PS01187,224,253
XP002691171.2_9913,PS50026,224,269
XP002691171.2_9913,PS00010,244,255
XP002691171.2_9913,PS01186,253,268
XP002691171.2_9913,PS01187,270,296
XP002691171.2_9913,PF22914,335,436
XP002691171.2_9913,PF07645,270,323
XP002691171.2_9913,PF12662,250,273
XP002691171.2_9913,PF00008,233,261
XP002691171.2_9913,PF00084,81,134
XP002691171.2_9913,PF14670,234,268
XP002691171.2_9913,PF12661,242,259
XP018668081.2_7719,end,5532,5532
XP018668081.2_7719,PS50835,474,562
XP018668081.2_7719,PS50835,570,657
XP018668081.2_7719,PS50835,660,745
XP018668081.2_7719,PS50835,752,835
XP018668081.2_7719,PS50835,842,933
XP018668081.2_7719,PS50835,938,1024
XP018668081.2_7719,PS50835,1029,1116
XP018668081.2_7719,PS50835,1121,1208
XP018668081.2_7719,PS50835,1213,1301
XP018668081.2_7719,PS50835,1318,1401
XP018668081.2_7719,PS50835,1409,1501
XP018668081.2_7719,PS50835,1506,1595
XP018668081.2_7719,PS50835,1599,1686
XP018668081.2_7719,PS50835,1691,1779
XP018668081.2_7719,PS50835,1783,1870
XP018668081.2_7719,PS50835,1874,1965
XP018668081.2_7719,PS50835,1969,2060
XP018668081.2_7719,PS50835,2065,2155
XP018668081.2_7719,PS50835,2160,2247
XP018668081.2_7719,PS50835,2252,2337
XP018668081.2_7719,PS50835,2342,2431
XP018668081.2_7719,PS50835,2436,2524
XP018668081.2_7719,PS50835,2529,2624
XP018668081.2_7719,PS50835,2629,2717
XP018668081.2_7719,PS50835,2723,2815
XP018668081.2_7719,PS50835,2820,2910
XP018668081.2_7719,PS50835,2913,3004
XP018668081.2_7719,PS50835,3010,3098
XP018668081.2_7719,PS50835,3102,3193
XP018668081.2_7719,PS50835,3198,3285
XP018668081.2_7719,PS50835,3290,3376
XP018668081.2_7719,PS50835,3381,3471
XP018668081.2_7719,PS50835,3476,3568
XP018668081.2_7719,PS50835,3589,3657
XP018668081.2_7719,PS50835,3663,3741
XP018668081.2_7719,PS50835,3746,3829
XP018668081.2_7719,PS50835,3835,3921
XP018668081.2_7719,PS50835,3928,4013
XP018668081.2_7719,PS50835,4018,4103
XP018668081.2_7719,PS50835,4108,4187
XP018668081.2_7719,PS50835,4192,4281
XP018668081.2_7719,PS50835,4284,4370
XP018668081.2_7719,PS50835,4375,4461
XP018668081.2_7719,PS50835,4466,4551
XP018668081.2_7719,PS50092,4555,4610
XP018668081.2_7719,PS50092,4612,4667
XP018668081.2_7719,PS50092,4669,4724
XP018668081.2_7719,PS50092,4726,4781
XP018668081.2_7719,PS50092,4783,4838
XP018668081.2_7719,PS50092,4840,4895
XP018668081.2_7719,PS50993,4897,5118
XP018668081.2_7719,PS01187,5132,5155
XP018668081.2_7719,PS50026,5132,5171
XP018668081.2_7719,PS00010,5146,5157
XP018668081.2_7719,PS01186,5155,5170
XP018668081.2_7719,PS01187,5172,5198
XP018668081.2_7719,PS01187,5217,5242
XP018668081.2_7719,PS50026,5217,5257
XP018668081.2_7719,PS00010,5233,5244
XP018668081.2_7719,PS01186,5242,5256
XP018668081.2_7719,PS01187,5258,5284
XP018668081.2_7719,PS01187,5302,5328
XP018668081.2_7719,PS50026,5302,5340
XP018668081.2_7719,PS00010,5319,5330
XP018668081.2_7719,PS01186,5328,5343
XP018668081.2_7719,PS01187,5345,5370
XP018668081.2_7719,PS50026,5345,5386
XP018668081.2_7719,PS00010,5361,5372
XP018668081.2_7719,PS01187,5449,5473
XP018668081.2_7719,PS50026,5449,5489
XP018668081.2_7719,PS00010,5464,5475
XP018668081.2_7719,PS01186,5473,5488
XP018668081.2_7719,PS00615,5494,5516
XP018668081.2_7719,PF07679,4466,4552
XP018668081.2_7719,PF13927,4465,4539
XP018668081.2_7719,PF13895,4466,4554
XP018668081.2_7719,PF00047,4477,4547
XP018668081.2_7719,PF00090,4844,4894
XP018668081.2_7719,PF07645,5490,5532
XP018668081.2_7719,PF07474,4896,5077
XP018668081.2_7719,PF12662,5470,5493
XP002128973.1_7719,end,477,477
XP002128973.1_7719,PS01187,50,75
XP002128973.1_7719,PS50026,50,91
XP002128973.1_7719,PS00010,66,77
XP002128973.1_7719,PS01186,75,90
XP002128973.1_7719,PS01187,92,116
XP002128973.1_7719,PS50026,92,130
XP002128973.1_7719,PS00010,107,118
XP002128973.1_7719,PS01187,131,155
XP002128973.1_7719,PS50026,131,170
XP002128973.1_7719,PS00010,146,157
XP002128973.1_7719,PS01186,155,169
XP002128973.1_7719,PS01187,171,196
XP002128973.1_7719,PS50026,171,214
XP002128973.1_7719,PS00010,187,198
XP002128973.1_7719,PS01187,215,239
XP002128973.1_7719,PS50026,215,251
XP002128973.1_7719,PS00010,230,241
XP002128973.1_7719,PS01186,239,252
XP002128973.1_7719,PS01187,254,279
XP002128973.1_7719,PS00010,270,281
XP002128973.1_7719,PS01186,279,292
XP002128973.1_7719,PF07645,294,339
XP002128973.1_7719,PF12662,152,174
XP002128973.1_7719,PF00008,135,165
XP002128973.1_7719,PF22914,374,474
XP002128973.1_7719,PF12661,267,285
XP002128973.1_7719,PF12946,134,170
XP018668509.1_7719,end,1570,1570
XP018668509.1_7719,PS51257,1,19
XP018668509.1_7719,PS01177,981,1012
XP018668509.1_7719,PS01178,981,1012
XP018668509.1_7719,PS50026,1046,1085
XP018668509.1_7719,PS01186,1069,1084
XP018668509.1_7719,PS01187,1086,1112
XP018668509.1_7719,PS01187,1132,1158
XP018668509.1_7719,PS01187,1177,1203
XP018668509.1_7719,PS50026,1177,1219
XP018668509.1_7719,PS00010,1194,1205
XP018668509.1_7719,PS01186,1203,1218
XP018668509.1_7719,PS01187,1220,1246
XP018668509.1_7719,PS01187,1269,1295
XP018668509.1_7719,PS01187,1316,1343
XP018668509.1_7719,PS50026,1316,1361
XP018668509.1_7719,PS00010,1334,1345
XP018668509.1_7719,PS01187,1362,1387
XP018668509.1_7719,PS50026,1362,1399
XP018668509.1_7719,PS00010,1378,1389
XP018668509.1_7719,PS01186,1387,1402
XP018668509.1_7719,PS01187,1404,1430
XP018668509.1_7719,PF07645,1404,1453
XP018668509.1_7719,PF12662,1200,1223
XP018668509.1_7719,PF22914,1467,1567
XP002119967.2_7719,end,469,469
XP002119967.2_7719,PS50923,91,155
XP002119967.2_7719,PS50026,159,197
XP002119967.2_7719,PS00022,185,196
XP002119967.2_7719,PS01186,185,196
XP002119967.2_7719,PS01186,222,237
XP002119967.2_7719,PS00010,277,288
XP002119967.2_7719,PS01187,298,330
XP002119967.2_7719,PF07645,304,352
XP002119967.2_7719,PF22914,364,466
XP002119967.2_7719,PF00084,93,153
XP002119967.2_7719,PF00008,163,195
XP002119967.2_7719,PF12662,283,307
XP002125565.2_7719,end,531,531
XP002125565.2_7719,PS51257,1,20
XP002125565.2_7719,PS01187,283,308
XP002125565.2_7719,PS50026,283,323
XP002125565.2_7719,PS00010,299,310
XP002125565.2_7719,PS01186,308,322
XP002125565.2_7719,PS01187,324,348
XP002125565.2_7719,PS50026,324,365
XP002125565.2_7719,PS00010,339,350
XP002125565.2_7719,PF07645,366,411
XP006529820.1_10090,end,5658,5658
XP006529820.1_10090,PS50835,520,607
XP006529820.1_10090,PS50835,612,697
XP006529820.1_10090,PS50835,702,788
XP006529820.1_10090,PS50835,793,883
XP006529820.1_10090,PS50835,890,976
XP006529820.1_10090,PS50835,981,1067
XP006529820.1_10090,PS50835,1072,1166
XP006529820.1_10090,PS50835,1171,1254
XP006529820.1_10090,PS50835,1261,1353
XP006529820.1_10090,PS50835,1357,1446
XP006529820.1_10090,PS50835,1451,1540
XP006529820.1_10090,PS50835,1545,1633
XP006529820.1_10090,PS50835,1638,1723
XP006529820.1_10090,PS50835,1732,1820
XP006529820.1_10090,PS50835,1825,1937
XP006529820.1_10090,PS50835,1942,2030
XP006529820.1_10090,PS50835,2035,2120
XP006529820.1_10090,PS50835,2127,2213
XP006529820.1_10090,PS50835,2218,2308
XP006529820.1_10090,PS50835,2313,2402
XP006529820.1_10090,PS50835,2407,2496
XP006529820.1_10090,PS50835,2501,2589
XP006529820.1_10090,PS50835,2594,2685
XP006529820.1_10090,PS50835,2689,2786
XP006529820.1_10090,PS50835,2789,2887
XP006529820.1_10090,PS50835,2891,2982
XP006529820.1_10090,PS50835,2986,3074
XP006529820.1_10090,PS50835,3079,3169
XP006529820.1_10090,PS50835,3179,3251
XP006529820.1_10090,PS50835,3268,3358
XP006529820.1_10090,PS50835,3363,3452
XP006529820.1_10090,PS50835,3457,3539
XP006529820.1_10090,PS50835,3550,3638
XP006529820.1_10090,PS50835,3643,3731
XP006529820.1_10090,PS50835,3736,3822
XP006529820.1_10090,PS50835,3827,3915
XP006529820.1_10090,PS50835,3920,4006
XP006529820.1_10090,PS50835,4011,4097
XP006529820.1_10090,PS50835,4101,4187
XP006529820.1_10090,PS50835,4192,4276
XP006529820.1_10090,PS50835,4283,4356
XP006529820.1_10090,PS50835,4371,4458
XP006529820.1_10090,PS50835,4463,4550
XP006529820.1_10090,PS50092,4552,4607
XP006529820.1_10090,PS50092,4609,4664
XP006529820.1_10090,PS50092,4666,4721
XP006529820.1_10090,PS50092,4723,4778
XP006529820.1_10090,PS50092,4780,4835
XP006529820.1_10090,PS50092,4837,4892
XP006529820.1_10090,PS50993,4894,5116
XP006529820.1_10090,PS01187,5130,5153
XP006529820.1_10090,PS50026,5130,5169
XP006529820.1_10090,PS00010,5144,5155
XP006529820.1_10090,PS01187,5170,5196
XP006529820.1_10090,PS00383,5198,5208
XP006529820.1_10090,PS01187,5215,5238
XP006529820.1_10090,PS50026,5215,5252
XP006529820.1_10090,PS00010,5229,5240
XP006529820.1_10090,PS01186,5238,5251
XP006529820.1_10090,PS01187,5253,5277
XP006529820.1_10090,PS01187,5295,5321
XP006529820.1_10090,PS50026,5295,5330
XP006529820.1_10090,PS00010,5312,5323
XP006529820.1_10090,PS01186,5321,5336
XP006529820.1_10090,PS01187,5338,5362
XP006529820.1_10090,PS50026,5338,5378
XP006529820.1_10090,PS00010,5353,5364
XP006529820.1_10090,PS01187,5455,5478
XP006529820.1_10090,PS50026,5455,5494
XP006529820.1_10090,PS00010,5469,5480
XP006529820.1_10090,PS01186,5478,5493
XP006529820.1_10090,PS01187,5495,5521
XP006529820.1_10090,PF07679,4463,4549
XP006529820.1_10090,PF13927,4462,4536
XP006529820.1_10090,PF13895,4462,4551
XP006529820.1_10090,PF00047,4470,4545
XP006529820.1_10090,PF00090,4841,4891
XP006529820.1_10090,PF07645,5495,5544
XP006529820.1_10090,PF07474,4893,5075
XP006529820.1_10090,PF12662,5475,5498
XP006498564.1_10090,end,5092,5092
XP006498564.1_10090,PS50835,426,515
XP006498564.1_10090,PS50835,517,601
XP006498564.1_10090,PS50835,609,692
XP006498564.1_10090,PS50835,699,782
XP006498564.1_10090,PS50835,787,877
XP006498564.1_10090,PS50835,882,968
XP006498564.1_10090,PS50835,973,1058
XP006498564.1_10090,PS50835,1063,1156
XP006498564.1_10090,PS50835,1161,1239
XP006498564.1_10090,PS50835,1246,1335
XP006498564.1_10090,PS50835,1340,1428
XP006498564.1_10090,PS50835,1433,1522
XP006498564.1_10090,PS50835,1538,1632
XP006498564.1_10090,PS50835,1637,1725
XP006498564.1_10090,PS50835,1730,1818
XP006498564.1_10090,PS50835,1823,1900
XP006498564.1_10090,PS50835,1907,1995
XP006498564.1_10090,PS50835,1998,2087
XP006498564.1_10090,PS50835,2092,2176
XP006498564.1_10090,PS50835,2183,2272
XP006498564.1_10090,PS50835,2277,2366
XP006498564.1_10090,PS50835,2371,2460
XP006498564.1_10090,PS50835,2465,2553
XP006498564.1_10090,PS50835,2558,2649
XP006498564.1_10090,PS50835,2654,2745
XP006498564.1_10090,PS50835,2768,2846
XP006498564.1_10090,PS50835,2862,2951
XP006498564.1_10090,PS50835,2958,3045
XP006498564.1_10090,PS50835,3050,3140
XP006498564.1_10090,PS50835,3144,3232
XP006498564.1_10090,PS50835,3237,3327
XP006498564.1_10090,PS50835,3332,3419
XP006498564.1_10090,PS50835,3425,3510
XP006498564.1_10090,PS50835,3515,3601
XP006498564.1_10090,PS50835,3606,3694
XP006498564.1_10090,PS50835,3699,3785
XP006498564.1_10090,PS50835,3790,3878
XP006498564.1_10090,PS50835,3883,3969
XP006498564.1_10090,PS50835,3974,4059
XP006498564.1_10090,PS50835,4063,4150
XP006498564.1_10090,PS50835,4155,4236
XP006498564.1_10090,PS50835,4244,4328
XP006498564.1_10090,PS50835,4335,4420
XP006498564.1_10090,PS50993,4424,4646
XP006498564.1_10090,PS01187,4660,4684
XP006498564.1_10090,PS50026,4660,4700
XP006498564.1_10090,PS00010,4675,4686
XP006498564.1_10090,PS01186,4684,4699
XP006498564.1_10090,PS01187,4701,4727
XP006498564.1_10090,PS50026,4701,4745
XP006498564.1_10090,PS50026,4746,4781
XP006498564.1_10090,PS01186,4772,4787
XP006498564.1_10090,PS01187,4789,4813
XP006498564.1_10090,PS50026,4789,4829
XP006498564.1_10090,PS00010,4804,4815
XP006498564.1_10090,PS01187,4896,4919
XP006498564.1_10090,PS50026,4896,4935
XP006498564.1_10090,PS00010,4910,4921
XP006498564.1_10090,PS01186,4919,4934
XP006498564.1_10090,PS01187,4936,4962
XP006498564.1_10090,PS00758,5005,5014
XP006498564.1_10090,PF07679,4335,4421
XP006498564.1_10090,PF13927,4334,4408
XP006498564.1_10090,PF13895,4334,4421
XP006498564.1_10090,PF00047,4342,4417
XP006498564.1_10090,PF07474,4423,4605
XP006498564.1_10090,PF07645,4936,4980
XP006498564.1_10090,PF12662,4916,4939
NP001157824.1_10090,end,462,462
NP001157824.1_10090,PS01187,73,99
NP001157824.1_10090,PS01187,142,168
NP001157824.1_10090,PS50026,142,182
NP001157824.1_10090,PS00010,159,170
NP001157824.1_10090,PS01186,168,181
NP001157824.1_10090,PS01187,183,205
NP001157824.1_10090,PS50026,183,221
NP001157824.1_10090,PS00010,196,207
NP001157824.1_10090,PS01186,205,220
NP001157824.1_10090,PS01187,222,245
NP001157824.1_10090,PS50026,222,257
NP001157824.1_10090,PS00010,236,247
NP001157824.1_10090,PS01186,245,260
NP001157824.1_10090,PS01187,262,286
NP001157824.1_10090,PS50026,262,301
NP001157824.1_10090,PS00010,277,288
NP001157824.1_10090,PS01186,286,300
NP001157824.1_10090,PS01187,302,328
NP001157824.1_10090,PF07645,302,355
NP001157824.1_10090,PF12662,283,305
NP001157824.1_10090,PF22914,360,459
NP001157824.1_10090,PF12661,276,292
NP001348916.1_10090,end,461,461
NP001348916.1_10090,PS01187,55,81
NP001348916.1_10090,PS50026,55,95
NP001348916.1_10090,PS01187,134,166
NP001348916.1_10090,PS50026,140,180
NP001348916.1_10090,PS00010,157,168
NP001348916.1_10090,PS01186,166,179
NP001348916.1_10090,PS01187,181,203
NP001348916.1_10090,PS50026,181,219
NP001348916.1_10090,PS00010,194,205
NP001348916.1_10090,PS01186,203,218
NP001348916.1_10090,PS01187,220,243
NP001348916.1_10090,PS50026,220,259
NP001348916.1_10090,PS00010,234,245
NP001348916.1_10090,PS01186,243,258
NP001348916.1_10090,PS01187,260,284
NP001348916.1_10090,PS50026,260,300
NP001348916.1_10090,PS00010,275,286
NP001348916.1_10090,PS01186,284,299
NP001348916.1_10090,PS01187,301,327
NP001348916.1_10090,PF07645,301,354
NP001348916.1_10090,PF12662,281,304
NP001348916.1_10090,PF22914,359,458
NP001348916.1_10090,PF14670,264,299
NP001348916.1_10090,PF12661,267,290
NP666127.2_10090,end,493,493
NP666127.2_10090,PS01187,44,70
NP666127.2_10090,PS01187,173,199
NP666127.2_10090,PS50026,173,213
NP666127.2_10090,PS00010,190,201
NP666127.2_10090,PS01186,199,212
NP666127.2_10090,PS01187,214,237
NP666127.2_10090,PS50026,214,253
NP666127.2_10090,PS00010,228,239
NP666127.2_10090,PS01186,237,252
NP666127.2_10090,PS01187,254,277
NP666127.2_10090,PS50026,254,293
NP666127.2_10090,PS00010,268,279
NP666127.2_10090,PS01186,277,292
NP666127.2_10090,PS01187,294,318
NP666127.2_10090,PS50026,294,333
NP666127.2_10090,PS00010,309,320
NP666127.2_10090,PS01186,318,332
NP666127.2_10090,PS01187,334,359
NP666127.2_10090,PF07645,334,379
NP666127.2_10090,PF12662,315,337
NP666127.2_10090,PF22914,391,490
NP034310.2_10090,end,705,705
NP034310.2_10090,PS01177,36,69
NP034310.2_10090,PS01178,36,69
NP034310.2_10090,PS01177,77,110
NP034310.2_10090,PS01178,77,110
NP034310.2_10090,PS01177,112,144
NP034310.2_10090,PS01178,112,144
NP034310.2_10090,PS01186,201,216
NP034310.2_10090,PS01187,218,244
NP034310.2_10090,PS01187,258,290
NP034310.2_10090,PS01187,310,336
NP034310.2_10090,PS01187,358,384
NP034310.2_10090,PS50026,358,400
NP034310.2_10090,PS00010,375,386
NP034310.2_10090,PS01186,384,399
NP034310.2_10090,PS01187,401,426
NP034310.2_10090,PS50026,401,442
NP034310.2_10090,PS00010,417,428
NP034310.2_10090,PS01186,426,441
NP034310.2_10090,PS01187,443,465
NP034310.2_10090,PS50026,443,482
NP034310.2_10090,PS00010,456,467
NP034310.2_10090,PS01187,483,509
NP034310.2_10090,PS50026,483,526
NP034310.2_10090,PS00010,500,511
NP034310.2_10090,PS01187,527,553
NP034310.2_10090,PF07645,527,579
NP034310.2_10090,PF12662,506,530
NP034310.2_10090,PF22914,596,702
NP034310.2_10090,PF01821,112,144
NP032018.2_10090,end,1221,1221
NP032018.2_10090,PS01177,435,470
NP032018.2_10090,PS01178,435,470
NP032018.2_10090,PS01177,478,509
NP032018.2_10090,PS01178,478,509
NP032018.2_10090,PS01177,511,543
NP032018.2_10090,PS01178,511,543
NP032018.2_10090,PS01187,594,619
NP032018.2_10090,PS50026,594,635
NP032018.2_10090,PS00010,610,621
NP032018.2_10090,PS01186,619,634
NP032018.2_10090,PS01186,692,707
NP032018.2_10090,PS01187,709,735
NP032018.2_10090,PS01187,756,782
NP032018.2_10090,PS01187,801,827
NP032018.2_10090,PS01187,847,873
NP032018.2_10090,PS01187,895,921
NP032018.2_10090,PS50026,895,937
NP032018.2_10090,PS00010,912,923
NP032018.2_10090,PS01186,921,936
NP032018.2_10090,PS01187,938,963
NP032018.2_10090,PS50026,938,979
NP032018.2_10090,PS00010,954,965
NP032018.2_10090,PS01186,963,978
NP032018.2_10090,PS01187,980,1002
NP032018.2_10090,PS50026,980,1018
NP032018.2_10090,PS00010,993,1004
NP032018.2_10090,PS01186,1002,1017
NP032018.2_10090,PS01187,1019,1044
NP032018.2_10090,PS50026,1019,1061
NP032018.2_10090,PS00010,1035,1046
NP032018.2_10090,PS01187,1062,1088
NP032018.2_10090,PF07645,1062,1110
NP032018.2_10090,PF12662,1041,1065
NP032018.2_10090,PF22914,1121,1218
NP032018.2_10090,PF14670,942,978
NP032018.2_10090,PF01821,511,543
NP077199.2_10090,end,440,440
NP077199.2_10090,PS50923,79,136
NP077199.2_10090,PS50026,136,172
NP077199.2_10090,PS00022,160,171
NP077199.2_10090,PS01187,225,254
NP077199.2_10090,PS50026,225,270
NP077199.2_10090,PS00010,245,256
NP077199.2_10090,PS01186,254,269
NP077199.2_10090,PS01187,271,297
NP077199.2_10090,PF22914,336,437
NP077199.2_10090,PF07645,271,324
NP077199.2_10090,PF12662,251,274
NP077199.2_10090,PF00008,234,261
NP077199.2_10090,PF00084,81,134
NP077199.2_10090,PF14670,235,269
NP077199.2_10090,PF12661,243,260
