gene,modules_present,function_present,module_gained,function_gained,module_lost,function_lost
NP001024582.1_6239_0,B30|B4|B20|B17|B26|B9|B33|B10|B5|B3|B12|B21|B2|B7|B8|B19|B13|B18|B23|B27|B16,,,,B49|B727|B68|B52|B62|B569|B733|B47|B66|B724|B64|B260|B249|B51|B59|B726|B54,
XP018668081.2_7719_1,B727|B533|B237|B4|B557|B392|B541|B506|B239|B839|B572|B62|B217|B17|B544|B569|B538|B98|B26|B733|B33|B222|B87|B556|B10|B5|B3|B724|B555|B64|B2|B260|B7|B13|B788|B571|B535|B23|B27|B16|B150|B249|B360|B726|B536|B563|B565,,,,B30|B49|B68|B20|B52|B9|B47|B12|B66|B21|B8|B19|B18|B51|B59|B54,
XP031747766.1_8364_2,B821|B440|B30|B49|B582|B727|B91|B345|B533|B97|B789|B819|B520|B4|B130|B822|B239|B127|B859|B116|B52|B103|B264|B843|B62|B17|B544|B490|B265|B861|B157|B98|B207|B33|B47|B87|B556|B233|B262|B5|B156|B160|B826|B792|B3|B724|B587|B833|B395|B836|B86|B784|B109|B547|B21|B835|B814|B64|B2|B260|B447|B436|B7|B8|B19|B234|B13|B788|B263|B828|B154|B834|B186|B18|B23|B27|B790|B469|B235|B787|B102|B230|B51|B813|B858|B360|B726|B54|B184|B815|B563|B816|B783|B728,,,,B248|B152|B114|B104|B810|B839|B277|B189|B133|B304|B244|B401|B830|B809|B245|B242|B141|B812|B241|B362|B136|B266|B313|B249|B303|B308|B400|B409|B356,
XP001920501.5_7955_3,B248|B49|B152|B91|B345|B533|B97|B4|B130|B239|B114|B104|B116|B52|B810|B839|B103|B843|B277|B189|B17|B133|B304|B265|B98|B244|B733|B401|B830|B33|B47|B87|B809|B262|B5|B3|B245|B587|B833|B242|B836|B86|B835|B141|B2|B260|B7|B812|B8|B234|B13|B241|B263|B834|B23|B362|B27|B136|B235|B266|B313|B249|B230|B51|B360|B54|B303|B308|B400|B563|B409|B356,,B733,,B821|B440|B30|B582|B727|B789|B819|B520|B822|B127|B859|B264|B62|B544|B490|B861|B157|B207|B556|B233|B156|B160|B826|B792|B724|B395|B784|B109|B547|B21|B814|B64|B447|B436|B19|B788|B828|B154|B186|B18|B790|B469|B787|B102|B813|B858|B726|B184|B815|B816|B783|B728,
G4_2_3,B821|B440|B248|B30|B49|B582|B727|B152|B91|B345|B533|B97|B789|B819|B520|B4|B130|B822|B239|B114|B127|B859|B104|B116|B52|B810|B839|B103|B264|B843|B62|B277|B189|B17|B133|B544|B304|B490|B265|B861|B157|B98|B244|B401|B830|B207|B33|B47|B87|B809|B556|B233|B262|B5|B156|B160|B826|B792|B3|B245|B724|B587|B833|B395|B242|B836|B86|B784|B109|B547|B21|B835|B814|B141|B64|B2|B260|B447|B436|B7|B812|B8|B19|B234|B13|B788|B241|B263|B828|B154|B834|B186|B18|B23|B362|B27|B790|B469|B136|B235|B787|B266|B313|B102|B249|B230|B51|B813|B858|B360|B726|B54|B184|B303|B815|B308|B400|B563|B409|B356|B816|B783|B728,,B843|B833|B836|B835|B834,,B68|B237|B201|B516|B178|B506|B455|B213|B218|B459|B496|B193|B112|B217|B517|B169|B77|B196|B198|B222|B232|B10|B200|B66|B120|B416|B215|B166|B150|B203|B111|B168,
XP010808812.1_9913_5,B821|B49|B128|B582|B727|B152|B192|B68|B110|B91|B97|B819|B121|B237|B188|B228|B4|B516|B126|B130|B871|B113|B178|B506|B176|B876|B239|B455|B114|B459|B127|B859|B496|B104|B116|B193|B219|B112|B103|B264|B236|B185|B17|B190|B133|B153|B490|B517|B265|B861|B169|B95|B134|B157|B173|B98|B77|B196|B158|B207|B33|B198|B222|B47|B191|B87|B233|B232|B262|B5|B156|B875|B200|B792|B3|B132|B66|B86|B868|B170|B869|B125|B267|B109|B21|B119|B867|B141|B64|B149|B2|B260|B142|B447|B101|B7|B8|B151|B234|B13|B263|B124|B120|B154|B866|B864|B186|B416|B225|B23|B27|B790|B136|B235|B870|B123|B155|B105|B266|B82|B102|B150|B140|B230|B872|B199|B858|B726|B184|B111|B563|B221|B409|B138|B728,,,,B248|B30|B201|B213|B218|B189|B217|B244|B10|B160|B245|B242|B241|B215|B166|B249|B203|B168,
NP001278744.1_9606_6,B248|B30|B128|B152|B192|B110|B91|B97|B121|B237|B188|B228|B4|B201|B126|B204|B130|B113|B178|B176|B239|B213|B114|B218|B127|B104|B116|B193|B219|B112|B103|B212|B163|B264|B236|B185|B189|B217|B17|B190|B133|B153|B265|B169|B95|B134|B157|B173|B98|B77|B244|B196|B158|B207|B33|B198|B222|B191|B87|B233|B232|B262|B10|B5|B156|B160|B200|B3|B132|B202|B245|B242|B86|B170|B164|B125|B267|B109|B119|B141|B149|B2|B260|B142|B101|B7|B151|B162|B234|B13|B241|B263|B124|B120|B154|B167|B186|B225|B215|B27|B136|B235|B123|B155|B105|B266|B82|B166|B102|B150|B249|B203|B211|B140|B230|B205|B199|B184|B214|B111|B168|B221|B216|B138,RECQL4,,RECQL4,B49|B582|B727|B68|B516|B871|B506|B876|B496|B517|B861|B47|B875|B792|B66|B868|B869|B867|B64|B8|B866|B864|B416|B23|B790|B870|B872|B726|B563|B409|B728,
XP006498564.1_10090_7,B49|B128|B582|B727|B152|B192|B68|B110|B91|B97|B121|B237|B188|B228|B4|B201|B516|B126|B204|B130|B871|B113|B178|B506|B176|B876|B239|B213|B114|B127|B496|B104|B116|B193|B219|B112|B103|B212|B163|B264|B236|B185|B17|B190|B133|B153|B517|B265|B861|B169|B95|B134|B157|B173|B98|B77|B196|B158|B207|B33|B198|B222|B47|B87|B233|B232|B262|B5|B156|B160|B875|B200|B792|B3|B132|B202|B66|B86|B868|B170|B164|B869|B267|B109|B119|B867|B141|B64|B149|B2|B260|B142|B101|B7|B8|B151|B162|B234|B13|B263|B120|B154|B866|B167|B864|B186|B416|B225|B215|B23|B27|B790|B136|B235|B870|B123|B155|B105|B266|B166|B102|B150|B203|B211|B140|B230|B872|B205|B199|B726|B184|B214|B111|B168|B563|B221|B409|B216|B138|B728,,,,B248|B30|B218|B189|B217|B244|B191|B10|B245|B242|B125|B241|B124|B82|B249,
G8_6_7,B248|B30|B49|B128|B582|B727|B152|B192|B68|B110|B91|B97|B121|B237|B188|B228|B4|B201|B516|B126|B204|B130|B871|B113|B178|B506|B176|B876|B239|B213|B114|B218|B127|B496|B104|B116|B193|B219|B112|B103|B212|B163|B264|B236|B185|B189|B217|B17|B190|B133|B153|B517|B265|B861|B169|B95|B134|B157|B173|B98|B77|B244|B196|B158|B207|B33|B198|B222|B47|B191|B87|B233|B232|B262|B10|B5|B156|B160|B875|B200|B792|B3|B132|B202|B66|B245|B242|B86|B868|B170|B164|B869|B125|B267|B109|B119|B867|B141|B64|B149|B2|B260|B142|B101|B7|B8|B151|B162|B234|B13|B241|B263|B124|B120|B154|B866|B167|B864|B186|B416|B225|B215|B23|B27|B790|B136|B235|B870|B123|B155|B105|B266|B82|B166|B102|B150|B249|B203|B211|B140|B230|B872|B205|B199|B726|B184|B214|B111|B168|B563|B221|B409|B216|B138|B728,,B204|B212|B163|B202|B164|B162|B167|B211|B205|B214|B216,,B821|B819|B455|B459|B859|B490|B21|B447|B858,
G9_5_8,B821|B248|B30|B49|B128|B582|B727|B152|B192|B68|B110|B91|B97|B819|B121|B237|B188|B228|B4|B201|B516|B126|B130|B871|B113|B178|B506|B176|B876|B239|B455|B213|B114|B218|B459|B127|B859|B496|B104|B116|B193|B219|B112|B103|B264|B236|B185|B189|B217|B17|B190|B133|B153|B490|B517|B265|B861|B169|B95|B134|B157|B173|B98|B77|B244|B196|B158|B207|B33|B198|B222|B47|B191|B87|B233|B232|B262|B10|B5|B156|B160|B875|B200|B792|B3|B132|B66|B245|B242|B86|B868|B170|B869|B125|B267|B109|B21|B119|B867|B141|B64|B149|B2|B260|B142|B447|B101|B7|B8|B151|B234|B13|B241|B263|B124|B120|B154|B866|B864|B186|B416|B225|B215|B23|B27|B790|B136|B235|B870|B123|B155|B105|B266|B82|B166|B102|B150|B249|B203|B140|B230|B872|B199|B858|B726|B184|B111|B168|B563|B221|B409|B138|B728,,B128|B192|B110|B121|B188|B228|B126|B871|B113|B176|B876|B219|B236|B185|B190|B153|B95|B134|B173|B158|B191|B875|B132|B868|B170|B869|B125|B267|B119|B867|B149|B142|B101|B151|B124|B866|B864|B225|B870|B123|B155|B105|B82|B140|B872|B199|B221|B138,,B440|B345|B533|B789|B520|B822|B52|B810|B839|B62|B277|B544|B304|B401|B830|B809|B556|B826|B724|B587|B395|B784|B547|B814|B436|B812|B19|B788|B828|B18|B362|B469|B787|B313|B51|B813|B360|B54|B303|B815|B308|B400|B356|B816|B783,
G10_4_9,B821|B440|B248|B30|B49|B582|B727|B152|B68|B91|B345|B533|B97|B789|B819|B237|B520|B4|B201|B516|B130|B178|B506|B822|B239|B455|B213|B114|B218|B459|B127|B859|B496|B104|B116|B52|B193|B810|B839|B112|B103|B264|B62|B277|B189|B217|B17|B133|B544|B304|B490|B517|B265|B861|B169|B157|B98|B77|B244|B401|B830|B196|B207|B33|B198|B222|B47|B87|B809|B556|B233|B232|B262|B10|B5|B156|B160|B826|B200|B792|B3|B66|B245|B724|B587|B395|B242|B86|B784|B109|B547|B21|B814|B141|B64|B2|B260|B447|B436|B7|B812|B8|B19|B234|B13|B788|B241|B263|B120|B828|B154|B186|B416|B215|B18|B23|B362|B27|B790|B469|B136|B235|B787|B266|B166|B313|B102|B150|B249|B203|B230|B51|B813|B858|B360|B726|B54|B184|B111|B168|B303|B815|B308|B400|B563|B409|B356|B816|B783|B728,,B152|B114|B127|B859|B264|B133|B265|B861|B157|B156|B160|B141|B263|B154|B266|B102|B858,,B20|B557|B392|B541|B572|B569|B538|B26|B733|B9|B12|B555|B571|B535|B59|B536|B565,
XP005160777.1_7955_11,B821|B440|B248|B49|B68|B91|B347|B345|B778|B533|B97|B819|B237|B305|B520|B4|B516|B557|B561|B130|B541|B485|B779|B506|B822|B825|B239|B213|B218|B342|B320|B496|B104|B116|B296|B810|B824|B112|B103|B498|B277|B279|B823|B523|B522|B292|B17|B544|B511|B304|B490|B517|B538|B98|B244|B307|B584|B532|B733|B293|B830|B207|B33|B222|B47|B87|B809|B556|B233|B232|B316|B480|B262|B5|B530|B826|B318|B3|B518|B493|B66|B245|B284|B587|B242|B555|B86|B552|B531|B343|B300|B554|B109|B494|B515|B483|B547|B586|B21|B814|B64|B2|B260|B447|B7|B812|B8|B19|B321|B234|B13|B241|B120|B828|B324|B416|B535|B18|B23|B301|B27|B469|B325|B136|B235|B329|B313|B510|B249|B286|B230|B813|B542|B360|B281|B548|B333|B303|B536|B815|B308|B540|B563|B514|B295|B294|B409|B499|B537|B487|B491|B816,,,,B30|B582|B727|B789|B201|B20|B178|B392|B455|B459|B193|B572|B62|B189|B569|B169|B77|B26|B401|B9|B196|B198|B10|B200|B792|B12|B724|B395|B784|B436|B788|B571|B186|B215|B362|B790|B787|B166|B203|B51|B59|B726|B54|B184|B111|B168|B400|B356|B565|B783|B728,
XP012816895.2_8364_12,B821|B440|B30|B727|B354|B464|B91|B347|B345|B782|B778|B533|B97|B789|B819|B237|B454|B473|B305|B520|B456|B4|B20|B516|B460|B557|B561|B130|B512|B178|B392|B541|B506|B825|B239|B455|B459|B320|B339|B104|B116|B296|B824|B112|B103|B376|B62|B277|B279|B823|B523|B17|B544|B481|B511|B304|B569|B169|B538|B98|B307|B584|B26|B532|B293|B207|B33|B222|B87|B556|B233|B232|B316|B391|B480|B262|B10|B5|B530|B381|B421|B403|B318|B3|B12|B462|B724|B310|B587|B395|B555|B368|B276|B86|B552|B343|B554|B109|B515|B547|B586|B21|B814|B479|B467|B64|B2|B260|B447|B7|B8|B19|B321|B452|B234|B13|B458|B788|B370|B388|B571|B828|B399|B186|B416|B535|B472|B18|B23|B378|B362|B27|B790|B469|B325|B136|B787|B329|B166|B313|B286|B230|B560|B476|B334|B542|B360|B726|B54|B281|B404|B548|B333|B184|B111|B168|B536|B308|B540|B400|B563|B295|B315|B409|B499|B537|B728,,,,B248|B49|B582|B68|B201|B485|B779|B213|B218|B342|B496|B193|B572|B498|B189|B522|B292|B490|B517|B77|B244|B733|B401|B9|B830|B196|B198|B47|B200|B792|B518|B493|B66|B245|B284|B242|B531|B784|B300|B494|B483|B436|B241|B120|B324|B215|B301|B235|B510|B249|B203|B51|B59|B303|B514|B294|B356|B487|B565|B491|B783,
XP025008796.2_9031_13,B49|B582|B727|B354|B91|B347|B345|B782|B513|B778|B533|B97|B789|B237|B305|B520|B4|B201|B516|B557|B561|B130|B512|B178|B392|B541|B495|B779|B506|B239|B213|B218|B342|B477|B320|B496|B104|B116|B296|B193|B503|B112|B103|B424|B498|B376|B62|B277|B279|B523|B522|B292|B475|B17|B544|B511|B304|B528|B490|B517|B169|B299|B98|B77|B307|B584|B532|B401|B293|B9|B196|B207|B369|B33|B198|B222|B47|B87|B556|B233|B232|B291|B316|B341|B391|B262|B10|B375|B5|B434|B508|B530|B381|B421|B403|B200|B318|B792|B3|B518|B426|B410|B12|B724|B284|B310|B587|B395|B555|B422|B368|B276|B86|B348|B552|B531|B343|B501|B784|B300|B554|B109|B494|B515|B547|B586|B387|B437|B467|B64|B2|B260|B402|B436|B7|B323|B8|B353|B289|B351|B431|B321|B234|B13|B788|B283|B120|B370|B388|B399|B471|B412|B324|B186|B416|B215|B535|B472|B349|B23|B378|B301|B362|B27|B790|B469|B325|B136|B235|B357|B787|B329|B166|B335|B313|B510|B420|B203|B286|B230|B560|B476|B466|B334|B542|B360|B59|B726|B281|B548|B333|B184|B581|B168|B303|B308|B540|B400|B563|B514|B295|B294|B315|B409|B499|B356|B429|B311|B382|B364|B783|B728,,,,B440|B248|B464|B68|B454|B473|B456|B460|B485|B455|B459|B339|B572|B189|B481|B569|B538|B244|B26|B733|B830|B480|B493|B462|B66|B245|B242|B483|B21|B479|B452|B458|B241|B571|B18|B249|B51|B404|B536|B537|B487|B565|B491,
NP001179466.3_9913_14,B440|B248|B354|B464|B68|B374|B91|B347|B345|B513|B533|B97|B237|B454|B473|B305|B520|B456|B4|B201|B516|B460|B365|B557|B561|B130|B512|B338|B178|B392|B502|B541|B495|B485|B269|B506|B239|B455|B213|B484|B459|B342|B477|B320|B339|B496|B104|B116|B296|B193|B503|B112|B103|B424|B492|B498|B376|B277|B189|B279|B523|B522|B292|B457|B475|B17|B544|B481|B511|B304|B528|B490|B569|B517|B169|B299|B538|B441|B98|B244|B307|B372|B584|B26|B532|B733|B401|B293|B9|B830|B196|B207|B369|B33|B198|B222|B87|B556|B233|B232|B291|B316|B341|B391|B480|B262|B10|B375|B5|B434|B508|B435|B530|B381|B421|B403|B200|B318|B3|B518|B493|B426|B410|B12|B462|B66|B245|B284|B310|B587|B395|B465|B439|B242|B555|B422|B368|B276|B86|B348|B552|B531|B343|B501|B300|B554|B109|B494|B515|B483|B547|B586|B419|B21|B387|B479|B463|B437|B467|B64|B2|B260|B447|B402|B290|B436|B7|B323|B8|B353|B413|B289|B351|B431|B321|B452|B234|B13|B458|B241|B283|B120|B370|B388|B399|B471|B412|B482|B324|B186|B416|B535|B472|B453|B451|B18|B349|B23|B378|B301|B362|B27|B469|B325|B136|B235|B357|B329|B282|B166|B335|B313|B444|B510|B249|B420|B203|B286|B230|B560|B476|B466|B334|B542|B268|B360|B281|B404|B548|B333|B184|B168|B303|B536|B308|B540|B400|B563|B514|B295|B327|B294|B315|B409|B499|B356|B429|B537|B311|B418|B382|B487|B565|B491|B364,,,,B49|B582|B572|B62|B77|B47|B571|B51|B581,ARMS2
NP114141.2_9606_15,B440|B580|B49|B582|B354|B464|B374|B91|B347|B345|B513|B533|B97|B237|B454|B473|B305|B520|B456|B4|B201|B516|B460|B365|B557|B561|B130|B512|B338|B178|B392|B502|B541|B495|B485|B269|B506|B239|B455|B213|B484|B459|B342|B477|B320|B339|B496|B104|B116|B296|B193|B503|B572|B112|B103|B424|B492|B498|B376|B62|B277|B189|B279|B523|B522|B292|B457|B475|B17|B544|B481|B511|B304|B528|B490|B569|B517|B169|B299|B538|B441|B98|B77|B307|B372|B584|B26|B532|B401|B293|B9|B196|B207|B369|B33|B198|B222|B47|B87|B556|B233|B232|B291|B316|B341|B391|B480|B262|B10|B375|B5|B434|B508|B435|B530|B381|B421|B403|B200|B318|B3|B518|B493|B426|B410|B12|B462|B66|B284|B310|B587|B395|B465|B439|B555|B422|B368|B276|B86|B348|B552|B531|B343|B501|B300|B554|B109|B494|B515|B483|B547|B586|B419|B21|B387|B479|B463|B437|B467|B64|B2|B260|B447|B402|B290|B436|B7|B323|B8|B353|B413|B289|B351|B431|B321|B452|B234|B13|B458|B283|B120|B370|B388|B571|B399|B471|B412|B482|B324|B186|B416|B535|B472|B453|B451|B18|B349|B23|B378|B301|B362|B27|B469|B325|B136|B235|B357|B329|B282|B166|B335|B313|B444|B510|B420|B203|B286|B577|B230|B560|B476|B466|B51|B334|B542|B268|B360|B281|B404|B548|B333|B184|B581|B168|B303|B536|B308|B540|B400|B563|B514|B295|B327|B294|B315|B409|B499|B356|B429|B537|B311|B418|B382|B487|B573|B565|B491|B364,ARMS2,,,,
XP006529820.1_10090_16,B440|B580|B49|B582|B354|B464|B374|B91|B347|B345|B513|B533|B97|B237|B454|B473|B305|B520|B456|B4|B201|B516|B460|B365|B557|B561|B130|B512|B338|B178|B392|B502|B541|B495|B485|B269|B506|B239|B455|B213|B484|B459|B342|B477|B320|B339|B496|B104|B116|B296|B193|B503|B572|B112|B103|B424|B492|B498|B376|B62|B277|B189|B279|B523|B522|B292|B457|B475|B17|B544|B481|B511|B304|B528|B490|B569|B517|B169|B299|B538|B441|B98|B77|B307|B372|B584|B26|B532|B401|B293|B9|B196|B207|B369|B33|B198|B222|B47|B87|B556|B233|B232|B291|B316|B341|B391|B480|B262|B10|B375|B5|B434|B508|B435|B530|B381|B421|B403|B200|B318|B3|B518|B493|B426|B410|B12|B462|B66|B284|B310|B587|B395|B465|B439|B555|B422|B368|B276|B86|B348|B552|B531|B343|B501|B300|B554|B109|B494|B515|B483|B547|B586|B419|B21|B387|B479|B463|B437|B467|B64|B2|B260|B447|B402|B290|B436|B7|B323|B8|B353|B413|B289|B351|B431|B321|B452|B234|B13|B458|B283|B120|B370|B388|B571|B399|B471|B412|B482|B324|B186|B416|B535|B472|B453|B451|B18|B349|B23|B378|B301|B362|B27|B469|B325|B136|B235|B357|B329|B282|B166|B335|B313|B444|B510|B420|B203|B286|B577|B230|B560|B476|B466|B51|B334|B542|B360|B281|B404|B548|B333|B184|B581|B168|B303|B536|B308|B540|B400|B563|B514|B295|B327|B294|B315|B409|B499|B356|B429|B537|B311|B418|B382|B487|B573|B565|B491|B364,,,,B268,ARMS2
G17_15_16,B440|B580|B49|B582|B354|B464|B374|B91|B347|B345|B513|B533|B97|B237|B454|B473|B305|B520|B456|B4|B201|B516|B460|B365|B557|B561|B130|B512|B338|B178|B392|B502|B541|B495|B485|B269|B506|B239|B455|B213|B484|B459|B342|B477|B320|B339|B496|B104|B116|B296|B193|B503|B572|B112|B103|B424|B492|B498|B376|B62|B277|B189|B279|B523|B522|B292|B457|B475|B17|B544|B481|B511|B304|B528|B490|B569|B517|B169|B299|B538|B441|B98|B77|B307|B372|B584|B26|B532|B401|B293|B9|B196|B207|B369|B33|B198|B222|B47|B87|B556|B233|B232|B291|B316|B341|B391|B480|B262|B10|B375|B5|B434|B508|B435|B530|B381|B421|B403|B200|B318|B3|B518|B493|B426|B410|B12|B462|B66|B284|B310|B587|B395|B465|B439|B555|B422|B368|B276|B86|B348|B552|B531|B343|B501|B300|B554|B109|B494|B515|B483|B547|B586|B419|B21|B387|B479|B463|B437|B467|B64|B2|B260|B447|B402|B290|B436|B7|B323|B8|B353|B413|B289|B351|B431|B321|B452|B234|B13|B458|B283|B120|B370|B388|B571|B399|B471|B412|B482|B324|B186|B416|B535|B472|B453|B451|B18|B349|B23|B378|B301|B362|B27|B469|B325|B136|B235|B357|B329|B282|B166|B335|B313|B444|B510|B420|B203|B286|B577|B230|B560|B476|B466|B51|B334|B542|B268|B360|B281|B404|B548|B333|B184|B581|B168|B303|B536|B308|B540|B400|B563|B514|B295|B327|B294|B315|B409|B499|B356|B429|B537|B311|B418|B382|B487|B573|B565|B491|B364,ARMS2,B580|B577|B573,,B248|B68|B244|B733|B830|B245|B242|B241|B249,
G18_14_17,B440|B248|B49|B582|B354|B464|B68|B374|B91|B347|B345|B513|B533|B97|B237|B454|B473|B305|B520|B456|B4|B201|B516|B460|B365|B557|B561|B130|B512|B338|B178|B392|B502|B541|B495|B485|B269|B506|B239|B455|B213|B484|B459|B342|B477|B320|B339|B496|B104|B116|B296|B193|B503|B572|B112|B103|B424|B492|B498|B376|B62|B277|B189|B279|B523|B522|B292|B457|B475|B17|B544|B481|B511|B304|B528|B490|B569|B517|B169|B299|B538|B441|B98|B77|B244|B307|B372|B584|B26|B532|B733|B401|B293|B9|B830|B196|B207|B369|B33|B198|B222|B47|B87|B556|B233|B232|B291|B316|B341|B391|B480|B262|B10|B375|B5|B434|B508|B435|B530|B381|B421|B403|B200|B318|B3|B518|B493|B426|B410|B12|B462|B66|B245|B284|B310|B587|B395|B465|B439|B242|B555|B422|B368|B276|B86|B348|B552|B531|B343|B501|B300|B554|B109|B494|B515|B483|B547|B586|B419|B21|B387|B479|B463|B437|B467|B64|B2|B260|B447|B402|B290|B436|B7|B323|B8|B353|B413|B289|B351|B431|B321|B452|B234|B13|B458|B241|B283|B120|B370|B388|B571|B399|B471|B412|B482|B324|B186|B416|B535|B472|B453|B451|B18|B349|B23|B378|B301|B362|B27|B469|B325|B136|B235|B357|B329|B282|B166|B335|B313|B444|B510|B249|B420|B203|B286|B230|B560|B476|B466|B51|B334|B542|B268|B360|B281|B404|B548|B333|B184|B581|B168|B303|B536|B308|B540|B400|B563|B514|B295|B327|B294|B315|B409|B499|B356|B429|B537|B311|B418|B382|B487|B565|B491|B364,ARMS2,B374|B365|B338|B502|B269|B484|B492|B457|B441|B372|B435|B465|B439|B419|B463|B447|B290|B413|B482|B453|B451|B282|B444|B268|B327|B418,ARMS2,B727|B782|B778|B789|B779|B218|B792|B724|B784|B788|B215|B790|B787|B59|B726|B783|B728,
G19_13_18,B440|B248|B49|B582|B727|B354|B464|B68|B91|B347|B345|B782|B513|B778|B533|B97|B789|B237|B454|B473|B305|B520|B456|B4|B201|B516|B460|B557|B561|B130|B512|B178|B392|B541|B495|B485|B779|B506|B239|B455|B213|B218|B459|B342|B477|B320|B339|B496|B104|B116|B296|B193|B503|B572|B112|B103|B424|B498|B376|B62|B277|B189|B279|B523|B522|B292|B475|B17|B544|B481|B511|B304|B528|B490|B569|B517|B169|B299|B538|B98|B77|B244|B307|B584|B26|B532|B733|B401|B293|B9|B830|B196|B207|B369|B33|B198|B222|B47|B87|B556|B233|B232|B291|B316|B341|B391|B480|B262|B10|B375|B5|B434|B508|B530|B381|B421|B403|B200|B318|B792|B3|B518|B493|B426|B410|B12|B462|B66|B245|B724|B284|B310|B587|B395|B242|B555|B422|B368|B276|B86|B348|B552|B531|B343|B501|B784|B300|B554|B109|B494|B515|B483|B547|B586|B21|B387|B479|B437|B467|B64|B2|B260|B402|B436|B7|B323|B8|B353|B289|B351|B431|B321|B452|B234|B13|B458|B788|B241|B283|B120|B370|B388|B571|B399|B471|B412|B324|B186|B416|B215|B535|B472|B18|B349|B23|B378|B301|B362|B27|B790|B469|B325|B136|B235|B357|B787|B329|B166|B335|B313|B510|B249|B420|B203|B286|B230|B560|B476|B466|B51|B334|B542|B360|B59|B726|B281|B404|B548|B333|B184|B581|B168|B303|B536|B308|B540|B400|B563|B514|B295|B294|B315|B409|B499|B356|B429|B537|B311|B382|B487|B565|B491|B364|B783|B728,,B513|B495|B477|B503|B424|B475|B528|B299|B369|B291|B341|B375|B434|B508|B426|B410|B422|B348|B501|B387|B437|B402|B323|B353|B289|B351|B431|B283|B471|B412|B349|B357|B335|B420|B466|B581|B429|B311|B382|B364,,B821|B30|B819|B20|B825|B824|B823|B814|B447|B19|B828|B54|B111,
G20_12_19,B821|B440|B248|B30|B49|B582|B727|B354|B464|B68|B91|B347|B345|B782|B778|B533|B97|B789|B819|B237|B454|B473|B305|B520|B456|B4|B201|B20|B516|B460|B557|B561|B130|B512|B178|B392|B541|B485|B779|B506|B825|B239|B455|B213|B218|B459|B342|B320|B339|B496|B104|B116|B296|B193|B824|B572|B112|B103|B498|B376|B62|B277|B189|B279|B823|B523|B522|B292|B17|B544|B481|B511|B304|B490|B569|B517|B169|B538|B98|B77|B244|B307|B584|B26|B532|B733|B401|B293|B9|B830|B196|B207|B33|B198|B222|B47|B87|B556|B233|B232|B316|B391|B480|B262|B10|B5|B530|B381|B421|B403|B200|B318|B792|B3|B518|B493|B12|B462|B66|B245|B724|B284|B310|B587|B395|B242|B555|B368|B276|B86|B552|B531|B343|B784|B300|B554|B109|B494|B515|B483|B547|B586|B21|B814|B479|B467|B64|B2|B260|B447|B436|B7|B8|B19|B321|B452|B234|B13|B458|B788|B241|B120|B370|B388|B571|B828|B399|B324|B186|B416|B215|B535|B472|B18|B23|B378|B301|B362|B27|B790|B469|B325|B136|B235|B787|B329|B166|B313|B510|B249|B203|B286|B230|B560|B476|B51|B334|B542|B360|B59|B726|B54|B281|B404|B548|B333|B184|B111|B168|B303|B536|B308|B540|B400|B563|B514|B295|B294|B315|B409|B499|B356|B537|B487|B565|B491|B783|B728,,B354|B464|B782|B454|B473|B456|B460|B512|B339|B376|B481|B391|B381|B421|B403|B462|B310|B368|B276|B479|B467|B452|B458|B370|B388|B399|B472|B378|B560|B476|B334|B404|B315,,B822|B810|B809|B826|B812|B813|B815|B816,
G21_11_20,B821|B440|B248|B30|B49|B582|B727|B68|B91|B347|B345|B778|B533|B97|B789|B819|B237|B305|B520|B4|B201|B20|B516|B557|B561|B130|B178|B392|B541|B485|B779|B506|B822|B825|B239|B455|B213|B218|B459|B342|B320|B496|B104|B116|B296|B193|B810|B824|B572|B112|B103|B498|B62|B277|B189|B279|B823|B523|B522|B292|B17|B544|B511|B304|B490|B569|B517|B169|B538|B98|B77|B244|B307|B584|B26|B532|B733|B401|B293|B9|B830|B196|B207|B33|B198|B222|B47|B87|B809|B556|B233|B232|B316|B480|B262|B10|B5|B530|B826|B200|B318|B792|B3|B518|B493|B12|B66|B245|B724|B284|B587|B395|B242|B555|B86|B552|B531|B343|B784|B300|B554|B109|B494|B515|B483|B547|B586|B21|B814|B64|B2|B260|B447|B436|B7|B812|B8|B19|B321|B234|B13|B788|B241|B120|B571|B828|B324|B186|B416|B215|B535|B18|B23|B301|B362|B27|B790|B469|B325|B136|B235|B787|B329|B166|B313|B510|B249|B203|B286|B230|B51|B813|B542|B360|B59|B726|B54|B281|B548|B333|B184|B111|B168|B303|B536|B815|B308|B540|B400|B563|B514|B295|B294|B409|B499|B356|B537|B487|B565|B491|B816|B783|B728,,B347|B778|B305|B561|B485|B779|B825|B342|B320|B296|B824|B498|B279|B823|B523|B522|B292|B511|B307|B584|B532|B293|B316|B480|B530|B318|B518|B493|B284|B552|B531|B343|B300|B554|B494|B515|B483|B586|B321|B324|B301|B325|B329|B510|B286|B542|B281|B548|B333|B540|B514|B295|B294|B499|B537|B487|B491,,B52|B839|B217|B150,
G22_10_21,B821|B440|B248|B30|B49|B582|B727|B68|B91|B345|B533|B97|B789|B819|B237|B520|B4|B201|B20|B516|B557|B130|B178|B392|B541|B506|B822|B239|B455|B213|B218|B459|B496|B104|B116|B52|B193|B810|B839|B572|B112|B103|B62|B277|B189|B217|B17|B544|B304|B490|B569|B517|B169|B538|B98|B77|B244|B26|B733|B401|B9|B830|B196|B207|B33|B198|B222|B47|B87|B809|B556|B233|B232|B262|B10|B5|B826|B200|B792|B3|B12|B66|B245|B724|B587|B395|B242|B555|B86|B784|B109|B547|B21|B814|B64|B2|B260|B447|B436|B7|B812|B8|B19|B234|B13|B788|B241|B120|B571|B828|B186|B416|B215|B535|B18|B23|B362|B27|B790|B469|B136|B235|B787|B166|B313|B150|B249|B203|B230|B51|B813|B360|B59|B726|B54|B184|B111|B168|B303|B536|B815|B308|B400|B563|B409|B356|B565|B816|B783|B728,,B821|B440|B248|B582|B91|B345|B97|B789|B819|B520|B201|B516|B130|B178|B822|B455|B213|B218|B459|B496|B104|B116|B193|B810|B112|B103|B277|B189|B304|B490|B517|B169|B77|B244|B401|B830|B196|B207|B198|B809|B233|B232|B262|B826|B200|B792|B245|B587|B395|B242|B86|B784|B109|B547|B814|B447|B436|B812|B234|B241|B120|B828|B186|B416|B215|B362|B790|B469|B136|B235|B787|B166|B313|B203|B230|B813|B184|B111|B168|B303|B815|B308|B400|B409|B356|B816|B783|B728,,B16,
G23_1_22,B30|B49|B727|B68|B533|B237|B4|B20|B557|B392|B541|B506|B239|B52|B839|B572|B62|B217|B17|B544|B569|B538|B98|B26|B733|B9|B33|B222|B47|B87|B556|B10|B5|B3|B12|B66|B724|B555|B21|B64|B2|B260|B7|B8|B19|B13|B788|B571|B535|B18|B23|B27|B16|B150|B249|B51|B360|B59|B726|B54|B536|B563|B565,,B533|B237|B557|B392|B541|B506|B239|B839|B572|B217|B544|B538|B98|B222|B87|B556|B555|B788|B571|B535|B150|B360|B536|B563|B565,,,
G24_0_23,B30|B49|B727|B68|B4|B20|B52|B62|B17|B569|B26|B733|B9|B33|B47|B10|B5|B3|B12|B66|B724|B21|B64|B2|B260|B7|B8|B19|B13|B18|B23|B27|B16|B249|B51|B59|B726|B54,,B4|B20|B17|B9|B10|B5|B3|B12|B21|B2|B7|B8|B19|B13|B18|B16,,,
XP018668509.1_7719_25,B30|B692|B49|B662|B723|B883|B33|B47|B724|B694|B260|B23|B27|B862|B726,,,,B68|B52|B62|B77|B66|B56|B64|B51|B59|B54,ATN1|ELN|EMILIN1|FBN1|FBN2|HOXA1|MFAP1|MFAP2|MFAP3|MFAP4|MFAP5|NUFIP2|TFAP2C|VTN
NP001293878.1_6239_26,B49|B68|B52|B62|B77|B33|B47|B66|B56|B64|B23|B27|B51|B59|B54,,,,B30|B692|B662|B723|B883|B724|B694|B260|B862|B726,ATN1|ELN|EMILIN1|FBN1|FBN2|HOXA1|MFAP1|MFAP2|MFAP3|MFAP4|MFAP5|NUFIP2|TFAP2C|VTN
G27_25_26,B30|B692|B49|B68|B52|B662|B62|B723|B77|B883|B33|B47|B66|B724|B694|B56|B64|B260|B23|B27|B51|B862|B59|B726|B54,ATN1|ELN|EMILIN1|FBN1|FBN2|HOXA1|MFAP1|MFAP2|MFAP3|MFAP4|MFAP5|NUFIP2|TFAP2C|VTN,B77,,B727|B643|B569|B26|B733|B769|B610|B249,
XP031754335.1_8364_28,B30|B49|B797|B727|B654|B68|B741|B736|B662|B730|B737|B77|B795|B33|B47|B66|B663|B672|B674|B64|B260|B739|B23|B27|B664|B249|B726|B673|B728,ACAN|ATN1|ELN|EMILIN1|FBN1|FBN2|FN1|HOXA1|HSPG2|MFAP1|MFAP2|MFAP3|MFAP4|MFAP5|NID1|NUFIP2|TFAP2C|VCAN|VTN,,,B52|B62|B723|B569|B26|B680|B724|B56|B610|B51|B54|B679|B565,
NP571117.2_7955_29,B30|B49|B797|B654|B52|B736|B662|B62|B730|B737|B569|B77|B26|B33|B47|B663|B674|B64|B260|B686|B610|B677|B23|B27|B664|B684|B249|B51|B54|B565,ACAN|ATN1|ELN|EMILIN1|FBN1|FBN2|FN1|GFI1B|HOXA1|HSPG2|MEOX2|MFAP1|MFAP2|MFAP3|MFAP4|MFAP5|NID1|NUFIP2|TFAP2C|VCAN|VTN,,,B727|B68|B723|B795|B680|B66|B724|B672|B56|B726|B679|B673|B728,CACNA1A|LCE1C|LCE3A
NP989496.1_9031_30,B30|B49|B797|B727|B654|B68|B736|B662|B730|B737|B569|B77|B795|B26|B33|B47|B685|B66|B663|B672|B674|B64|B260|B686|B610|B23|B27|B664|B684|B249|B726|B565|B728,ACAN|ATN1|CACNA1A|ELN|EMILIN1|FBN1|FBN2|FN1|GFI1B|HOXA1|HSPG2|LCE1C|LCE3A|MEOX2|MFAP1|MFAP2|MFAP3|MFAP4|MFAP5|NID1|NUFIP2|TFAP2C|VCAN|VTN,,,B52|B62|B723|B680|B724|B56|B677|B51|B54|B679|B673,
NP001091498.1_9913_31,B30|B49|B654|B657|B653|B52|B662|B730|B737|B77|B33|B47|B681|B685|B663|B672|B674|B56|B615|B260|B686|B677|B23|B27|B664|B684|B249|B51|B54|B673,ACAN|ATN1|CACNA1A|ELN|EMILIN1|FBN1|FBN2|FN1|GFI1B|HOXA1|HSPG2|LCE1C|LCE3A|MEOX2|MFAP1|MFAP2|MFAP3|MFAP4|MFAP5|NID1|NUFIP2|TFAP2C|VCAN|VTN,,,B727|B68|B62|B723|B680|B66|B724|B64|B726|B679|B728,ARMS2|CREB5|FBLN1|FBLN5|IGFL3|ITM2B|PRNP|ST14|ZFP41|ZNF444|ZNF764
NP006477.3_9606_32,B30|B49|B654|B68|B657|B653|B52|B662|B62|B33|B47|B680|B681|B685|B66|B663|B672|B674|B56|B64|B260|B686|B677|B23|B27|B664|B684|B249|B51|B54|B679|B673,ACAN|ADAMTSL4|ARMS2|ATN1|CACNA1A|CAVIN1|CREB5|CXCL5|DDIAS|ECM1|ELN|EMILIN1|FBLN1|FBLN5|FBN1|FBN2|FN1|FXR1|GFI1B|HOXA1|HSPG2|HTRA1|IGFL3|ITM2B|KRTAP111|KRTAP192|LCE1A|LCE1C|LCE3A|LINGO1|LTBP4|MEOX2|MFAP1|MFAP2|MFAP3|MFAP4|MFAP5|MRPL12|NID1|NLGN3|NUFIP2|OCLN|PLSCR1|PLSCR4|PRNP|ST14|TFAP2C|TIMP3|TRIM42|VCAN|VTN|ZFP41|ZNF444|ZNF764,,ADAMTSL4|CAVIN1|CXCL5|DDIAS|ECM1|FXR1|HTRA1|KRTAP111|KRTAP192|LCE1A|LINGO1|LTBP4|MRPL12|NLGN3|OCLN|PLSCR1|PLSCR4|TIMP3|TRIM42,B727|B722|B723|B730|B737|B77|B720|B724|B615|B726|B728,
NP034310.2_10090_33,B30|B727|B654|B68|B657|B722|B653|B662|B723|B730|B737|B77|B720|B33|B681|B685|B66|B724|B663|B672|B615|B64|B260|B686|B27|B664|B684|B249|B726|B728,ACAN|ATN1|CACNA1A|ELN|EMILIN1|FBN1|FBN2|FN1|GFI1B|HOXA1|HSPG2|LCE1C|LCE3A|MEOX2|MFAP1|MFAP2|MFAP3|MFAP4|MFAP5|NID1|NUFIP2|TFAP2C|VCAN|VTN,,,B49|B52|B62|B47|B680|B674|B56|B677|B23|B51|B54|B679|B673,ARMS2|CREB5|FBLN1|FBLN5|IGFL3|ITM2B|PRNP|ST14|ZFP41|ZNF444|ZNF764
G34_32_33,B30|B49|B727|B654|B68|B657|B722|B653|B52|B662|B62|B723|B730|B737|B77|B720|B33|B47|B680|B681|B685|B66|B724|B663|B672|B674|B56|B615|B64|B260|B686|B677|B23|B27|B664|B684|B249|B51|B726|B54|B679|B673|B728,ACAN|ARMS2|ATN1|CACNA1A|CREB5|ELN|EMILIN1|FBLN1|FBLN5|FBN1|FBN2|FN1|GFI1B|HOXA1|HSPG2|IGFL3|ITM2B|LCE1C|LCE3A|MEOX2|MFAP1|MFAP2|MFAP3|MFAP4|MFAP5|NID1|NUFIP2|PRNP|ST14|TFAP2C|VCAN|VTN|ZFP41|ZNF444|ZNF764,B722|B720,,,
G35_31_34,B30|B49|B727|B654|B68|B657|B653|B52|B662|B62|B723|B730|B737|B77|B33|B47|B680|B681|B685|B66|B724|B663|B672|B674|B56|B615|B64|B260|B686|B677|B23|B27|B664|B684|B249|B51|B726|B54|B679|B673|B728,ACAN|ARMS2|ATN1|CACNA1A|CREB5|ELN|EMILIN1|FBLN1|FBLN5|FBN1|FBN2|FN1|GFI1B|HOXA1|HSPG2|IGFL3|ITM2B|LCE1C|LCE3A|MEOX2|MFAP1|MFAP2|MFAP3|MFAP4|MFAP5|NID1|NUFIP2|PRNP|ST14|TFAP2C|VCAN|VTN|ZFP41|ZNF444|ZNF764,B657|B653|B681|B615,ARMS2|CREB5|FBLN1|FBLN5|IGFL3|ITM2B|PRNP|ST14|ZFP41|ZNF444|ZNF764,B797|B736|B569|B795|B26|B610|B565,
G36_30_35,B30|B49|B797|B727|B654|B68|B52|B736|B662|B62|B723|B730|B737|B569|B77|B795|B26|B33|B47|B680|B685|B66|B724|B663|B672|B674|B56|B64|B260|B686|B610|B677|B23|B27|B664|B684|B249|B51|B726|B54|B679|B673|B565|B728,ACAN|ATN1|CACNA1A|ELN|EMILIN1|FBN1|FBN2|FN1|GFI1B|HOXA1|HSPG2|LCE1C|LCE3A|MEOX2|MFAP1|MFAP2|MFAP3|MFAP4|MFAP5|NID1|NUFIP2|TFAP2C|VCAN|VTN,B685,,,
G37_29_36,B30|B49|B797|B727|B654|B68|B52|B736|B662|B62|B723|B730|B737|B569|B77|B795|B26|B33|B47|B680|B66|B724|B663|B672|B674|B56|B64|B260|B686|B610|B677|B23|B27|B664|B684|B249|B51|B726|B54|B679|B673|B565|B728,ACAN|ATN1|CACNA1A|ELN|EMILIN1|FBN1|FBN2|FN1|GFI1B|HOXA1|HSPG2|LCE1C|LCE3A|MEOX2|MFAP1|MFAP2|MFAP3|MFAP4|MFAP5|NID1|NUFIP2|TFAP2C|VCAN|VTN,B686|B677|B684,CACNA1A|GFI1B|LCE1C|LCE3A|MEOX2,B741|B739,
G38_28_37,B30|B49|B797|B727|B654|B68|B741|B52|B736|B662|B62|B723|B730|B737|B569|B77|B795|B26|B33|B47|B680|B66|B724|B663|B672|B674|B56|B64|B260|B610|B739|B23|B27|B664|B249|B51|B726|B54|B679|B673|B565|B728,ACAN|ATN1|ELN|EMILIN1|FBN1|FBN2|FN1|HOXA1|HSPG2|MFAP1|MFAP2|MFAP3|MFAP4|MFAP5|NID1|NUFIP2|TFAP2C|VCAN|VTN,B797|B654|B795|B672|B664|B673,,B692|B643|B733|B694|B769|B862,
XP001341277.2_7955_39,B30|B692|B691|B741|B850|B736|B662|B737|B77|B244|B733|B33|B693|B694|B663|B707|B742|B260|B769|B241|B739|B27|B849|B249|B711|B695|B848,ACAN|ATN1|ELN|EMILIN1|FBN1|FBN2|FN1|HOXA1|HSPG2|MFAP1|MFAP2|MFAP3|MFAP4|MFAP5|NID1|NUFIP2|TFAP2C|VCAN|VTN,,,B49|B727|B68|B643|B62|B723|B617|B730|B569|B26|B47|B680|B644|B66|B724|B674|B64|B610|B23|B51|B862|B726|B679|B565|B728,
XP017949170.2_8364_40,B30|B692|B49|B691|B68|B708|B741|B662|B62|B737|B569|B77|B26|B33|B47|B680|B693|B66|B694|B663|B707|B742|B64|B260|B610|B706|B739|B27|B710|B712|B249|B51|B862|B711|B695|B679|B565,ACAN|ATN1|ELN|EMILIN1|FBN1|FBN2|FN1|HOXA1|HSPG2|MFAP1|MFAP2|MFAP3|MFAP4|MFAP5|NID1|NUFIP2|TFAP2C|VCAN|VTN,,,B727|B643|B850|B736|B723|B617|B730|B244|B733|B644|B724|B674|B769|B241|B23|B849|B726|B848|B728,
XP015148926.2_9031_41,B30|B692|B49|B727|B691|B68|B708|B741|B736|B662|B730|B737|B569|B77|B26|B733|B33|B47|B697|B693|B66|B715|B694|B663|B707|B742|B674|B64|B260|B610|B706|B739|B23|B27|B710|B712|B249|B711|B726|B695|B713|B565|B728,ACAN|ATN1|ELN|EMILIN1|FBN1|FBN2|FN1|HOXA1|HSPG2|MFAP1|MFAP2|MFAP3|MFAP4|MFAP5|NID1|NUFIP2|TFAP2C|VCAN|VTN,,,B643|B850|B62|B723|B617|B244|B680|B644|B724|B769|B241|B849|B848,OTX1
XP002697177.1_9913_42,B30|B692|B691|B708|B741|B705|B850|B714|B662|B617|B880|B737|B77|B244|B33|B703|B697|B693|B715|B694|B663|B707|B742|B615|B260|B769|B241|B706|B739|B27|B701|B849|B710|B712|B249|B711|B687|B695|B713|B848,ACAN|ATN1|ELN|EMILIN1|FBN1|FBN2|FN1|HOXA1|HSD3B7|HSPG2|LCE3D|MFAP1|MFAP2|MFAP3|MFAP4|MFAP5|NID1|NUFIP2|OTX1|TFAP2C|VCAN|VTN,,,B727|B643|B736|B62|B723|B730|B733|B680|B644|B66|B724|B726|B728,LAMA5
NP001004019.1_9606_43,B30|B692|B727|B691|B718|B721|B708|B643|B741|B705|B722|B736|B714|B662|B62|B723|B730|B737|B719|B77|B720|B733|B700|B33|B703|B680|B697|B644|B693|B66|B724|B715|B694|B663|B707|B742|B64|B260|B717|B706|B739|B27|B701|B710|B712|B249|B711|B687|B726|B695|B713|B728,ACAN|ATN1|COL8A1|ELN|EMILIN1|FBN1|FBN2|FBXW5|FN1|HOXA1|HSD3B7|HSPG2|LAMA5|LCE3D|MFAP1|MFAP2|MFAP3|MFAP4|MFAP5|NID1|NUFIP2|OTX1|TFAP2C|VCAN|VTN|ZNF408,,COL8A1|FBXW5|ZNF408,B617|B880|B615,
NP032018.2_10090_44,B30|B692|B727|B691|B718|B721|B708|B643|B741|B705|B722|B736|B714|B662|B62|B723|B617|B880|B730|B737|B719|B77|B720|B700|B33|B680|B697|B644|B693|B66|B724|B715|B694|B663|B707|B742|B615|B64|B260|B717|B706|B739|B27|B701|B710|B712|B711|B726|B695|B713|B728,ACAN|ATN1|ELN|EMILIN1|FBN1|FBN2|FN1|HOXA1|HSD3B7|HSPG2|LCE3D|MFAP1|MFAP2|MFAP3|MFAP4|MFAP5|NID1|NUFIP2|OTX1|TFAP2C|VCAN|VTN,,,B733|B703|B249|B687,LAMA5
G45_43_44,B30|B692|B727|B691|B718|B721|B708|B643|B741|B705|B722|B736|B714|B662|B62|B723|B617|B880|B730|B737|B719|B77|B720|B733|B700|B33|B703|B680|B697|B644|B693|B66|B724|B715|B694|B663|B707|B742|B615|B64|B260|B717|B706|B739|B27|B701|B710|B712|B249|B711|B687|B726|B695|B713|B728,ACAN|ATN1|ELN|EMILIN1|FBN1|FBN2|FN1|HOXA1|HSD3B7|HSPG2|LAMA5|LCE3D|MFAP1|MFAP2|MFAP3|MFAP4|MFAP5|NID1|NUFIP2|OTX1|TFAP2C|VCAN|VTN,B718|B721|B722|B719|B720|B700|B64|B717,,B850|B244|B769|B241|B849|B848,
G46_42_45,B30|B692|B727|B691|B708|B643|B741|B705|B850|B736|B714|B662|B62|B723|B617|B880|B730|B737|B77|B244|B733|B33|B703|B680|B697|B644|B693|B66|B724|B715|B694|B663|B707|B742|B615|B260|B769|B241|B706|B739|B27|B701|B849|B710|B712|B249|B711|B687|B726|B695|B713|B848|B728,ACAN|ATN1|ELN|EMILIN1|FBN1|FBN2|FN1|HOXA1|HSD3B7|HSPG2|LAMA5|LCE3D|MFAP1|MFAP2|MFAP3|MFAP4|MFAP5|NID1|NUFIP2|OTX1|TFAP2C|VCAN|VTN,B705|B714|B880|B703|B615|B701|B687,HSD3B7|LAMA5|LCE3D,B49|B68|B569|B26|B47|B674|B64|B610|B23|B565,
G47_41_46,B30|B692|B49|B727|B691|B68|B708|B643|B741|B850|B736|B662|B62|B723|B617|B730|B737|B569|B77|B244|B26|B733|B33|B47|B680|B697|B644|B693|B66|B724|B715|B694|B663|B707|B742|B674|B64|B260|B769|B610|B241|B706|B739|B23|B27|B849|B710|B712|B249|B711|B726|B695|B713|B848|B565|B728,ACAN|ATN1|ELN|EMILIN1|FBN1|FBN2|FN1|HOXA1|HSPG2|MFAP1|MFAP2|MFAP3|MFAP4|MFAP5|NID1|NUFIP2|OTX1|TFAP2C|VCAN|VTN,B697|B715|B713,OTX1,B51|B862|B679,
G48_40_47,B30|B692|B49|B727|B691|B68|B708|B643|B741|B850|B736|B662|B62|B723|B617|B730|B737|B569|B77|B244|B26|B733|B33|B47|B680|B644|B693|B66|B724|B694|B663|B707|B742|B674|B64|B260|B769|B610|B241|B706|B739|B23|B27|B849|B710|B712|B249|B51|B862|B711|B726|B695|B679|B848|B565|B728,ACAN|ATN1|ELN|EMILIN1|FBN1|FBN2|FN1|HOXA1|HSPG2|MFAP1|MFAP2|MFAP3|MFAP4|MFAP5|NID1|NUFIP2|TFAP2C|VCAN|VTN,B708|B706|B710|B712,,,
G49_39_48,B30|B692|B49|B727|B691|B68|B643|B741|B850|B736|B662|B62|B723|B617|B730|B737|B569|B77|B244|B26|B733|B33|B47|B680|B644|B693|B66|B724|B694|B663|B707|B742|B674|B64|B260|B769|B610|B241|B739|B23|B27|B849|B249|B51|B862|B711|B726|B695|B679|B848|B565|B728,ACAN|ATN1|ELN|EMILIN1|FBN1|FBN2|FN1|HOXA1|HSPG2|MFAP1|MFAP2|MFAP3|MFAP4|MFAP5|NID1|NUFIP2|TFAP2C|VCAN|VTN,B691|B850|B617|B244|B644|B693|B707|B742|B241|B849|B711|B695|B848,,B52|B56|B54,
G50_38_49,B30|B692|B49|B727|B68|B643|B741|B52|B736|B662|B62|B723|B730|B737|B569|B77|B26|B733|B33|B47|B680|B66|B724|B694|B663|B674|B56|B64|B260|B769|B610|B739|B23|B27|B249|B51|B862|B726|B54|B679|B565|B728,ACAN|ATN1|ELN|EMILIN1|FBN1|FBN2|FN1|HOXA1|HSPG2|MFAP1|MFAP2|MFAP3|MFAP4|MFAP5|NID1|NUFIP2|TFAP2C|VCAN|VTN,B741|B736|B730|B737|B77|B680|B663|B674|B739|B679|B565|B728,ACAN|FN1|HSPG2|NID1|VCAN,B883|B59,
G51_27_50,B30|B692|B49|B727|B68|B643|B52|B662|B62|B723|B569|B883|B26|B733|B33|B47|B66|B724|B694|B56|B64|B260|B769|B610|B23|B27|B249|B51|B862|B59|B726|B54,ATN1|ELN|EMILIN1|FBN1|FBN2|HOXA1|MFAP1|MFAP2|MFAP3|MFAP4|MFAP5|NUFIP2|TFAP2C|VTN,B692|B662|B723|B694|B862,,,
XP002125565.2_7719_52,B62|B33|B64|B769|B27|B882,,,,B30|B49|B68|B643|B883|B26|B47|B66|B56|B260|B610|B23|B249|B51|B54,ATN1|ELN|EMILIN1|FBN1|FBN2|HOXA1|MFAP1|MFAP2|MFAP3|MFAP4|MFAP5|NUFIP2|TFAP2C|VTN
XP002119967.2_7719_53,B30|B33|B260|B27|B759,,,,B47|B769|B610,
XP040501945.1_9031_54,B758|B800|B625|B808|B77|B749|B33|B47|B760|B806|B773|B769|B610|B801|B776|B27|B759|B771|B804,,,,B853|B260,
XP031756690.1_8364_55,B853|B758|B808|B77|B33|B47|B773|B260|B610|B27|B759|B771|B804,,,,B800|B625|B749|B760|B806|B769|B801|B776,
G56_54_55,B853|B758|B800|B625|B808|B77|B749|B33|B47|B760|B806|B773|B260|B769|B610|B801|B776|B27|B759|B771|B804,,B808,,B756|B763,
XP002665476.3_7955_57,B853|B854|B758|B800|B756|B625|B77|B33|B47|B760|B806|B773|B769|B610|B801|B855|B776|B27|B759|B771|B804,,,,B763,
XP017209808.2_7955_58,B854|B758|B77|B33|B47|B806|B773|B769|B610|B855|B27|B759|B771|B763|B804,,,,B853|B800|B756|B625|B760|B801|B776,
G59_57_58,B853|B854|B758|B800|B756|B625|B77|B33|B47|B760|B806|B773|B769|B610|B801|B855|B776|B27|B759|B771|B763|B804,,B854|B855,,B749|B260,
G60_56_59,B853|B758|B800|B756|B625|B77|B749|B33|B47|B760|B806|B773|B260|B769|B610|B801|B776|B27|B759|B771|B763|B804,,B853|B800|B806|B801|B804,,B30,
XP001918972.3_7955_61,B758|B756|B625|B772|B77|B749|B33|B47|B760|B773|B799|B769|B751|B610|B776|B27|B759|B771|B763|B762|B777|B752,,,,B30|B260,
NP001313425.1_9031_62,B758|B756|B625|B772|B77|B749|B33|B47|B760|B773|B799|B769|B751|B610|B776|B27|B759|B771|B763|B762|B777,,,,B30|B260|B752,
XP002940445.2_8364_63,B30|B758|B756|B625|B772|B749|B33|B47|B760|B773|B753|B799|B260|B751|B610|B776|B27|B759|B771|B763|B762|B777|B752,,,,B77|B769,
XP002691171.2_9913_64,B758|B756|B625|B772|B77|B749|B33|B47|B760|B746|B773|B753|B799|B260|B751|B610|B776|B745|B27|B759|B771|B763|B762|B777|B752,,B27,,B769,ASPH
XP011508887.1_9606_65,B758|B756|B625|B772|B77|B749|B33|B47|B760|B746|B773|B753|B769|B751|B610|B776|B745|B27|B759|B771|B763|B762|B777|B752,ASPH,,,B799,
NP077199.2_10090_66,B758|B756|B625|B772|B77|B749|B33|B47|B760|B746|B773|B753|B799|B769|B751|B610|B776|B27|B759|B771|B763|B762|B777|B752,,,,B745,ASPH
G67_65_66,B758|B756|B625|B772|B77|B749|B33|B47|B760|B746|B773|B753|B799|B769|B751|B610|B776|B745|B27|B759|B771|B763|B762|B777|B752,ASPH,B27,,B260,
G68_64_67,B758|B756|B625|B772|B77|B749|B33|B47|B760|B746|B773|B753|B799|B260|B769|B751|B610|B776|B745|B759|B771|B763|B762|B777|B752,ASPH,B746|B745,ASPH,B30|B27,
G69_63_68,B30|B758|B756|B625|B772|B77|B749|B33|B47|B760|B773|B753|B799|B260|B769|B751|B610|B776|B27|B759|B771|B763|B762|B777|B752,,B753,,,
G70_62_69,B30|B758|B756|B625|B772|B77|B749|B33|B47|B760|B773|B799|B260|B769|B751|B610|B776|B27|B759|B771|B763|B762|B777|B752,,,,,
G71_61_70,B30|B758|B756|B625|B772|B77|B749|B33|B47|B760|B773|B799|B260|B769|B751|B610|B776|B27|B759|B771|B763|B762|B777|B752,,B772|B799|B751|B762|B777|B752,,,
G72_60_71,B30|B758|B756|B625|B77|B749|B33|B47|B760|B773|B260|B769|B610|B776|B27|B759|B771|B763,,B758|B756|B625|B77|B749|B760|B773|B776|B771|B763,,,
G73_53_72,B30|B33|B47|B260|B769|B610|B27|B759,,B759,,B49|B68|B643|B62|B883|B26|B66|B56|B64|B23|B249|B51|B54|B882,ATN1|ELN|EMILIN1|FBN1|FBN2|HOXA1|MFAP1|MFAP2|MFAP3|MFAP4|MFAP5|NUFIP2|TFAP2C|VTN
XP002128973.1_7719_74,B30|B49|B621|B643|B62|B642|B883|B33|B56|B64|B260|B27|B51|B882,,,,B68|B26|B47|B66|B769|B610|B23|B249|B54,ATN1|ELN|EMILIN1|FBN1|FBN2|HOXA1|MFAP1|MFAP2|MFAP3|MFAP4|MFAP5|NUFIP2|TFAP2C|VTN
NP001005979.1_7955_75,B626|B49|B621|B68|B643|B625|B62|B647|B642|B77|B612|B26|B33|B47|B644|B622|B66|B624|B64|B769|B595|B23|B27|B628|B51|B565,ATN1|DYRK1A|ELN|EMILIN1|FBN1|FBN2|GFI1B|HOXA1|LTBP1|MEOX2|MFAP1|MFAP2|MFAP3|MFAP4|MFAP5|NUFIP2|OTX1|TFAP2C|TGFB1|VTN,,,B260|B610,
NP001025619.1_8364_76,B626|B49|B621|B68|B643|B625|B62|B647|B642|B77|B612|B26|B33|B47|B644|B622|B66|B624|B64|B769|B595|B610|B634|B23|B27|B632|B628|B51|B638|B565,ATN1|DYRK1A|ELN|EMILIN1|FBN1|FBN2|GFI1B|HOXA1|LTBP1|MEOX2|MFAP1|MFAP2|MFAP3|MFAP4|MFAP5|NUFIP2|OTX1|TFAP2C|TGFB1|VTN,,,B260,
NP001264403.1_9031_77,B626|B49|B621|B68|B643|B625|B635|B62|B647|B642|B77|B612|B26|B33|B47|B644|B622|B66|B624|B64|B260|B595|B610|B634|B23|B27|B632|B628|B51|B638|B565,ATN1|DYRK1A|ELN|EMILIN1|FBN1|FBN2|GFI1B|HOXA1|LTBP1|MEOX2|MFAP1|MFAP2|MFAP3|MFAP4|MFAP5|NUFIP2|OTX1|TFAP2C|TGFB1|VTN,,,,
XP005222280.1_9913_78,B626|B49|B621|B68|B643|B625|B635|B62|B647|B642|B77|B612|B26|B33|B47|B644|B622|B66|B624|B878|B64|B260|B595|B610|B634|B23|B27|B632|B628|B51|B638|B565,ASPH|ATN1|DYRK1A|ELN|EMILIN1|FBN1|FBN2|GFI1B|HOXA1|LTBP1|MEOX2|MFAP1|MFAP2|MFAP3|MFAP4|MFAP5|NUFIP2|OTX1|TFAP2C|TGFB1|VTN,,,,
NP001371087.1_9606_79,B626|B49|B621|B68|B643|B625|B635|B62|B647|B642|B77|B612|B26|B33|B47|B644|B622|B66|B624|B64|B260|B595|B610|B634|B23|B27|B632|B628|B51|B638|B565,ASPH|ATN1|CREB5|DNAJC10|DYRK1A|EFEMP2|EGFL7|ELN|EMILIN1|FBLN1|FBLN5|FBN1|FBN2|GFI1B|HOXA1|IGFL3|ITM2B|LAMA5|LOX|LOXL1|LTBP1|MAGEA3|MEOX2|MFAP1|MFAP2|MFAP3|MFAP4|MFAP5|NUFIP2|OTX1|PRNP|RECQL4|ST14|TFAP2C|TGFB1|VTN|ZBTB9|ZFP41|ZNF136|ZNF324|ZNF408|ZNF444|ZNF460|ZNF627|ZNF696|ZNF747|ZNF764,,CREB5|DNAJC10|EFEMP2|EGFL7|FBLN1|FBLN5|IGFL3|ITM2B|LAMA5|LOX|LOXL1|MAGEA3|PRNP|RECQL4|ST14|ZBTB9|ZFP41|ZNF136|ZNF324|ZNF408|ZNF444|ZNF460|ZNF627|ZNF696|ZNF747|ZNF764,B878,
NP001348916.1_10090_80,B626|B49|B621|B68|B643|B625|B635|B62|B647|B642|B77|B612|B26|B33|B47|B644|B622|B66|B624|B878|B64|B260|B595|B610|B634|B23|B27|B632|B628|B51|B638|B565,ATN1|DYRK1A|ELN|EMILIN1|FBN1|FBN2|GFI1B|HOXA1|LTBP1|MEOX2|MFAP1|MFAP2|MFAP3|MFAP4|MFAP5|NUFIP2|OTX1|TFAP2C|TGFB1|VTN,,,,ASPH
G81_79_80,B626|B49|B621|B68|B643|B625|B635|B62|B647|B642|B77|B612|B26|B33|B47|B644|B622|B66|B624|B878|B64|B260|B595|B610|B634|B23|B27|B632|B628|B51|B638|B565,ASPH|ATN1|DYRK1A|ELN|EMILIN1|FBN1|FBN2|GFI1B|HOXA1|LTBP1|MEOX2|MFAP1|MFAP2|MFAP3|MFAP4|MFAP5|NUFIP2|OTX1|TFAP2C|TGFB1|VTN,,,,
G82_78_81,B626|B49|B621|B68|B643|B625|B635|B62|B647|B642|B77|B612|B26|B33|B47|B644|B622|B66|B624|B878|B64|B260|B595|B610|B634|B23|B27|B632|B628|B51|B638|B565,ASPH|ATN1|DYRK1A|ELN|EMILIN1|FBN1|FBN2|GFI1B|HOXA1|LTBP1|MEOX2|MFAP1|MFAP2|MFAP3|MFAP4|MFAP5|NUFIP2|OTX1|TFAP2C|TGFB1|VTN,B878,ASPH,,
G83_77_82,B626|B49|B621|B68|B643|B625|B635|B62|B647|B642|B77|B612|B26|B33|B47|B644|B622|B66|B624|B64|B260|B595|B610|B634|B23|B27|B632|B628|B51|B638|B565,ATN1|DYRK1A|ELN|EMILIN1|FBN1|FBN2|GFI1B|HOXA1|LTBP1|MEOX2|MFAP1|MFAP2|MFAP3|MFAP4|MFAP5|NUFIP2|OTX1|TFAP2C|TGFB1|VTN,B635,,B769,
G84_76_83,B626|B49|B621|B68|B643|B625|B62|B647|B642|B77|B612|B26|B33|B47|B644|B622|B66|B624|B64|B260|B769|B595|B610|B634|B23|B27|B632|B628|B51|B638|B565,ATN1|DYRK1A|ELN|EMILIN1|FBN1|FBN2|GFI1B|HOXA1|LTBP1|MEOX2|MFAP1|MFAP2|MFAP3|MFAP4|MFAP5|NUFIP2|OTX1|TFAP2C|TGFB1|VTN,B634|B632|B638,,,
G85_75_84,B626|B49|B621|B68|B643|B625|B62|B647|B642|B77|B612|B26|B33|B47|B644|B622|B66|B624|B64|B260|B769|B595|B610|B23|B27|B628|B51|B565,ATN1|DYRK1A|ELN|EMILIN1|FBN1|FBN2|GFI1B|HOXA1|LTBP1|MEOX2|MFAP1|MFAP2|MFAP3|MFAP4|MFAP5|NUFIP2|OTX1|TFAP2C|TGFB1|VTN,B647,,B30|B249|B54,
NP001008587.1_7955_86,B626|B30|B49|B621|B68|B643|B629|B625|B845|B62|B642|B612|B26|B33|B47|B644|B622|B66|B624|B64|B260|B595|B610|B23|B27|B628|B51|B593|B565,ATN1|DYRK1A|ELN|EMILIN1|FBN1|FBN2|GFI1B|HOXA1|LTBP1|MEOX2|MFAP1|MFAP2|MFAP3|MFAP4|MFAP5|NUFIP2|OTX1|TFAP2C|TGFB1|VTN,,,,ANAPC11|ATXN7|BAG6|CLPP|CYSRT1|FAM110A|IGFBP6|LCE2C|LTBP3|NOS3|PROP1|RERE|SGTA|SHANK3|ZNF768
NP001153830.1_7955_87,B626|B30|B49|B621|B68|B643|B629|B625|B845|B62|B642|B612|B26|B33|B47|B644|B622|B66|B624|B64|B260|B595|B610|B23|B27|B628|B51|B593|B565,ATN1|DYRK1A|ELN|EMILIN1|FBN1|FBN2|GFI1B|HOXA1|LTBP1|MEOX2|MFAP1|MFAP2|MFAP3|MFAP4|MFAP5|NUFIP2|OTX1|TFAP2C|TGFB1|VTN,,,,ANAPC11|ATXN7|BAG6|CLPP|CYSRT1|FAM110A|IGFBP6|LCE2C|LTBP3|NOS3|PROP1|RERE|SGTA|SHANK3|ZNF768
G88_86_87,B626|B30|B49|B621|B68|B643|B629|B625|B845|B62|B642|B612|B26|B33|B47|B644|B622|B66|B624|B64|B260|B595|B610|B23|B27|B628|B51|B593|B565,ANAPC11|ATN1|ATXN7|BAG6|CLPP|CYSRT1|DYRK1A|ELN|EMILIN1|FAM110A|FBN1|FBN2|GFI1B|HOXA1|IGFBP6|LCE2C|LTBP1|LTBP3|MEOX2|MFAP1|MFAP2|MFAP3|MFAP4|MFAP5|NOS3|NUFIP2|OTX1|PROP1|RERE|SGTA|SHANK3|TFAP2C|TGFB1|VTN|ZNF768,B845,,B617|B77|B249,CACNA1A|HSD3B7|LCE1C|LCE3A|LCE3D
XP002939376.2_8364_89,B626|B30|B49|B621|B68|B629|B649|B625|B62|B77|B612|B26|B33|B47|B652|B622|B66|B624|B64|B260|B595|B610|B23|B27|B628|B249|B51|B593|B565,ANAPC11|ATN1|ATXN7|BAG6|CLPP|CYSRT1|DYRK1A|ELN|EMILIN1|FAM110A|FBN1|FBN2|GFI1B|HOXA1|IGFBP6|LCE2C|LTBP1|LTBP3|MEOX2|MFAP1|MFAP2|MFAP3|MFAP4|MFAP5|NOS3|NUFIP2|OTX1|PROP1|RERE|SGTA|SHANK3|TFAP2C|TGFB1|VTN|ZNF768,,,B643|B642|B617|B644,CACNA1A|HSD3B7|LCE1C|LCE3A|LCE3D
NP001157824.1_10090_90,B626|B30|B49|B621|B651|B629|B649|B625|B617|B77|B612|B26|B33|B47|B652|B622|B624|B615|B260|B595|B610|B23|B648|B27|B628|B249|B51|B593|B565,ANAPC11|ATN1|ATXN7|BAG6|CACNA1A|CLPP|CYSRT1|DYRK1A|ELN|EMILIN1|FAM110A|FBN1|FBN2|GFI1B|HOXA1|HSD3B7|IGFBP6|LCE1C|LCE2C|LCE3A|LCE3D|LTBP1|LTBP3|MEOX2|MFAP1|MFAP2|MFAP3|MFAP4|MFAP5|NOS3|NUFIP2|OTX1|PROP1|RERE|SGTA|SHANK3|TFAP2C|TGFB1|VTN|ZNF768,,,B68|B643|B62|B642|B644|B66|B64,CREB5|FBLN5
NP001069517.1_9913_91,B626|B30|B49|B621|B651|B68|B629|B649|B625|B62|B77|B612|B26|B33|B47|B652|B622|B66|B624|B64|B260|B595|B610|B23|B648|B27|B628|B249|B51|B593|B565,ANAPC11|ATN1|ATXN7|BAG6|CACNA1A|CLPP|CREB5|CYSRT1|DYRK1A|ELN|EMILIN1|FAM110A|FBLN5|FBN1|FBN2|GFI1B|HOXA1|HSD3B7|IGFBP6|LCE1C|LCE2C|LCE3A|LCE3D|LTBP1|LTBP3|MEOX2|MFAP1|MFAP2|MFAP3|MFAP4|MFAP5|NOS3|NUFIP2|OTX1|PROP1|RERE|SGTA|SHANK3|TFAP2C|TGFB1|VTN|ZNF768,,,B643|B642|B644,ADAMTSL4|CAVIN1|COL8A1|CXCL5|EFEMP2|FBXW5|FXR1|KRTAP111|LCE1A|LINGO1|LOX|LOXL1|LTBP4|MRPL12|PLSCR1|PLSCR4|TRIM42
NP058634.4_9606_92,B626|B30|B49|B621|B651|B68|B643|B629|B649|B625|B62|B642|B612|B26|B33|B47|B644|B652|B622|B66|B624|B64|B260|B595|B610|B23|B648|B27|B628|B51|B593|B565,ADAMTSL4|ANAPC11|ATN1|ATXN7|BAG6|CACNA1A|CAVIN1|CLPP|COL8A1|CREB5|CXCL5|CYSRT1|DYRK1A|EFEMP2|ELN|EMILIN1|FAM110A|FBLN5|FBN1|FBN2|FBXW5|FXR1|GFI1B|HOXA1|HSD3B7|IGFBP6|KRTAP111|LCE1A|LCE1C|LCE2C|LCE3A|LCE3D|LINGO1|LOX|LOXL1|LTBP1|LTBP3|LTBP4|MEOX2|MFAP1|MFAP2|MFAP3|MFAP4|MFAP5|MRPL12|NOS3|NUFIP2|OTX1|PLSCR1|PLSCR4|PROP1|RERE|SGTA|SHANK3|TFAP2C|TGFB1|TRIM42|VTN|ZNF768,,,B77|B249,
G93_91_92,B626|B30|B49|B621|B651|B68|B643|B629|B649|B625|B62|B642|B77|B612|B26|B33|B47|B644|B652|B622|B66|B624|B64|B260|B595|B610|B23|B648|B27|B628|B249|B51|B593|B565,ADAMTSL4|ANAPC11|ATN1|ATXN7|BAG6|CACNA1A|CAVIN1|CLPP|COL8A1|CREB5|CXCL5|CYSRT1|DYRK1A|EFEMP2|ELN|EMILIN1|FAM110A|FBLN5|FBN1|FBN2|FBXW5|FXR1|GFI1B|HOXA1|HSD3B7|IGFBP6|KRTAP111|LCE1A|LCE1C|LCE2C|LCE3A|LCE3D|LINGO1|LOX|LOXL1|LTBP1|LTBP3|LTBP4|MEOX2|MFAP1|MFAP2|MFAP3|MFAP4|MFAP5|MRPL12|NOS3|NUFIP2|OTX1|PLSCR1|PLSCR4|PROP1|RERE|SGTA|SHANK3|TFAP2C|TGFB1|TRIM42|VTN|ZNF768,,ADAMTSL4|CAVIN1|COL8A1|CXCL5|EFEMP2|FBXW5|FXR1|KRTAP111|LCE1A|LINGO1|LOX|LOXL1|LTBP4|MRPL12|PLSCR1|PLSCR4|TRIM42,B617|B615,
G94_90_93,B626|B30|B49|B621|B651|B68|B643|B629|B649|B625|B62|B642|B617|B77|B612|B26|B33|B47|B644|B652|B622|B66|B624|B615|B64|B260|B595|B610|B23|B648|B27|B628|B249|B51|B593|B565,ANAPC11|ATN1|ATXN7|BAG6|CACNA1A|CLPP|CREB5|CYSRT1|DYRK1A|ELN|EMILIN1|FAM110A|FBLN5|FBN1|FBN2|GFI1B|HOXA1|HSD3B7|IGFBP6|LCE1C|LCE2C|LCE3A|LCE3D|LTBP1|LTBP3|MEOX2|MFAP1|MFAP2|MFAP3|MFAP4|MFAP5|NOS3|NUFIP2|OTX1|PROP1|RERE|SGTA|SHANK3|TFAP2C|TGFB1|VTN|ZNF768,B651|B615|B648,CREB5|FBLN5,,
G95_89_94,B626|B30|B49|B621|B68|B643|B629|B649|B625|B62|B642|B617|B77|B612|B26|B33|B47|B644|B652|B622|B66|B624|B64|B260|B595|B610|B23|B27|B628|B249|B51|B593|B565,ANAPC11|ATN1|ATXN7|BAG6|CACNA1A|CLPP|CYSRT1|DYRK1A|ELN|EMILIN1|FAM110A|FBN1|FBN2|GFI1B|HOXA1|HSD3B7|IGFBP6|LCE1C|LCE2C|LCE3A|LCE3D|LTBP1|LTBP3|MEOX2|MFAP1|MFAP2|MFAP3|MFAP4|MFAP5|NOS3|NUFIP2|OTX1|PROP1|RERE|SGTA|SHANK3|TFAP2C|TGFB1|VTN|ZNF768,B649|B652,,,
G96_88_95,B626|B30|B49|B621|B68|B643|B629|B625|B62|B642|B617|B77|B612|B26|B33|B47|B644|B622|B66|B624|B64|B260|B595|B610|B23|B27|B628|B249|B51|B593|B565,ANAPC11|ATN1|ATXN7|BAG6|CACNA1A|CLPP|CYSRT1|DYRK1A|ELN|EMILIN1|FAM110A|FBN1|FBN2|GFI1B|HOXA1|HSD3B7|IGFBP6|LCE1C|LCE2C|LCE3A|LCE3D|LTBP1|LTBP3|MEOX2|MFAP1|MFAP2|MFAP3|MFAP4|MFAP5|NOS3|NUFIP2|OTX1|PROP1|RERE|SGTA|SHANK3|TFAP2C|TGFB1|VTN|ZNF768,,CACNA1A|HSD3B7|LCE1C|LCE3A|LCE3D,B54,
NP001103991.1_7955_97,B626|B30|B621|B68|B629|B625|B62|B26|B33|B622|B66|B624|B64|B260|B595|B23|B27|B628|B54|B565,ATN1|DYRK1A|ELN|EMILIN1|FBN1|FBN2|HOXA1|LTBP1|MFAP1|MFAP2|MFAP3|MFAP4|MFAP5|NUFIP2|TFAP2C|TGFB1|VTN,,,B49|B617|B77|B244|B612|B47|B610|B249|B51|B593,ANAPC11|ATXN7|BAG6|CLPP|CYSRT1|FAM110A|GFI1B|IGFBP6|LCE2C|LTBP3|MEOX2|NOS3|OTX1|PROP1|RERE|SGTA|SHANK3|ZNF768
XP009305317.1_7955_98,B626|B30|B49|B621|B629|B625|B617|B77|B244|B612|B26|B33|B47|B622|B624|B260|B595|B610|B23|B27|B628|B249|B51|B593|B565,ATN1|DYRK1A|ELN|EMILIN1|FBN1|FBN2|GFI1B|HOXA1|LTBP1|MEOX2|MFAP1|MFAP2|MFAP3|MFAP4|MFAP5|NUFIP2|OTX1|TFAP2C|TGFB1|VTN,,,B68|B62|B66|B64|B54,ANAPC11|ATXN7|BAG6|CLPP|CYSRT1|FAM110A|IGFBP6|LCE2C|LTBP3|NOS3|PROP1|RERE|SGTA|SHANK3|ZNF768
G99_97_98,B626|B30|B49|B621|B68|B629|B625|B62|B617|B77|B244|B612|B26|B33|B47|B622|B66|B624|B64|B260|B595|B610|B23|B27|B628|B249|B51|B593|B54|B565,ANAPC11|ATN1|ATXN7|BAG6|CLPP|CYSRT1|DYRK1A|ELN|EMILIN1|FAM110A|FBN1|FBN2|GFI1B|HOXA1|IGFBP6|LCE2C|LTBP1|LTBP3|MEOX2|MFAP1|MFAP2|MFAP3|MFAP4|MFAP5|NOS3|NUFIP2|OTX1|PROP1|RERE|SGTA|SHANK3|TFAP2C|TGFB1|VTN|ZNF768,,,B643|B642|B644,CACNA1A|HSD3B7|LCE1C|LCE3A|LCE3D
XP002936872.1_8364_100,B626|B30|B49|B621|B68|B629|B625|B62|B77|B612|B26|B33|B47|B622|B66|B624|B64|B260|B595|B610|B23|B27|B628|B249|B51|B593|B565,ANAPC11|ATN1|ATXN7|BAG6|CLPP|CYSRT1|DYRK1A|ELN|EMILIN1|FAM110A|FBN1|FBN2|GFI1B|HOXA1|IGFBP6|LCE2C|LTBP1|LTBP3|MEOX2|MFAP1|MFAP2|MFAP3|MFAP4|MFAP5|NOS3|NUFIP2|OTX1|PROP1|RERE|SGTA|SHANK3|TFAP2C|TGFB1|VTN|ZNF768,,,B643|B642|B617|B644,CACNA1A|HSD3B7|LCE1C|LCE3A|LCE3D
XP025004920.1_9031_101,B626|B30|B49|B621|B68|B643|B629|B625|B62|B642|B612|B26|B33|B47|B644|B622|B66|B624|B64|B260|B595|B610|B23|B27|B628|B605|B51|B593|B565,ANAPC11|ATN1|ATXN7|BAG6|CACNA1A|CLPP|CYSRT1|DYRK1A|ELN|EMILIN1|FAM110A|FBN1|FBN2|GFI1B|HOXA1|HSD3B7|IGFBP6|LCE1C|LCE2C|LCE3A|LCE3D|LTBP1|LTBP3|MEOX2|MFAP1|MFAP2|MFAP3|MFAP4|MFAP5|NOS3|NUFIP2|OTX1|PROP1|RERE|SGTA|SHANK3|TFAP2C|TGFB1|VTN|ZNF768,,,B617|B77|B249,
NP001075186.1_9913_102,B626|B30|B49|B621|B629|B600|B625|B617|B588|B77|B612|B26|B33|B47|B622|B604|B624|B615|B602|B260|B595|B610|B23|B27|B628|B249|B605|B51|B593|B565,ANAPC11|ATN1|ATXN7|BAG6|CACNA1A|CLPP|CYSRT1|DYRK1A|ELN|EMILIN1|FAM110A|FBN1|FBN2|GFI1B|HOXA1|HSD3B7|IGFBP6|LCE1C|LCE2C|LCE3A|LCE3D|LTBP1|LTBP3|MEOX2|MFAP1|MFAP2|MFAP3|MFAP4|MFAP5|NOS3|NUFIP2|OTX1|PROP1|RERE|SGTA|SHANK3|TFAP2C|TGFB1|VTN|ZNF768,,,B68|B643|B62|B642|B644|B66|B64,
NP001034437.1_9606_103,B626|B30|B49|B621|B629|B600|B625|B617|B588|B77|B612|B26|B33|B47|B622|B604|B624|B615|B602|B260|B595|B610|B23|B27|B628|B249|B605|B51|B593|B565,ANAPC11|ATN1|ATXN7|BAG6|CACNA1A|CLPP|CYSRT1|DDIAS|DNAJC10|DYRK1A|ECM1|EGFL7|ELN|EMILIN1|FAM110A|FBLN1|FBLN7|FBN1|FBN2|GFI1B|HOXA1|HSD3B7|HSPA5|HTRA1|IGFBP6|KRTAP192|LCE1C|LCE2C|LCE3A|LCE3D|LTBP1|LTBP3|MAGEA3|MEOX2|MFAP1|MFAP2|MFAP3|MFAP4|MFAP5|NLGN3|NOS3|NUFIP2|OCLN|OTX1|PROP1|RERE|SGTA|SHANK3|TFAP2C|TGFB1|TIMP3|VTN|ZBTB9|ZNF136|ZNF324|ZNF408|ZNF444|ZNF460|ZNF627|ZNF696|ZNF747|ZNF768,,DDIAS|DNAJC10|ECM1|EGFL7|FBLN7|HSPA5|HTRA1|KRTAP192|MAGEA3|NLGN3|OCLN|TIMP3|ZBTB9|ZNF136|ZNF324|ZNF460|ZNF627|ZNF696|ZNF747,B68|B643|B62|B642|B644|B66|B64,
NP666127.2_10090_104,B626|B30|B49|B621|B68|B643|B629|B600|B625|B62|B642|B588|B612|B26|B33|B47|B644|B622|B66|B604|B624|B602|B64|B260|B595|B610|B23|B27|B628|B605|B51|B593|B565,ANAPC11|ATN1|ATXN7|BAG6|CACNA1A|CLPP|CYSRT1|DYRK1A|ELN|EMILIN1|FAM110A|FBN1|FBN2|GFI1B|HOXA1|HSD3B7|IGFBP6|LCE1C|LCE2C|LCE3A|LCE3D|LTBP1|LTBP3|MEOX2|MFAP1|MFAP2|MFAP3|MFAP4|MFAP5|NOS3|NUFIP2|OTX1|PROP1|RERE|SGTA|SHANK3|TFAP2C|TGFB1|VTN|ZNF768,,,B617|B77|B615|B249,FBLN1|ZNF408|ZNF444
G105_103_104,B626|B30|B49|B621|B68|B643|B629|B600|B625|B62|B642|B617|B588|B77|B612|B26|B33|B47|B644|B622|B66|B604|B624|B615|B602|B64|B260|B595|B610|B23|B27|B628|B249|B605|B51|B593|B565,ANAPC11|ATN1|ATXN7|BAG6|CACNA1A|CLPP|CYSRT1|DYRK1A|ELN|EMILIN1|FAM110A|FBLN1|FBN1|FBN2|GFI1B|HOXA1|HSD3B7|IGFBP6|LCE1C|LCE2C|LCE3A|LCE3D|LTBP1|LTBP3|MEOX2|MFAP1|MFAP2|MFAP3|MFAP4|MFAP5|NOS3|NUFIP2|OTX1|PROP1|RERE|SGTA|SHANK3|TFAP2C|TGFB1|VTN|ZNF408|ZNF444|ZNF768,,FBLN1|ZNF408|ZNF444,,
G106_102_105,B626|B30|B49|B621|B68|B643|B629|B600|B625|B62|B642|B617|B588|B77|B612|B26|B33|B47|B644|B622|B66|B604|B624|B615|B602|B64|B260|B595|B610|B23|B27|B628|B249|B605|B51|B593|B565,ANAPC11|ATN1|ATXN7|BAG6|CACNA1A|CLPP|CYSRT1|DYRK1A|ELN|EMILIN1|FAM110A|FBN1|FBN2|GFI1B|HOXA1|HSD3B7|IGFBP6|LCE1C|LCE2C|LCE3A|LCE3D|LTBP1|LTBP3|MEOX2|MFAP1|MFAP2|MFAP3|MFAP4|MFAP5|NOS3|NUFIP2|OTX1|PROP1|RERE|SGTA|SHANK3|TFAP2C|TGFB1|VTN|ZNF768,B600|B588|B604|B615|B602,,,
G107_101_106,B626|B30|B49|B621|B68|B643|B629|B625|B62|B642|B617|B77|B612|B26|B33|B47|B644|B622|B66|B624|B64|B260|B595|B610|B23|B27|B628|B249|B605|B51|B593|B565,ANAPC11|ATN1|ATXN7|BAG6|CACNA1A|CLPP|CYSRT1|DYRK1A|ELN|EMILIN1|FAM110A|FBN1|FBN2|GFI1B|HOXA1|HSD3B7|IGFBP6|LCE1C|LCE2C|LCE3A|LCE3D|LTBP1|LTBP3|MEOX2|MFAP1|MFAP2|MFAP3|MFAP4|MFAP5|NOS3|NUFIP2|OTX1|PROP1|RERE|SGTA|SHANK3|TFAP2C|TGFB1|VTN|ZNF768,B605,,,
G108_100_107,B626|B30|B49|B621|B68|B643|B629|B625|B62|B642|B617|B77|B612|B26|B33|B47|B644|B622|B66|B624|B64|B260|B595|B610|B23|B27|B628|B249|B51|B593|B565,ANAPC11|ATN1|ATXN7|BAG6|CACNA1A|CLPP|CYSRT1|DYRK1A|ELN|EMILIN1|FAM110A|FBN1|FBN2|GFI1B|HOXA1|HSD3B7|IGFBP6|LCE1C|LCE2C|LCE3A|LCE3D|LTBP1|LTBP3|MEOX2|MFAP1|MFAP2|MFAP3|MFAP4|MFAP5|NOS3|NUFIP2|OTX1|PROP1|RERE|SGTA|SHANK3|TFAP2C|TGFB1|VTN|ZNF768,,,B244|B54,
G109_99_108,B626|B30|B49|B621|B68|B643|B629|B625|B62|B642|B617|B77|B244|B612|B26|B33|B47|B644|B622|B66|B624|B64|B260|B595|B610|B23|B27|B628|B249|B51|B593|B54|B565,ANAPC11|ATN1|ATXN7|BAG6|CACNA1A|CLPP|CYSRT1|DYRK1A|ELN|EMILIN1|FAM110A|FBN1|FBN2|GFI1B|HOXA1|HSD3B7|IGFBP6|LCE1C|LCE2C|LCE3A|LCE3D|LTBP1|LTBP3|MEOX2|MFAP1|MFAP2|MFAP3|MFAP4|MFAP5|NOS3|NUFIP2|OTX1|PROP1|RERE|SGTA|SHANK3|TFAP2C|TGFB1|VTN|ZNF768,B244,CACNA1A|HSD3B7|LCE1C|LCE3A|LCE3D,,
G110_96_109,B626|B30|B49|B621|B68|B643|B629|B625|B62|B642|B617|B77|B612|B26|B33|B47|B644|B622|B66|B624|B64|B260|B595|B610|B23|B27|B628|B249|B51|B593|B54|B565,ANAPC11|ATN1|ATXN7|BAG6|CLPP|CYSRT1|DYRK1A|ELN|EMILIN1|FAM110A|FBN1|FBN2|GFI1B|HOXA1|IGFBP6|LCE2C|LTBP1|LTBP3|MEOX2|MFAP1|MFAP2|MFAP3|MFAP4|MFAP5|NOS3|NUFIP2|OTX1|PROP1|RERE|SGTA|SHANK3|TFAP2C|TGFB1|VTN|ZNF768,B629|B617|B593,ANAPC11|ATXN7|BAG6|CLPP|CYSRT1|FAM110A|IGFBP6|LCE2C|LTBP3|NOS3|PROP1|RERE|SGTA|SHANK3|ZNF768,B769,
G111_85_110,B626|B30|B49|B621|B68|B643|B625|B62|B642|B77|B612|B26|B33|B47|B644|B622|B66|B624|B64|B260|B769|B595|B610|B23|B27|B628|B249|B51|B54|B565,ATN1|DYRK1A|ELN|EMILIN1|FBN1|FBN2|GFI1B|HOXA1|LTBP1|MEOX2|MFAP1|MFAP2|MFAP3|MFAP4|MFAP5|NUFIP2|OTX1|TFAP2C|TGFB1|VTN,B626|B625|B77|B612|B644|B622|B624|B595|B628|B565,DYRK1A|GFI1B|LTBP1|MEOX2|OTX1|TGFB1,B883|B56|B882,
G112_74_111,B30|B49|B621|B68|B643|B62|B642|B883|B26|B33|B47|B66|B56|B64|B260|B769|B610|B23|B27|B249|B51|B54|B882,ATN1|ELN|EMILIN1|FBN1|FBN2|HOXA1|MFAP1|MFAP2|MFAP3|MFAP4|MFAP5|NUFIP2|TFAP2C|VTN,B621|B642,,,
G113_73_112,B30|B49|B68|B643|B62|B883|B26|B33|B47|B66|B56|B64|B260|B769|B610|B23|B27|B249|B51|B54|B882,ATN1|ELN|EMILIN1|FBN1|FBN2|HOXA1|MFAP1|MFAP2|MFAP3|MFAP4|MFAP5|NUFIP2|TFAP2C|VTN,,,,
G114_52_113,B30|B49|B68|B643|B62|B883|B26|B33|B47|B66|B56|B64|B260|B769|B610|B23|B27|B249|B51|B54|B882,ATN1|ELN|EMILIN1|FBN1|FBN2|HOXA1|MFAP1|MFAP2|MFAP3|MFAP4|MFAP5|NUFIP2|TFAP2C|VTN,B882,,B727|B52|B569|B733|B724|B59|B726,
G115_51_114,B30|B49|B727|B68|B643|B52|B62|B569|B883|B26|B733|B33|B47|B66|B724|B56|B64|B260|B769|B610|B23|B27|B249|B51|B59|B726|B54,ATN1|ELN|EMILIN1|FBN1|FBN2|HOXA1|MFAP1|MFAP2|MFAP3|MFAP4|MFAP5|NUFIP2|TFAP2C|VTN,B643|B883|B56|B769|B610,ATN1|ELN|EMILIN1|FBN1|FBN2|HOXA1|MFAP1|MFAP2|MFAP3|MFAP4|MFAP5|NUFIP2|TFAP2C|VTN,,
G116_24_115,B30|B49|B727|B68|B52|B62|B569|B26|B733|B33|B47|B66|B724|B64|B260|B23|B27|B249|B51|B59|B726|B54,,B30|B49|B727|B68|B52|B62|B569|B26|B733|B33|B47|B66|B724|B64|B260|B23|B27|B249|B51|B59|B726|B54,,,
,,,,,,
