gene,leaf,function(s)_win,function(s)_lost,module(s)_win,module(s)_lost
NP001024582.1_6239_0,NP001024582.1_6239_0,,,,
XP018668081.2_7719_1,XP018668081.2_7719_1,,,,
XP031747766.1_8364_2,XP031747766.1_8364_2,,,,
XP001920501.5_7955_3,XP001920501.5_7955_3,,,B733,
G4_2_3,XP031747766.1_8364_2,,,B843|B833|B836|B835|B834,
G4_2_3,XP001920501.5_7955_3,,,B843|B833|B836|B835|B834,
XP010808812.1_9913_5,XP010808812.1_9913_5,,,,
NP001278744.1_9606_6,NP001278744.1_9606_6,RECQL4,,,
XP006498564.1_10090_7,XP006498564.1_10090_7,,,,
G8_6_7,NP001278744.1_9606_6,,,B204|B212|B163|B202|B164|B162|B167|B211|B205|B214|B216,
G8_6_7,XP006498564.1_10090_7,,,B204|B212|B163|B202|B164|B162|B167|B211|B205|B214|B216,
G9_5_8,XP010808812.1_9913_5,,,B128|B192|B110|B121|B188|B228|B126|B871|B113|B176|B876|B219|B236|B185|B190|B153|B95|B134|B173|B158|B191|B875|B132|B868|B170|B869|B125|B267|B119|B867|B149|B142|B101|B151|B124|B866|B864|B225|B870|B123|B155|B105|B82|B140|B872|B199|B221|B138,
G9_5_8,NP001278744.1_9606_6,,,B128|B192|B110|B121|B188|B228|B126|B113|B176|B219|B236|B185|B190|B153|B95|B134|B173|B158|B191|B132|B170|B125|B267|B119|B149|B142|B101|B151|B124|B225|B123|B155|B105|B82|B140|B199|B221|B138,
G9_5_8,XP006498564.1_10090_7,,,B128|B192|B110|B121|B188|B228|B126|B871|B113|B176|B876|B219|B236|B185|B190|B153|B95|B134|B173|B158|B875|B132|B868|B170|B869|B267|B119|B867|B149|B142|B101|B151|B866|B864|B225|B870|B123|B155|B105|B140|B872|B199|B221|B138,
G10_4_9,XP031747766.1_8364_2,,,B127|B859|B264|B265|B861|B157|B156|B160|B263|B154|B102|B858,
G10_4_9,XP001920501.5_7955_3,,,B152|B114|B133|B265|B141|B263|B266,B733
G10_4_9,XP010808812.1_9913_5,,,B152|B114|B127|B859|B264|B133|B265|B861|B157|B156|B141|B263|B154|B266|B102|B858,
G10_4_9,NP001278744.1_9606_6,,,B152|B114|B127|B264|B133|B265|B157|B156|B160|B141|B263|B154|B266|B102,
G10_4_9,XP006498564.1_10090_7,,,B152|B114|B127|B264|B133|B265|B861|B157|B156|B160|B141|B263|B154|B266|B102,
XP005160777.1_7955_11,XP005160777.1_7955_11,,,,
XP012816895.2_8364_12,XP012816895.2_8364_12,,,,
XP025008796.2_9031_13,XP025008796.2_9031_13,,,,
NP001179466.3_9913_14,NP001179466.3_9913_14,,ARMS2,,
NP114141.2_9606_15,NP114141.2_9606_15,,,,
XP006529820.1_10090_16,XP006529820.1_10090_16,,ARMS2,,
G17_15_16,NP114141.2_9606_15,,,B580|B577|B573,
G17_15_16,XP006529820.1_10090_16,,,B580|B577|B573,
G18_14_17,NP001179466.3_9913_14,ARMS2,,B374|B365|B338|B502|B269|B484|B492|B457|B441|B372|B435|B465|B439|B419|B463|B447|B290|B413|B482|B453|B451|B282|B444|B268|B327|B418,
G18_14_17,NP114141.2_9606_15,ARMS2,,B374|B365|B338|B502|B269|B484|B492|B457|B441|B372|B435|B465|B439|B419|B463|B447|B290|B413|B482|B453|B451|B282|B444|B268|B327|B418,
G18_14_17,XP006529820.1_10090_16,ARMS2,,B374|B365|B338|B502|B269|B484|B492|B457|B441|B372|B435|B465|B439|B419|B463|B447|B290|B413|B482|B453|B451|B282|B444|B327|B418,
G19_13_18,XP025008796.2_9031_13,,,B513|B495|B477|B503|B424|B475|B528|B299|B369|B291|B341|B375|B434|B508|B426|B410|B422|B348|B501|B387|B437|B402|B323|B353|B289|B351|B431|B283|B471|B412|B349|B357|B335|B420|B466|B581|B429|B311|B382|B364,
G19_13_18,NP001179466.3_9913_14,,,B513|B495|B477|B503|B424|B475|B528|B299|B369|B291|B341|B375|B434|B508|B426|B410|B422|B348|B501|B387|B437|B402|B323|B353|B289|B351|B431|B283|B471|B412|B349|B357|B335|B420|B466|B429|B311|B382|B364,B447
G19_13_18,NP114141.2_9606_15,,,B513|B495|B477|B503|B424|B475|B528|B299|B369|B291|B341|B375|B434|B508|B426|B410|B422|B348|B501|B387|B437|B402|B323|B353|B289|B351|B431|B283|B471|B412|B349|B357|B335|B420|B466|B581|B429|B311|B382|B364,B447
G19_13_18,XP006529820.1_10090_16,,,B513|B495|B477|B503|B424|B475|B528|B299|B369|B291|B341|B375|B434|B508|B426|B410|B422|B348|B501|B387|B437|B402|B323|B353|B289|B351|B431|B283|B471|B412|B349|B357|B335|B420|B466|B581|B429|B311|B382|B364,B447
G20_12_19,XP012816895.2_8364_12,,,B354|B464|B782|B454|B473|B456|B460|B512|B339|B376|B481|B391|B381|B421|B403|B462|B310|B368|B276|B479|B467|B452|B458|B370|B388|B399|B472|B378|B560|B476|B334|B404|B315,
G20_12_19,XP025008796.2_9031_13,,,B354|B782|B512|B376|B391|B381|B421|B403|B310|B368|B276|B467|B370|B388|B399|B472|B378|B560|B476|B334|B315,
G20_12_19,NP001179466.3_9913_14,,,B354|B464|B454|B473|B456|B460|B512|B339|B376|B481|B391|B381|B421|B403|B462|B310|B368|B276|B479|B467|B452|B458|B370|B388|B399|B472|B378|B560|B476|B334|B404|B315,
G20_12_19,NP114141.2_9606_15,,,B354|B464|B454|B473|B456|B460|B512|B339|B376|B481|B391|B381|B421|B403|B462|B310|B368|B276|B479|B467|B452|B458|B370|B388|B399|B472|B378|B560|B476|B334|B404|B315,
G20_12_19,XP006529820.1_10090_16,,,B354|B464|B454|B473|B456|B460|B512|B339|B376|B481|B391|B381|B421|B403|B462|B310|B368|B276|B479|B467|B452|B458|B370|B388|B399|B472|B378|B560|B476|B334|B404|B315,
G21_11_20,XP005160777.1_7955_11,,,B347|B778|B305|B561|B485|B779|B825|B342|B320|B296|B824|B498|B279|B823|B523|B522|B292|B511|B307|B584|B532|B293|B316|B480|B530|B318|B518|B493|B284|B552|B531|B343|B300|B554|B494|B515|B483|B586|B321|B324|B301|B325|B329|B510|B286|B542|B281|B548|B333|B540|B514|B295|B294|B499|B537|B487|B491,
G21_11_20,XP012816895.2_8364_12,,,B347|B778|B305|B561|B825|B320|B296|B824|B279|B823|B523|B511|B307|B584|B532|B293|B316|B480|B530|B318|B552|B343|B554|B515|B586|B321|B325|B329|B286|B542|B281|B548|B333|B540|B295|B499|B537,
G21_11_20,XP025008796.2_9031_13,,,B347|B778|B305|B561|B779|B342|B320|B296|B498|B279|B523|B522|B292|B511|B307|B584|B532|B293|B316|B530|B318|B518|B284|B552|B531|B343|B300|B554|B494|B515|B586|B321|B324|B301|B325|B329|B510|B286|B542|B281|B548|B333|B540|B514|B295|B294|B499,
G21_11_20,NP001179466.3_9913_14,,,B347|B305|B561|B485|B342|B320|B296|B498|B279|B523|B522|B292|B511|B307|B584|B532|B293|B316|B480|B530|B318|B518|B493|B284|B552|B531|B343|B300|B554|B494|B515|B483|B586|B321|B324|B301|B325|B329|B510|B286|B542|B281|B548|B333|B540|B514|B295|B294|B499|B537|B487|B491,
G21_11_20,NP114141.2_9606_15,,,B347|B305|B561|B485|B342|B320|B296|B498|B279|B523|B522|B292|B511|B307|B584|B532|B293|B316|B480|B530|B318|B518|B493|B284|B552|B531|B343|B300|B554|B494|B515|B483|B586|B321|B324|B301|B325|B329|B510|B286|B542|B281|B548|B333|B540|B514|B295|B294|B499|B537|B487|B491,
G21_11_20,XP006529820.1_10090_16,,,B347|B305|B561|B485|B342|B320|B296|B498|B279|B523|B522|B292|B511|B307|B584|B532|B293|B316|B480|B530|B318|B518|B493|B284|B552|B531|B343|B300|B554|B494|B515|B483|B586|B321|B324|B301|B325|B329|B510|B286|B542|B281|B548|B333|B540|B514|B295|B294|B499|B537|B487|B491,
G22_10_21,XP031747766.1_8364_2,,,B821|B440|B582|B91|B345|B97|B789|B819|B520|B130|B822|B116|B103|B490|B207|B233|B262|B826|B792|B587|B395|B86|B784|B109|B547|B814|B447|B436|B234|B828|B186|B790|B469|B235|B787|B230|B813|B184|B815|B816|B783|B728,
G22_10_21,XP001920501.5_7955_3,,,B248|B91|B345|B97|B130|B104|B116|B810|B103|B277|B189|B304|B244|B401|B830|B809|B262|B245|B587|B242|B86|B812|B234|B241|B362|B136|B235|B313|B230|B303|B308|B400|B409|B356,
G22_10_21,XP010808812.1_9913_5,,,B821|B582|B91|B97|B819|B516|B130|B178|B455|B459|B496|B104|B116|B193|B112|B103|B490|B517|B169|B77|B196|B207|B198|B233|B232|B262|B200|B792|B86|B109|B447|B234|B120|B186|B416|B790|B136|B235|B230|B184|B111|B409|B728,
G22_10_21,NP001278744.1_9606_6,,,B248|B91|B97|B201|B130|B178|B213|B218|B104|B116|B193|B112|B103|B189|B169|B77|B244|B196|B207|B198|B233|B232|B262|B200|B245|B242|B86|B109|B234|B241|B120|B186|B215|B136|B235|B166|B203|B230|B184|B111|B168,
G22_10_21,XP006498564.1_10090_7,,,B582|B91|B97|B201|B516|B130|B178|B213|B496|B104|B116|B193|B112|B103|B517|B169|B77|B196|B207|B198|B233|B232|B262|B200|B792|B86|B109|B234|B120|B186|B416|B215|B790|B136|B235|B166|B203|B230|B184|B111|B168|B409|B728,
G22_10_21,XP005160777.1_7955_11,,,B821|B440|B248|B91|B345|B97|B819|B520|B516|B130|B822|B213|B218|B496|B104|B116|B810|B112|B103|B277|B304|B490|B517|B244|B830|B207|B809|B233|B232|B262|B826|B245|B587|B242|B86|B109|B547|B814|B447|B812|B234|B241|B120|B828|B416|B469|B136|B235|B313|B230|B813|B303|B815|B308|B409|B816,
G22_10_21,XP012816895.2_8364_12,,,B821|B440|B91|B345|B97|B789|B819|B520|B516|B130|B178|B455|B459|B104|B116|B112|B103|B277|B304|B169|B207|B233|B232|B262|B587|B395|B86|B109|B547|B814|B447|B234|B828|B186|B416|B362|B790|B469|B136|B787|B166|B313|B230|B184|B111|B168|B308|B400|B409|B728,
G22_10_21,XP025008796.2_9031_13,,,B582|B91|B345|B97|B789|B520|B201|B516|B130|B178|B213|B218|B496|B104|B116|B193|B112|B103|B277|B304|B490|B517|B169|B77|B401|B196|B207|B198|B233|B232|B262|B200|B792|B587|B395|B86|B784|B109|B547|B436|B234|B120|B186|B416|B215|B362|B790|B469|B136|B235|B787|B166|B313|B203|B230|B184|B168|B303|B308|B400|B409|B356|B783|B728,
G22_10_21,NP001179466.3_9913_14,,,B440|B248|B91|B345|B97|B520|B201|B516|B130|B178|B455|B213|B459|B496|B104|B116|B193|B112|B103|B277|B189|B304|B490|B517|B169|B244|B401|B830|B196|B207|B198|B233|B232|B262|B200|B245|B587|B395|B242|B86|B109|B547|B447|B436|B234|B241|B120|B186|B416|B362|B469|B136|B235|B166|B313|B203|B230|B184|B168|B303|B308|B400|B409|B356,
G22_10_21,NP114141.2_9606_15,,,B440|B582|B91|B345|B97|B520|B201|B516|B130|B178|B455|B213|B459|B496|B104|B116|B193|B112|B103|B277|B189|B304|B490|B517|B169|B77|B401|B196|B207|B198|B233|B232|B262|B200|B587|B395|B86|B109|B547|B447|B436|B234|B120|B186|B416|B362|B469|B136|B235|B166|B313|B203|B230|B184|B168|B303|B308|B400|B409|B356,
G22_10_21,XP006529820.1_10090_16,,,B440|B582|B91|B345|B97|B520|B201|B516|B130|B178|B455|B213|B459|B496|B104|B116|B193|B112|B103|B277|B189|B304|B490|B517|B169|B77|B401|B196|B207|B198|B233|B232|B262|B200|B587|B395|B86|B109|B547|B447|B436|B234|B120|B186|B416|B362|B469|B136|B235|B166|B313|B203|B230|B184|B168|B303|B308|B400|B409|B356,
G23_1_22,XP018668081.2_7719_1,,,B533|B237|B557|B392|B541|B506|B239|B839|B572|B217|B544|B538|B98|B222|B87|B556|B555|B788|B571|B535|B150|B360|B536|B563|B565,
G23_1_22,XP031747766.1_8364_2,,,B533|B239|B544|B98|B87|B556|B788|B360|B563,
G23_1_22,XP001920501.5_7955_3,,,B533|B239|B839|B98|B87|B360|B563,
G23_1_22,XP010808812.1_9913_5,,,B237|B506|B239|B98|B222|B87|B150|B563,
G23_1_22,NP001278744.1_9606_6,,,B237|B239|B217|B98|B222|B87|B150,
G23_1_22,XP006498564.1_10090_7,,,B237|B506|B239|B98|B222|B87|B150|B563,
G23_1_22,XP005160777.1_7955_11,,,B533|B237|B557|B541|B506|B239|B544|B538|B98|B222|B87|B556|B555|B535|B360|B536|B563,
G23_1_22,XP012816895.2_8364_12,,,B533|B237|B557|B392|B541|B506|B239|B544|B538|B98|B222|B87|B556|B555|B788|B571|B535|B360|B536|B563,
G23_1_22,XP025008796.2_9031_13,,,B533|B237|B557|B392|B541|B506|B239|B544|B98|B222|B87|B556|B555|B788|B535|B360|B563,
G23_1_22,NP001179466.3_9913_14,,,B533|B237|B557|B392|B541|B506|B239|B544|B538|B98|B222|B87|B556|B555|B535|B360|B536|B563|B565,
G23_1_22,NP114141.2_9606_15,,,B533|B237|B557|B392|B541|B506|B239|B572|B544|B538|B98|B222|B87|B556|B555|B571|B535|B360|B536|B563|B565,
G23_1_22,XP006529820.1_10090_16,,,B533|B237|B557|B392|B541|B506|B239|B572|B544|B538|B98|B222|B87|B556|B555|B571|B535|B360|B536|B563|B565,
G24_0_23,NP001024582.1_6239_0,,,B4|B20|B17|B9|B10|B5|B3|B12|B21|B2|B7|B8|B19|B13|B18|B16,
G24_0_23,XP018668081.2_7719_1,,,B4|B17|B10|B5|B3|B2|B7|B13|B16,
G24_0_23,XP031747766.1_8364_2,,,B4|B17|B5|B3|B21|B2|B7|B8|B19|B13|B18,
G24_0_23,XP001920501.5_7955_3,,,B4|B17|B5|B3|B2|B7|B8|B13,
G24_0_23,XP010808812.1_9913_5,,,B4|B17|B5|B3|B21|B2|B7|B8|B13,
G24_0_23,NP001278744.1_9606_6,,,B4|B17|B10|B5|B3|B2|B7|B13,
G24_0_23,XP006498564.1_10090_7,,,B4|B17|B5|B3|B2|B7|B8|B13,
G24_0_23,XP005160777.1_7955_11,,,B4|B17|B5|B3|B21|B2|B7|B8|B19|B13|B18,
G24_0_23,XP012816895.2_8364_12,,,B4|B20|B17|B10|B5|B3|B12|B21|B2|B7|B8|B19|B13|B18,
G24_0_23,XP025008796.2_9031_13,,,B4|B17|B9|B10|B5|B3|B12|B2|B7|B8|B13,
G24_0_23,NP001179466.3_9913_14,,,B4|B17|B9|B10|B5|B3|B12|B21|B2|B7|B8|B13|B18,
G24_0_23,NP114141.2_9606_15,,,B4|B17|B9|B10|B5|B3|B12|B21|B2|B7|B8|B13|B18,
G24_0_23,XP006529820.1_10090_16,,,B4|B17|B9|B10|B5|B3|B12|B21|B2|B7|B8|B13|B18,
XP018668509.1_7719_25,XP018668509.1_7719_25,,ATN1|ELN|EMILIN1|FBN1|FBN2|HOXA1|MFAP1|MFAP2|MFAP3|MFAP4|MFAP5|NUFIP2|TFAP2C|VTN,,
NP001293878.1_6239_26,NP001293878.1_6239_26,,ATN1|ELN|EMILIN1|FBN1|FBN2|HOXA1|MFAP1|MFAP2|MFAP3|MFAP4|MFAP5|NUFIP2|TFAP2C|VTN,,
G27_25_26,XP018668509.1_7719_25,,,,
G27_25_26,NP001293878.1_6239_26,,,B77,
XP031754335.1_8364_28,XP031754335.1_8364_28,,,,
NP571117.2_7955_29,NP571117.2_7955_29,,CACNA1A|LCE1C|LCE3A,,
NP989496.1_9031_30,NP989496.1_9031_30,,,,
NP001091498.1_9913_31,NP001091498.1_9913_31,,ARMS2|CREB5|FBLN1|FBLN5|IGFL3|ITM2B|PRNP|ST14|ZFP41|ZNF444|ZNF764,,
NP006477.3_9606_32,NP006477.3_9606_32,ADAMTSL4|CAVIN1|CXCL5|DDIAS|ECM1|FXR1|HTRA1|KRTAP111|KRTAP192|LCE1A|LINGO1|LTBP4|MRPL12|NLGN3|OCLN|PLSCR1|PLSCR4|TIMP3|TRIM42,,,
NP034310.2_10090_33,NP034310.2_10090_33,,ARMS2|CREB5|FBLN1|FBLN5|IGFL3|ITM2B|PRNP|ST14|ZFP41|ZNF444|ZNF764,,
G34_32_33,NP006477.3_9606_32,,,,
G34_32_33,NP034310.2_10090_33,,,B722|B720,
G35_31_34,NP001091498.1_9913_31,ARMS2|CREB5|FBLN1|FBLN5|IGFL3|ITM2B|PRNP|ST14|ZFP41|ZNF444|ZNF764,,B657|B653|B681|B615,
G35_31_34,NP006477.3_9606_32,ARMS2|CREB5|FBLN1|FBLN5|IGFL3|ITM2B|PRNP|ST14|ZFP41|ZNF444|ZNF764,,B657|B653|B681,
G35_31_34,NP034310.2_10090_33,ARMS2|CREB5|FBLN1|FBLN5|IGFL3|ITM2B|PRNP|ST14|ZFP41|ZNF444|ZNF764,,B657|B653|B681|B615,
G36_30_35,NP989496.1_9031_30,,,B685,
G36_30_35,NP001091498.1_9913_31,,,B685,
G36_30_35,NP006477.3_9606_32,,,B685,
G36_30_35,NP034310.2_10090_33,,,B685,
G37_29_36,NP571117.2_7955_29,CACNA1A|GFI1B|LCE1C|LCE3A|MEOX2,,B686|B677|B684,
G37_29_36,NP989496.1_9031_30,CACNA1A|GFI1B|LCE1C|LCE3A|MEOX2,,B686|B684,
G37_29_36,NP001091498.1_9913_31,CACNA1A|GFI1B|LCE1C|LCE3A|MEOX2,,B686|B677|B684,
G37_29_36,NP006477.3_9606_32,CACNA1A|GFI1B|LCE1C|LCE3A|MEOX2,,B686|B677|B684,
G37_29_36,NP034310.2_10090_33,CACNA1A|GFI1B|LCE1C|LCE3A|MEOX2,,B686|B684,
G38_28_37,XP031754335.1_8364_28,,,B797|B654|B795|B672|B664|B673,
G38_28_37,NP571117.2_7955_29,,,B797|B654|B664,
G38_28_37,NP989496.1_9031_30,,,B797|B654|B795|B672|B664,
G38_28_37,NP001091498.1_9913_31,,,B654|B672|B664|B673,
G38_28_37,NP006477.3_9606_32,,,B654|B672|B664|B673,
G38_28_37,NP034310.2_10090_33,,,B654|B672|B664,
XP001341277.2_7955_39,XP001341277.2_7955_39,,,,
XP017949170.2_8364_40,XP017949170.2_8364_40,,,,
XP015148926.2_9031_41,XP015148926.2_9031_41,,OTX1,,
XP002697177.1_9913_42,XP002697177.1_9913_42,,LAMA5,,
NP001004019.1_9606_43,NP001004019.1_9606_43,COL8A1|FBXW5|ZNF408,,,
NP032018.2_10090_44,NP032018.2_10090_44,,LAMA5,,
G45_43_44,NP001004019.1_9606_43,,,B718|B721|B722|B719|B720|B700|B64|B717,
G45_43_44,NP032018.2_10090_44,,,B718|B721|B722|B719|B720|B700|B64|B717,
G46_42_45,XP002697177.1_9913_42,HSD3B7|LAMA5|LCE3D,,B705|B714|B880|B703|B615|B701|B687,
G46_42_45,NP001004019.1_9606_43,HSD3B7|LAMA5|LCE3D,,B705|B714|B703|B701|B687,B64
G46_42_45,NP032018.2_10090_44,HSD3B7|LAMA5|LCE3D,,B705|B714|B880|B615|B701,B64
G47_41_46,XP015148926.2_9031_41,OTX1,,B697|B715|B713,
G47_41_46,XP002697177.1_9913_42,OTX1,,B697|B715|B713,
G47_41_46,NP001004019.1_9606_43,OTX1,,B697|B715|B713,
G47_41_46,NP032018.2_10090_44,OTX1,,B697|B715|B713,
G48_40_47,XP017949170.2_8364_40,,,B708|B706|B710|B712,
G48_40_47,XP015148926.2_9031_41,,,B708|B706|B710|B712,
G48_40_47,XP002697177.1_9913_42,,,B708|B706|B710|B712,
G48_40_47,NP001004019.1_9606_43,,,B708|B706|B710|B712,
G48_40_47,NP032018.2_10090_44,,,B708|B706|B710|B712,
G49_39_48,XP001341277.2_7955_39,,,B691|B850|B244|B693|B707|B742|B241|B849|B711|B695|B848,
G49_39_48,XP017949170.2_8364_40,,,B691|B693|B707|B742|B711|B695,
G49_39_48,XP015148926.2_9031_41,,,B691|B693|B707|B742|B711|B695,
G49_39_48,XP002697177.1_9913_42,,,B691|B850|B617|B244|B693|B707|B742|B241|B849|B711|B695|B848,
G49_39_48,NP001004019.1_9606_43,,,B691|B644|B693|B707|B742|B711|B695,
G49_39_48,NP032018.2_10090_44,,,B691|B617|B644|B693|B707|B742|B711|B695,
G50_38_49,XP031754335.1_8364_28,ACAN|FN1|HSPG2|NID1|VCAN,,B741|B736|B730|B737|B77|B663|B674|B739|B728,
G50_38_49,NP571117.2_7955_29,ACAN|FN1|HSPG2|NID1|VCAN,,B736|B730|B737|B77|B663|B674|B565,
G50_38_49,NP989496.1_9031_30,ACAN|FN1|HSPG2|NID1|VCAN,,B736|B730|B737|B77|B663|B674|B565|B728,
G50_38_49,NP001091498.1_9913_31,ACAN|FN1|HSPG2|NID1|VCAN,,B730|B737|B77|B663|B674,
G50_38_49,NP006477.3_9606_32,ACAN|FN1|HSPG2|NID1|VCAN,,B680|B663|B674|B679,
G50_38_49,NP034310.2_10090_33,ACAN|FN1|HSPG2|NID1|VCAN,,B730|B737|B77|B663|B728,
G50_38_49,XP001341277.2_7955_39,ACAN|FN1|HSPG2|NID1|VCAN,,B741|B736|B737|B77|B663|B739,
G50_38_49,XP017949170.2_8364_40,ACAN|FN1|HSPG2|NID1|VCAN,,B741|B737|B77|B680|B663|B739|B679|B565,
G50_38_49,XP015148926.2_9031_41,ACAN|FN1|HSPG2|NID1|VCAN,,B741|B736|B730|B737|B77|B663|B674|B739|B565|B728,
G50_38_49,XP002697177.1_9913_42,ACAN|FN1|HSPG2|NID1|VCAN,,B741|B737|B77|B663|B739,
G50_38_49,NP001004019.1_9606_43,ACAN|FN1|HSPG2|NID1|VCAN,,B741|B736|B730|B737|B77|B680|B663|B739|B728,
G50_38_49,NP032018.2_10090_44,ACAN|FN1|HSPG2|NID1|VCAN,,B741|B736|B730|B737|B77|B680|B663|B739|B728,
G51_27_50,XP018668509.1_7719_25,,,B692|B662|B723|B694|B862,
G51_27_50,NP001293878.1_6239_26,,,,
G51_27_50,XP031754335.1_8364_28,,,B662,
G51_27_50,NP571117.2_7955_29,,,B662,
G51_27_50,NP989496.1_9031_30,,,B662,
G51_27_50,NP001091498.1_9913_31,,,B662,
G51_27_50,NP006477.3_9606_32,,,B662,
G51_27_50,NP034310.2_10090_33,,,B662|B723,
G51_27_50,XP001341277.2_7955_39,,,B692|B662|B694,
G51_27_50,XP017949170.2_8364_40,,,B692|B662|B694|B862,
G51_27_50,XP015148926.2_9031_41,,,B692|B662|B694,
G51_27_50,XP002697177.1_9913_42,,,B692|B662|B694,
G51_27_50,NP001004019.1_9606_43,,,B692|B662|B723|B694,
G51_27_50,NP032018.2_10090_44,,,B692|B662|B723|B694,
XP002125565.2_7719_52,XP002125565.2_7719_52,,ATN1|ELN|EMILIN1|FBN1|FBN2|HOXA1|MFAP1|MFAP2|MFAP3|MFAP4|MFAP5|NUFIP2|TFAP2C|VTN,,
XP002119967.2_7719_53,XP002119967.2_7719_53,,,,
XP040501945.1_9031_54,XP040501945.1_9031_54,,,,
XP031756690.1_8364_55,XP031756690.1_8364_55,,,,
G56_54_55,XP040501945.1_9031_54,,,B808,
G56_54_55,XP031756690.1_8364_55,,,B808,
XP002665476.3_7955_57,XP002665476.3_7955_57,,,,
XP017209808.2_7955_58,XP017209808.2_7955_58,,,,
G59_57_58,XP002665476.3_7955_57,,,B854|B855,
G59_57_58,XP017209808.2_7955_58,,,B854|B855,
G60_56_59,XP040501945.1_9031_54,,,B800|B806|B801|B804,
G60_56_59,XP031756690.1_8364_55,,,B853|B804,
G60_56_59,XP002665476.3_7955_57,,,B853|B800|B806|B801|B804,
G60_56_59,XP017209808.2_7955_58,,,B806|B804,
XP001918972.3_7955_61,XP001918972.3_7955_61,,,,
NP001313425.1_9031_62,NP001313425.1_9031_62,,,,
XP002940445.2_8364_63,XP002940445.2_8364_63,,,,
XP002691171.2_9913_64,XP002691171.2_9913_64,,ASPH,B27,
XP011508887.1_9606_65,XP011508887.1_9606_65,,,,
NP077199.2_10090_66,NP077199.2_10090_66,,ASPH,,
G67_65_66,XP011508887.1_9606_65,,,B27,
G67_65_66,NP077199.2_10090_66,,,B27,
G68_64_67,XP002691171.2_9913_64,ASPH,,B746|B745,B27
G68_64_67,XP011508887.1_9606_65,ASPH,,B746|B745,B27
G68_64_67,NP077199.2_10090_66,ASPH,,B746,B27
G69_63_68,XP002940445.2_8364_63,,,B753,
G69_63_68,XP002691171.2_9913_64,,,B753,
G69_63_68,XP011508887.1_9606_65,,,B753,
G69_63_68,NP077199.2_10090_66,,,B753,
G70_62_69,NP001313425.1_9031_62,,,,
G70_62_69,XP002940445.2_8364_63,,,,
G70_62_69,XP002691171.2_9913_64,,,,
G70_62_69,XP011508887.1_9606_65,,,,
G70_62_69,NP077199.2_10090_66,,,,
G71_61_70,XP001918972.3_7955_61,,,B772|B799|B751|B762|B777|B752,
G71_61_70,NP001313425.1_9031_62,,,B772|B799|B751|B762|B777,
G71_61_70,XP002940445.2_8364_63,,,B772|B799|B751|B762|B777|B752,
G71_61_70,XP002691171.2_9913_64,,,B772|B799|B751|B762|B777|B752,
G71_61_70,XP011508887.1_9606_65,,,B772|B751|B762|B777|B752,
G71_61_70,NP077199.2_10090_66,,,B772|B799|B751|B762|B777|B752,
G72_60_71,XP040501945.1_9031_54,,,B758|B625|B77|B749|B760|B773|B776|B771,
G72_60_71,XP031756690.1_8364_55,,,B758|B77|B773|B771,
G72_60_71,XP002665476.3_7955_57,,,B758|B756|B625|B77|B760|B773|B776|B771,
G72_60_71,XP017209808.2_7955_58,,,B758|B77|B773|B771|B763,
G72_60_71,XP001918972.3_7955_61,,,B758|B756|B625|B77|B749|B760|B773|B776|B771|B763,
G72_60_71,NP001313425.1_9031_62,,,B758|B756|B625|B77|B749|B760|B773|B776|B771|B763,
G72_60_71,XP002940445.2_8364_63,,,B758|B756|B625|B749|B760|B773|B776|B771|B763,
G72_60_71,XP002691171.2_9913_64,,,B758|B756|B625|B77|B749|B760|B773|B776|B771|B763,
G72_60_71,XP011508887.1_9606_65,,,B758|B756|B625|B77|B749|B760|B773|B776|B771|B763,
G72_60_71,NP077199.2_10090_66,,,B758|B756|B625|B77|B749|B760|B773|B776|B771|B763,
G73_53_72,XP002119967.2_7719_53,,ATN1|ELN|EMILIN1|FBN1|FBN2|HOXA1|MFAP1|MFAP2|MFAP3|MFAP4|MFAP5|NUFIP2|TFAP2C|VTN,B759,
G73_53_72,XP040501945.1_9031_54,,ATN1|ELN|EMILIN1|FBN1|FBN2|HOXA1|MFAP1|MFAP2|MFAP3|MFAP4|MFAP5|NUFIP2|TFAP2C|VTN,B759,
G73_53_72,XP031756690.1_8364_55,,ATN1|ELN|EMILIN1|FBN1|FBN2|HOXA1|MFAP1|MFAP2|MFAP3|MFAP4|MFAP5|NUFIP2|TFAP2C|VTN,B759,
G73_53_72,XP002665476.3_7955_57,,ATN1|ELN|EMILIN1|FBN1|FBN2|HOXA1|MFAP1|MFAP2|MFAP3|MFAP4|MFAP5|NUFIP2|TFAP2C|VTN,B759,
G73_53_72,XP017209808.2_7955_58,,ATN1|ELN|EMILIN1|FBN1|FBN2|HOXA1|MFAP1|MFAP2|MFAP3|MFAP4|MFAP5|NUFIP2|TFAP2C|VTN,B759,
G73_53_72,XP001918972.3_7955_61,,ATN1|ELN|EMILIN1|FBN1|FBN2|HOXA1|MFAP1|MFAP2|MFAP3|MFAP4|MFAP5|NUFIP2|TFAP2C|VTN,B759,
G73_53_72,NP001313425.1_9031_62,,ATN1|ELN|EMILIN1|FBN1|FBN2|HOXA1|MFAP1|MFAP2|MFAP3|MFAP4|MFAP5|NUFIP2|TFAP2C|VTN,B759,
G73_53_72,XP002940445.2_8364_63,,ATN1|ELN|EMILIN1|FBN1|FBN2|HOXA1|MFAP1|MFAP2|MFAP3|MFAP4|MFAP5|NUFIP2|TFAP2C|VTN,B759,
G73_53_72,XP002691171.2_9913_64,,ATN1|ELN|EMILIN1|FBN1|FBN2|HOXA1|MFAP1|MFAP2|MFAP3|MFAP4|MFAP5|NUFIP2|TFAP2C|VTN,B759,
G73_53_72,XP011508887.1_9606_65,,ATN1|ELN|EMILIN1|FBN1|FBN2|HOXA1|MFAP1|MFAP2|MFAP3|MFAP4|MFAP5|NUFIP2|TFAP2C|VTN,B759,
G73_53_72,NP077199.2_10090_66,,ATN1|ELN|EMILIN1|FBN1|FBN2|HOXA1|MFAP1|MFAP2|MFAP3|MFAP4|MFAP5|NUFIP2|TFAP2C|VTN,B759,
XP002128973.1_7719_74,XP002128973.1_7719_74,,ATN1|ELN|EMILIN1|FBN1|FBN2|HOXA1|MFAP1|MFAP2|MFAP3|MFAP4|MFAP5|NUFIP2|TFAP2C|VTN,,
NP001005979.1_7955_75,NP001005979.1_7955_75,,,,
NP001025619.1_8364_76,NP001025619.1_8364_76,,,,
NP001264403.1_9031_77,NP001264403.1_9031_77,,,,
XP005222280.1_9913_78,XP005222280.1_9913_78,,,,
NP001371087.1_9606_79,NP001371087.1_9606_79,CREB5|DNAJC10|EFEMP2|EGFL7|FBLN1|FBLN5|IGFL3|ITM2B|LAMA5|LOX|LOXL1|MAGEA3|PRNP|RECQL4|ST14|ZBTB9|ZFP41|ZNF136|ZNF324|ZNF408|ZNF444|ZNF460|ZNF627|ZNF696|ZNF747|ZNF764,,,
NP001348916.1_10090_80,NP001348916.1_10090_80,,ASPH,,
G81_79_80,NP001371087.1_9606_79,,,,
G81_79_80,NP001348916.1_10090_80,,,,
G82_78_81,XP005222280.1_9913_78,ASPH,,B878,
G82_78_81,NP001371087.1_9606_79,ASPH,,,
G82_78_81,NP001348916.1_10090_80,ASPH,,B878,
G83_77_82,NP001264403.1_9031_77,,,B635,
G83_77_82,XP005222280.1_9913_78,,,B635,
G83_77_82,NP001371087.1_9606_79,,,B635,
G83_77_82,NP001348916.1_10090_80,,,B635,
G84_76_83,NP001025619.1_8364_76,,,B634|B632|B638,
G84_76_83,NP001264403.1_9031_77,,,B634|B632|B638,
G84_76_83,XP005222280.1_9913_78,,,B634|B632|B638,
G84_76_83,NP001371087.1_9606_79,,,B634|B632|B638,
G84_76_83,NP001348916.1_10090_80,,,B634|B632|B638,
G85_75_84,NP001005979.1_7955_75,,,B647,
G85_75_84,NP001025619.1_8364_76,,,B647,
G85_75_84,NP001264403.1_9031_77,,,B647,
G85_75_84,XP005222280.1_9913_78,,,B647,
G85_75_84,NP001371087.1_9606_79,,,B647,
G85_75_84,NP001348916.1_10090_80,,,B647,
NP001008587.1_7955_86,NP001008587.1_7955_86,,ANAPC11|ATXN7|BAG6|CLPP|CYSRT1|FAM110A|IGFBP6|LCE2C|LTBP3|NOS3|PROP1|RERE|SGTA|SHANK3|ZNF768,,
NP001153830.1_7955_87,NP001153830.1_7955_87,,ANAPC11|ATXN7|BAG6|CLPP|CYSRT1|FAM110A|IGFBP6|LCE2C|LTBP3|NOS3|PROP1|RERE|SGTA|SHANK3|ZNF768,,
G88_86_87,NP001008587.1_7955_86,,CACNA1A|HSD3B7|LCE1C|LCE3A|LCE3D,B845,
G88_86_87,NP001153830.1_7955_87,,CACNA1A|HSD3B7|LCE1C|LCE3A|LCE3D,B845,
XP002939376.2_8364_89,XP002939376.2_8364_89,,CACNA1A|HSD3B7|LCE1C|LCE3A|LCE3D,,
NP001157824.1_10090_90,NP001157824.1_10090_90,,CREB5|FBLN5,,
NP001069517.1_9913_91,NP001069517.1_9913_91,,ADAMTSL4|CAVIN1|COL8A1|CXCL5|EFEMP2|FBXW5|FXR1|KRTAP111|LCE1A|LINGO1|LOX|LOXL1|LTBP4|MRPL12|PLSCR1|PLSCR4|TRIM42,,
NP058634.4_9606_92,NP058634.4_9606_92,,,,
G93_91_92,NP001069517.1_9913_91,ADAMTSL4|CAVIN1|COL8A1|CXCL5|EFEMP2|FBXW5|FXR1|KRTAP111|LCE1A|LINGO1|LOX|LOXL1|LTBP4|MRPL12|PLSCR1|PLSCR4|TRIM42,,,
G93_91_92,NP058634.4_9606_92,ADAMTSL4|CAVIN1|COL8A1|CXCL5|EFEMP2|FBXW5|FXR1|KRTAP111|LCE1A|LINGO1|LOX|LOXL1|LTBP4|MRPL12|PLSCR1|PLSCR4|TRIM42,,,
G94_90_93,NP001157824.1_10090_90,CREB5|FBLN5,,B651|B615|B648,
G94_90_93,NP001069517.1_9913_91,CREB5|FBLN5,,B651|B648,
G94_90_93,NP058634.4_9606_92,CREB5|FBLN5,,B651|B648,
G95_89_94,XP002939376.2_8364_89,,,B649|B652,
G95_89_94,NP001157824.1_10090_90,,,B649|B652,
G95_89_94,NP001069517.1_9913_91,,,B649|B652,
G95_89_94,NP058634.4_9606_92,,,B649|B652,
G96_88_95,NP001008587.1_7955_86,CACNA1A|HSD3B7|LCE1C|LCE3A|LCE3D,,,
G96_88_95,NP001153830.1_7955_87,CACNA1A|HSD3B7|LCE1C|LCE3A|LCE3D,,,
G96_88_95,XP002939376.2_8364_89,CACNA1A|HSD3B7|LCE1C|LCE3A|LCE3D,,,
G96_88_95,NP001157824.1_10090_90,CACNA1A|HSD3B7|LCE1C|LCE3A|LCE3D,,,
G96_88_95,NP001069517.1_9913_91,CACNA1A|HSD3B7|LCE1C|LCE3A|LCE3D,,,
G96_88_95,NP058634.4_9606_92,CACNA1A|HSD3B7|LCE1C|LCE3A|LCE3D,,,
NP001103991.1_7955_97,NP001103991.1_7955_97,,ANAPC11|ATXN7|BAG6|CLPP|CYSRT1|FAM110A|GFI1B|IGFBP6|LCE2C|LTBP3|MEOX2|NOS3|OTX1|PROP1|RERE|SGTA|SHANK3|ZNF768,,
XP009305317.1_7955_98,XP009305317.1_7955_98,,ANAPC11|ATXN7|BAG6|CLPP|CYSRT1|FAM110A|IGFBP6|LCE2C|LTBP3|NOS3|PROP1|RERE|SGTA|SHANK3|ZNF768,,
G99_97_98,NP001103991.1_7955_97,,CACNA1A|HSD3B7|LCE1C|LCE3A|LCE3D,,
G99_97_98,XP009305317.1_7955_98,,CACNA1A|HSD3B7|LCE1C|LCE3A|LCE3D,,
XP002936872.1_8364_100,XP002936872.1_8364_100,,CACNA1A|HSD3B7|LCE1C|LCE3A|LCE3D,,
XP025004920.1_9031_101,XP025004920.1_9031_101,,,,
NP001075186.1_9913_102,NP001075186.1_9913_102,,,,
NP001034437.1_9606_103,NP001034437.1_9606_103,DDIAS|DNAJC10|ECM1|EGFL7|FBLN7|HSPA5|HTRA1|KRTAP192|MAGEA3|NLGN3|OCLN|TIMP3|ZBTB9|ZNF136|ZNF324|ZNF460|ZNF627|ZNF696|ZNF747,,,
NP666127.2_10090_104,NP666127.2_10090_104,,FBLN1|ZNF408|ZNF444,,
G105_103_104,NP001034437.1_9606_103,FBLN1|ZNF408|ZNF444,,,
G105_103_104,NP666127.2_10090_104,FBLN1|ZNF408|ZNF444,,,
G106_102_105,NP001075186.1_9913_102,,,B600|B588|B604|B615|B602,
G106_102_105,NP001034437.1_9606_103,,,B600|B588|B604|B615|B602,
G106_102_105,NP666127.2_10090_104,,,B600|B588|B604|B602,
G107_101_106,XP025004920.1_9031_101,,,B605,
G107_101_106,NP001075186.1_9913_102,,,B605,
G107_101_106,NP001034437.1_9606_103,,,B605,
G107_101_106,NP666127.2_10090_104,,,B605,
G108_100_107,XP002936872.1_8364_100,,,,
G108_100_107,XP025004920.1_9031_101,,,,
G108_100_107,NP001075186.1_9913_102,,,,
G108_100_107,NP001034437.1_9606_103,,,,
G108_100_107,NP666127.2_10090_104,,,,
G109_99_108,NP001103991.1_7955_97,CACNA1A|HSD3B7|LCE1C|LCE3A|LCE3D,,,
G109_99_108,XP009305317.1_7955_98,CACNA1A|HSD3B7|LCE1C|LCE3A|LCE3D,,B244,
G109_99_108,XP002936872.1_8364_100,CACNA1A|HSD3B7|LCE1C|LCE3A|LCE3D,,,
G109_99_108,XP025004920.1_9031_101,CACNA1A|HSD3B7|LCE1C|LCE3A|LCE3D,,,
G109_99_108,NP001075186.1_9913_102,CACNA1A|HSD3B7|LCE1C|LCE3A|LCE3D,,,
G109_99_108,NP001034437.1_9606_103,CACNA1A|HSD3B7|LCE1C|LCE3A|LCE3D,,,
G109_99_108,NP666127.2_10090_104,CACNA1A|HSD3B7|LCE1C|LCE3A|LCE3D,,,
G110_96_109,NP001008587.1_7955_86,ANAPC11|ATXN7|BAG6|CLPP|CYSRT1|FAM110A|IGFBP6|LCE2C|LTBP3|NOS3|PROP1|RERE|SGTA|SHANK3|ZNF768,,B629|B593,
G110_96_109,NP001153830.1_7955_87,ANAPC11|ATXN7|BAG6|CLPP|CYSRT1|FAM110A|IGFBP6|LCE2C|LTBP3|NOS3|PROP1|RERE|SGTA|SHANK3|ZNF768,,B629|B593,
G110_96_109,XP002939376.2_8364_89,ANAPC11|ATXN7|BAG6|CLPP|CYSRT1|FAM110A|IGFBP6|LCE2C|LTBP3|NOS3|PROP1|RERE|SGTA|SHANK3|ZNF768,,B629|B593,
G110_96_109,NP001157824.1_10090_90,ANAPC11|ATXN7|BAG6|CLPP|CYSRT1|FAM110A|IGFBP6|LCE2C|LTBP3|NOS3|PROP1|RERE|SGTA|SHANK3|ZNF768,,B629|B617|B593,
G110_96_109,NP001069517.1_9913_91,ANAPC11|ATXN7|BAG6|CLPP|CYSRT1|FAM110A|IGFBP6|LCE2C|LTBP3|NOS3|PROP1|RERE|SGTA|SHANK3|ZNF768,,B629|B593,
G110_96_109,NP058634.4_9606_92,ANAPC11|ATXN7|BAG6|CLPP|CYSRT1|FAM110A|IGFBP6|LCE2C|LTBP3|NOS3|PROP1|RERE|SGTA|SHANK3|ZNF768,,B629|B593,
G110_96_109,NP001103991.1_7955_97,ANAPC11|ATXN7|BAG6|CLPP|CYSRT1|FAM110A|IGFBP6|LCE2C|LTBP3|NOS3|PROP1|RERE|SGTA|SHANK3|ZNF768,,B629,
G110_96_109,XP009305317.1_7955_98,ANAPC11|ATXN7|BAG6|CLPP|CYSRT1|FAM110A|IGFBP6|LCE2C|LTBP3|NOS3|PROP1|RERE|SGTA|SHANK3|ZNF768,,B629|B617|B593,
G110_96_109,XP002936872.1_8364_100,ANAPC11|ATXN7|BAG6|CLPP|CYSRT1|FAM110A|IGFBP6|LCE2C|LTBP3|NOS3|PROP1|RERE|SGTA|SHANK3|ZNF768,,B629|B593,
G110_96_109,XP025004920.1_9031_101,ANAPC11|ATXN7|BAG6|CLPP|CYSRT1|FAM110A|IGFBP6|LCE2C|LTBP3|NOS3|PROP1|RERE|SGTA|SHANK3|ZNF768,,B629|B593,
G110_96_109,NP001075186.1_9913_102,ANAPC11|ATXN7|BAG6|CLPP|CYSRT1|FAM110A|IGFBP6|LCE2C|LTBP3|NOS3|PROP1|RERE|SGTA|SHANK3|ZNF768,,B629|B617|B593,
G110_96_109,NP001034437.1_9606_103,ANAPC11|ATXN7|BAG6|CLPP|CYSRT1|FAM110A|IGFBP6|LCE2C|LTBP3|NOS3|PROP1|RERE|SGTA|SHANK3|ZNF768,,B629|B617|B593,
G110_96_109,NP666127.2_10090_104,ANAPC11|ATXN7|BAG6|CLPP|CYSRT1|FAM110A|IGFBP6|LCE2C|LTBP3|NOS3|PROP1|RERE|SGTA|SHANK3|ZNF768,,B629|B593,
G111_85_110,NP001005979.1_7955_75,DYRK1A|GFI1B|LTBP1|MEOX2|OTX1|TGFB1,,B626|B625|B77|B612|B644|B622|B624|B595|B628|B565,
G111_85_110,NP001025619.1_8364_76,DYRK1A|GFI1B|LTBP1|MEOX2|OTX1|TGFB1,,B626|B625|B77|B612|B644|B622|B624|B595|B628|B565,
G111_85_110,NP001264403.1_9031_77,DYRK1A|GFI1B|LTBP1|MEOX2|OTX1|TGFB1,,B626|B625|B77|B612|B644|B622|B624|B595|B628|B565,
G111_85_110,XP005222280.1_9913_78,DYRK1A|GFI1B|LTBP1|MEOX2|OTX1|TGFB1,,B626|B625|B77|B612|B644|B622|B624|B595|B628|B565,
G111_85_110,NP001371087.1_9606_79,DYRK1A|GFI1B|LTBP1|MEOX2|OTX1|TGFB1,,B626|B625|B77|B612|B644|B622|B624|B595|B628|B565,
G111_85_110,NP001348916.1_10090_80,DYRK1A|GFI1B|LTBP1|MEOX2|OTX1|TGFB1,,B626|B625|B77|B612|B644|B622|B624|B595|B628|B565,
G111_85_110,NP001008587.1_7955_86,DYRK1A|GFI1B|LTBP1|MEOX2|OTX1|TGFB1,,B626|B625|B612|B644|B622|B624|B595|B628|B565,
G111_85_110,NP001153830.1_7955_87,DYRK1A|GFI1B|LTBP1|MEOX2|OTX1|TGFB1,,B626|B625|B612|B644|B622|B624|B595|B628|B565,
G111_85_110,XP002939376.2_8364_89,DYRK1A|GFI1B|LTBP1|MEOX2|OTX1|TGFB1,,B626|B625|B77|B612|B622|B624|B595|B628|B565,
G111_85_110,NP001157824.1_10090_90,DYRK1A|GFI1B|LTBP1|MEOX2|OTX1|TGFB1,,B626|B625|B77|B612|B622|B624|B595|B628|B565,
G111_85_110,NP001069517.1_9913_91,DYRK1A|GFI1B|LTBP1|MEOX2|OTX1|TGFB1,,B626|B625|B77|B612|B622|B624|B595|B628|B565,
G111_85_110,NP058634.4_9606_92,DYRK1A|GFI1B|LTBP1|MEOX2|OTX1|TGFB1,,B626|B625|B612|B644|B622|B624|B595|B628|B565,
G111_85_110,NP001103991.1_7955_97,DYRK1A|GFI1B|LTBP1|MEOX2|OTX1|TGFB1,,B626|B625|B622|B624|B595|B628|B565,
G111_85_110,XP009305317.1_7955_98,DYRK1A|GFI1B|LTBP1|MEOX2|OTX1|TGFB1,,B626|B625|B77|B612|B622|B624|B595|B628|B565,
G111_85_110,XP002936872.1_8364_100,DYRK1A|GFI1B|LTBP1|MEOX2|OTX1|TGFB1,,B626|B625|B77|B612|B622|B624|B595|B628|B565,
G111_85_110,XP025004920.1_9031_101,DYRK1A|GFI1B|LTBP1|MEOX2|OTX1|TGFB1,,B626|B625|B612|B644|B622|B624|B595|B628|B565,
G111_85_110,NP001075186.1_9913_102,DYRK1A|GFI1B|LTBP1|MEOX2|OTX1|TGFB1,,B626|B625|B77|B612|B622|B624|B595|B628|B565,
G111_85_110,NP001034437.1_9606_103,DYRK1A|GFI1B|LTBP1|MEOX2|OTX1|TGFB1,,B626|B625|B77|B612|B622|B624|B595|B628|B565,
G111_85_110,NP666127.2_10090_104,DYRK1A|GFI1B|LTBP1|MEOX2|OTX1|TGFB1,,B626|B625|B612|B644|B622|B624|B595|B628|B565,
G112_74_111,XP002128973.1_7719_74,,,B621|B642,
G112_74_111,NP001005979.1_7955_75,,,B621|B642,
G112_74_111,NP001025619.1_8364_76,,,B621|B642,
G112_74_111,NP001264403.1_9031_77,,,B621|B642,
G112_74_111,XP005222280.1_9913_78,,,B621|B642,
G112_74_111,NP001371087.1_9606_79,,,B621|B642,
G112_74_111,NP001348916.1_10090_80,,,B621|B642,
G112_74_111,NP001008587.1_7955_86,,,B621|B642,
G112_74_111,NP001153830.1_7955_87,,,B621|B642,
G112_74_111,XP002939376.2_8364_89,,,B621,
G112_74_111,NP001157824.1_10090_90,,,B621,
G112_74_111,NP001069517.1_9913_91,,,B621,
G112_74_111,NP058634.4_9606_92,,,B621|B642,
G112_74_111,NP001103991.1_7955_97,,,B621,
G112_74_111,XP009305317.1_7955_98,,,B621,
G112_74_111,XP002936872.1_8364_100,,,B621,
G112_74_111,XP025004920.1_9031_101,,,B621|B642,
G112_74_111,NP001075186.1_9913_102,,,B621,
G112_74_111,NP001034437.1_9606_103,,,B621,
G112_74_111,NP666127.2_10090_104,,,B621|B642,
G113_73_112,XP002119967.2_7719_53,,,,
G113_73_112,XP040501945.1_9031_54,,,,
G113_73_112,XP031756690.1_8364_55,,,,
G113_73_112,XP002665476.3_7955_57,,,,
G113_73_112,XP017209808.2_7955_58,,,,
G113_73_112,XP001918972.3_7955_61,,,,
G113_73_112,NP001313425.1_9031_62,,,,
G113_73_112,XP002940445.2_8364_63,,,,
G113_73_112,XP002691171.2_9913_64,,,,
G113_73_112,XP011508887.1_9606_65,,,,
G113_73_112,NP077199.2_10090_66,,,,
G113_73_112,XP002128973.1_7719_74,,,,
G113_73_112,NP001005979.1_7955_75,,,,
G113_73_112,NP001025619.1_8364_76,,,,
G113_73_112,NP001264403.1_9031_77,,,,
G113_73_112,XP005222280.1_9913_78,,,,
G113_73_112,NP001371087.1_9606_79,,,,
G113_73_112,NP001348916.1_10090_80,,,,
G113_73_112,NP001008587.1_7955_86,,,,
G113_73_112,NP001153830.1_7955_87,,,,
G113_73_112,XP002939376.2_8364_89,,,,
G113_73_112,NP001157824.1_10090_90,,,,
G113_73_112,NP001069517.1_9913_91,,,,
G113_73_112,NP058634.4_9606_92,,,,
G113_73_112,NP001103991.1_7955_97,,,,
G113_73_112,XP009305317.1_7955_98,,,,
G113_73_112,XP002936872.1_8364_100,,,,
G113_73_112,XP025004920.1_9031_101,,,,
G113_73_112,NP001075186.1_9913_102,,,,
G113_73_112,NP001034437.1_9606_103,,,,
G113_73_112,NP666127.2_10090_104,,,,
G114_52_113,XP002125565.2_7719_52,,,B882,
G114_52_113,XP002119967.2_7719_53,,,,
G114_52_113,XP040501945.1_9031_54,,,,
G114_52_113,XP031756690.1_8364_55,,,,
G114_52_113,XP002665476.3_7955_57,,,,
G114_52_113,XP017209808.2_7955_58,,,,
G114_52_113,XP001918972.3_7955_61,,,,
G114_52_113,NP001313425.1_9031_62,,,,
G114_52_113,XP002940445.2_8364_63,,,,
G114_52_113,XP002691171.2_9913_64,,,,
G114_52_113,XP011508887.1_9606_65,,,,
G114_52_113,NP077199.2_10090_66,,,,
G114_52_113,XP002128973.1_7719_74,,,B882,
G114_52_113,NP001005979.1_7955_75,,,,
G114_52_113,NP001025619.1_8364_76,,,,
G114_52_113,NP001264403.1_9031_77,,,,
G114_52_113,XP005222280.1_9913_78,,,,
G114_52_113,NP001371087.1_9606_79,,,,
G114_52_113,NP001348916.1_10090_80,,,,
G114_52_113,NP001008587.1_7955_86,,,,
G114_52_113,NP001153830.1_7955_87,,,,
G114_52_113,XP002939376.2_8364_89,,,,
G114_52_113,NP001157824.1_10090_90,,,,
G114_52_113,NP001069517.1_9913_91,,,,
G114_52_113,NP058634.4_9606_92,,,,
G114_52_113,NP001103991.1_7955_97,,,,
G114_52_113,XP009305317.1_7955_98,,,,
G114_52_113,XP002936872.1_8364_100,,,,
G114_52_113,XP025004920.1_9031_101,,,,
G114_52_113,NP001075186.1_9913_102,,,,
G114_52_113,NP001034437.1_9606_103,,,,
G114_52_113,NP666127.2_10090_104,,,,
G115_51_114,XP018668509.1_7719_25,ATN1|ELN|EMILIN1|FBN1|FBN2|HOXA1|MFAP1|MFAP2|MFAP3|MFAP4|MFAP5|NUFIP2|TFAP2C|VTN,,B883,
G115_51_114,NP001293878.1_6239_26,ATN1|ELN|EMILIN1|FBN1|FBN2|HOXA1|MFAP1|MFAP2|MFAP3|MFAP4|MFAP5|NUFIP2|TFAP2C|VTN,,B56,
G115_51_114,XP031754335.1_8364_28,ATN1|ELN|EMILIN1|FBN1|FBN2|HOXA1|MFAP1|MFAP2|MFAP3|MFAP4|MFAP5|NUFIP2|TFAP2C|VTN,,,
G115_51_114,NP571117.2_7955_29,ATN1|ELN|EMILIN1|FBN1|FBN2|HOXA1|MFAP1|MFAP2|MFAP3|MFAP4|MFAP5|NUFIP2|TFAP2C|VTN,,B610,
G115_51_114,NP989496.1_9031_30,ATN1|ELN|EMILIN1|FBN1|FBN2|HOXA1|MFAP1|MFAP2|MFAP3|MFAP4|MFAP5|NUFIP2|TFAP2C|VTN,,B610,
G115_51_114,NP001091498.1_9913_31,ATN1|ELN|EMILIN1|FBN1|FBN2|HOXA1|MFAP1|MFAP2|MFAP3|MFAP4|MFAP5|NUFIP2|TFAP2C|VTN,,B56,
G115_51_114,NP006477.3_9606_32,ATN1|ELN|EMILIN1|FBN1|FBN2|HOXA1|MFAP1|MFAP2|MFAP3|MFAP4|MFAP5|NUFIP2|TFAP2C|VTN,,B56,
G115_51_114,NP034310.2_10090_33,ATN1|ELN|EMILIN1|FBN1|FBN2|HOXA1|MFAP1|MFAP2|MFAP3|MFAP4|MFAP5|NUFIP2|TFAP2C|VTN,,,
G115_51_114,XP001341277.2_7955_39,ATN1|ELN|EMILIN1|FBN1|FBN2|HOXA1|MFAP1|MFAP2|MFAP3|MFAP4|MFAP5|NUFIP2|TFAP2C|VTN,,B769,
G115_51_114,XP017949170.2_8364_40,ATN1|ELN|EMILIN1|FBN1|FBN2|HOXA1|MFAP1|MFAP2|MFAP3|MFAP4|MFAP5|NUFIP2|TFAP2C|VTN,,B610,
G115_51_114,XP015148926.2_9031_41,ATN1|ELN|EMILIN1|FBN1|FBN2|HOXA1|MFAP1|MFAP2|MFAP3|MFAP4|MFAP5|NUFIP2|TFAP2C|VTN,,B610,
G115_51_114,XP002697177.1_9913_42,ATN1|ELN|EMILIN1|FBN1|FBN2|HOXA1|MFAP1|MFAP2|MFAP3|MFAP4|MFAP5|NUFIP2|TFAP2C|VTN,,B769,
G115_51_114,NP001004019.1_9606_43,ATN1|ELN|EMILIN1|FBN1|FBN2|HOXA1|MFAP1|MFAP2|MFAP3|MFAP4|MFAP5|NUFIP2|TFAP2C|VTN,,B643,
G115_51_114,NP032018.2_10090_44,ATN1|ELN|EMILIN1|FBN1|FBN2|HOXA1|MFAP1|MFAP2|MFAP3|MFAP4|MFAP5|NUFIP2|TFAP2C|VTN,,B643,
G115_51_114,XP002125565.2_7719_52,ATN1|ELN|EMILIN1|FBN1|FBN2|HOXA1|MFAP1|MFAP2|MFAP3|MFAP4|MFAP5|NUFIP2|TFAP2C|VTN,,B769,
G115_51_114,XP002119967.2_7719_53,ATN1|ELN|EMILIN1|FBN1|FBN2|HOXA1|MFAP1|MFAP2|MFAP3|MFAP4|MFAP5|NUFIP2|TFAP2C|VTN,,,
G115_51_114,XP040501945.1_9031_54,ATN1|ELN|EMILIN1|FBN1|FBN2|HOXA1|MFAP1|MFAP2|MFAP3|MFAP4|MFAP5|NUFIP2|TFAP2C|VTN,,B769|B610,
G115_51_114,XP031756690.1_8364_55,ATN1|ELN|EMILIN1|FBN1|FBN2|HOXA1|MFAP1|MFAP2|MFAP3|MFAP4|MFAP5|NUFIP2|TFAP2C|VTN,,B610,
G115_51_114,XP002665476.3_7955_57,ATN1|ELN|EMILIN1|FBN1|FBN2|HOXA1|MFAP1|MFAP2|MFAP3|MFAP4|MFAP5|NUFIP2|TFAP2C|VTN,,B769|B610,
G115_51_114,XP017209808.2_7955_58,ATN1|ELN|EMILIN1|FBN1|FBN2|HOXA1|MFAP1|MFAP2|MFAP3|MFAP4|MFAP5|NUFIP2|TFAP2C|VTN,,B769|B610,
G115_51_114,XP001918972.3_7955_61,ATN1|ELN|EMILIN1|FBN1|FBN2|HOXA1|MFAP1|MFAP2|MFAP3|MFAP4|MFAP5|NUFIP2|TFAP2C|VTN,,B769|B610,
G115_51_114,NP001313425.1_9031_62,ATN1|ELN|EMILIN1|FBN1|FBN2|HOXA1|MFAP1|MFAP2|MFAP3|MFAP4|MFAP5|NUFIP2|TFAP2C|VTN,,B769|B610,
G115_51_114,XP002940445.2_8364_63,ATN1|ELN|EMILIN1|FBN1|FBN2|HOXA1|MFAP1|MFAP2|MFAP3|MFAP4|MFAP5|NUFIP2|TFAP2C|VTN,,B610,
G115_51_114,XP002691171.2_9913_64,ATN1|ELN|EMILIN1|FBN1|FBN2|HOXA1|MFAP1|MFAP2|MFAP3|MFAP4|MFAP5|NUFIP2|TFAP2C|VTN,,B610,
G115_51_114,XP011508887.1_9606_65,ATN1|ELN|EMILIN1|FBN1|FBN2|HOXA1|MFAP1|MFAP2|MFAP3|MFAP4|MFAP5|NUFIP2|TFAP2C|VTN,,B769|B610,
G115_51_114,NP077199.2_10090_66,ATN1|ELN|EMILIN1|FBN1|FBN2|HOXA1|MFAP1|MFAP2|MFAP3|MFAP4|MFAP5|NUFIP2|TFAP2C|VTN,,B769|B610,
G115_51_114,XP002128973.1_7719_74,ATN1|ELN|EMILIN1|FBN1|FBN2|HOXA1|MFAP1|MFAP2|MFAP3|MFAP4|MFAP5|NUFIP2|TFAP2C|VTN,,B643|B883|B56,
G115_51_114,NP001005979.1_7955_75,ATN1|ELN|EMILIN1|FBN1|FBN2|HOXA1|MFAP1|MFAP2|MFAP3|MFAP4|MFAP5|NUFIP2|TFAP2C|VTN,,B643|B769,
G115_51_114,NP001025619.1_8364_76,ATN1|ELN|EMILIN1|FBN1|FBN2|HOXA1|MFAP1|MFAP2|MFAP3|MFAP4|MFAP5|NUFIP2|TFAP2C|VTN,,B643|B769|B610,
G115_51_114,NP001264403.1_9031_77,ATN1|ELN|EMILIN1|FBN1|FBN2|HOXA1|MFAP1|MFAP2|MFAP3|MFAP4|MFAP5|NUFIP2|TFAP2C|VTN,,B643|B610,
G115_51_114,XP005222280.1_9913_78,ATN1|ELN|EMILIN1|FBN1|FBN2|HOXA1|MFAP1|MFAP2|MFAP3|MFAP4|MFAP5|NUFIP2|TFAP2C|VTN,,B643|B610,
G115_51_114,NP001371087.1_9606_79,ATN1|ELN|EMILIN1|FBN1|FBN2|HOXA1|MFAP1|MFAP2|MFAP3|MFAP4|MFAP5|NUFIP2|TFAP2C|VTN,,B643|B610,
G115_51_114,NP001348916.1_10090_80,ATN1|ELN|EMILIN1|FBN1|FBN2|HOXA1|MFAP1|MFAP2|MFAP3|MFAP4|MFAP5|NUFIP2|TFAP2C|VTN,,B643|B610,
G115_51_114,NP001008587.1_7955_86,ATN1|ELN|EMILIN1|FBN1|FBN2|HOXA1|MFAP1|MFAP2|MFAP3|MFAP4|MFAP5|NUFIP2|TFAP2C|VTN,,B643|B610,
G115_51_114,NP001153830.1_7955_87,ATN1|ELN|EMILIN1|FBN1|FBN2|HOXA1|MFAP1|MFAP2|MFAP3|MFAP4|MFAP5|NUFIP2|TFAP2C|VTN,,B643|B610,
G115_51_114,XP002939376.2_8364_89,ATN1|ELN|EMILIN1|FBN1|FBN2|HOXA1|MFAP1|MFAP2|MFAP3|MFAP4|MFAP5|NUFIP2|TFAP2C|VTN,,B610,
G115_51_114,NP001157824.1_10090_90,ATN1|ELN|EMILIN1|FBN1|FBN2|HOXA1|MFAP1|MFAP2|MFAP3|MFAP4|MFAP5|NUFIP2|TFAP2C|VTN,,B610,
G115_51_114,NP001069517.1_9913_91,ATN1|ELN|EMILIN1|FBN1|FBN2|HOXA1|MFAP1|MFAP2|MFAP3|MFAP4|MFAP5|NUFIP2|TFAP2C|VTN,,B610,
G115_51_114,NP058634.4_9606_92,ATN1|ELN|EMILIN1|FBN1|FBN2|HOXA1|MFAP1|MFAP2|MFAP3|MFAP4|MFAP5|NUFIP2|TFAP2C|VTN,,B643|B610,
G115_51_114,NP001103991.1_7955_97,ATN1|ELN|EMILIN1|FBN1|FBN2|HOXA1|MFAP1|MFAP2|MFAP3|MFAP4|MFAP5|NUFIP2|TFAP2C|VTN,,,
G115_51_114,XP009305317.1_7955_98,ATN1|ELN|EMILIN1|FBN1|FBN2|HOXA1|MFAP1|MFAP2|MFAP3|MFAP4|MFAP5|NUFIP2|TFAP2C|VTN,,B610,
G115_51_114,XP002936872.1_8364_100,ATN1|ELN|EMILIN1|FBN1|FBN2|HOXA1|MFAP1|MFAP2|MFAP3|MFAP4|MFAP5|NUFIP2|TFAP2C|VTN,,B610,
G115_51_114,XP025004920.1_9031_101,ATN1|ELN|EMILIN1|FBN1|FBN2|HOXA1|MFAP1|MFAP2|MFAP3|MFAP4|MFAP5|NUFIP2|TFAP2C|VTN,,B643|B610,
G115_51_114,NP001075186.1_9913_102,ATN1|ELN|EMILIN1|FBN1|FBN2|HOXA1|MFAP1|MFAP2|MFAP3|MFAP4|MFAP5|NUFIP2|TFAP2C|VTN,,B610,
G115_51_114,NP001034437.1_9606_103,ATN1|ELN|EMILIN1|FBN1|FBN2|HOXA1|MFAP1|MFAP2|MFAP3|MFAP4|MFAP5|NUFIP2|TFAP2C|VTN,,B610,
G115_51_114,NP666127.2_10090_104,ATN1|ELN|EMILIN1|FBN1|FBN2|HOXA1|MFAP1|MFAP2|MFAP3|MFAP4|MFAP5|NUFIP2|TFAP2C|VTN,,B643|B610,
G116_24_115,NP001024582.1_6239_0,,,B30|B26|B33|B23|B27,
G116_24_115,XP018668081.2_7719_1,,,B727|B62|B569|B26|B733|B33|B724|B64|B260|B23|B27|B249|B726,
G116_24_115,XP031747766.1_8364_2,,,B30|B49|B727|B52|B62|B33|B47|B724|B64|B260|B23|B27|B51|B726|B54,
G116_24_115,XP001920501.5_7955_3,,,B49|B52|B733|B33|B47|B260|B23|B27|B249|B51|B54,
G116_24_115,XP010808812.1_9913_5,,,B49|B727|B68|B33|B47|B66|B64|B260|B23|B27|B726,
G116_24_115,NP001278744.1_9606_6,,,B30|B33|B260|B27|B249,
G116_24_115,XP006498564.1_10090_7,,,B49|B727|B68|B33|B47|B66|B64|B260|B23|B27|B726,
G116_24_115,XP005160777.1_7955_11,,,B49|B68|B733|B33|B47|B66|B64|B260|B23|B27|B249,
G116_24_115,XP012816895.2_8364_12,,,B30|B727|B62|B569|B26|B33|B724|B64|B260|B23|B27|B726|B54,
G116_24_115,XP025008796.2_9031_13,,,B49|B727|B62|B33|B47|B724|B64|B260|B23|B27|B59|B726,
G116_24_115,NP001179466.3_9913_14,,,B68|B569|B26|B733|B33|B66|B64|B260|B23|B27|B249,
G116_24_115,NP114141.2_9606_15,,,B49|B62|B569|B26|B33|B47|B66|B64|B260|B23|B27|B51,
G116_24_115,XP006529820.1_10090_16,,,B49|B62|B569|B26|B33|B47|B66|B64|B260|B23|B27|B51,
G116_24_115,XP018668509.1_7719_25,,,B30|B49|B33|B47|B724|B260|B23|B27|B726,
G116_24_115,NP001293878.1_6239_26,,,B49|B68|B52|B62|B33|B47|B66|B64|B23|B27|B51|B59|B54,
G116_24_115,XP031754335.1_8364_28,,,B30|B49|B727|B68|B33|B47|B66|B64|B260|B23|B27|B249|B726,
G116_24_115,NP571117.2_7955_29,,,B30|B49|B52|B62|B569|B26|B33|B47|B64|B260|B23|B27|B249|B51|B54,
G116_24_115,NP989496.1_9031_30,,,B30|B49|B727|B68|B569|B26|B33|B47|B66|B64|B260|B23|B27|B249|B726,
G116_24_115,NP001091498.1_9913_31,,,B30|B49|B52|B33|B47|B260|B23|B27|B249|B51|B54,
G116_24_115,NP006477.3_9606_32,,,B30|B49|B68|B52|B62|B33|B47|B66|B64|B260|B23|B27|B249|B51|B54,
G116_24_115,NP034310.2_10090_33,,,B30|B727|B68|B33|B66|B724|B64|B260|B27|B249|B726,
G116_24_115,XP001341277.2_7955_39,,,B30|B733|B33|B260|B27|B249,
G116_24_115,XP017949170.2_8364_40,,,B30|B49|B68|B62|B569|B26|B33|B47|B66|B64|B260|B27|B249|B51,
G116_24_115,XP015148926.2_9031_41,,,B30|B49|B727|B68|B569|B26|B733|B33|B47|B66|B64|B260|B23|B27|B249|B726,
G116_24_115,XP002697177.1_9913_42,,,B30|B33|B260|B27|B249,
G116_24_115,NP001004019.1_9606_43,,,B30|B727|B62|B733|B33|B66|B724|B64|B260|B27|B249|B726,
G116_24_115,NP032018.2_10090_44,,,B30|B727|B62|B33|B66|B724|B64|B260|B27|B726,
G116_24_115,XP002125565.2_7719_52,,,B62|B33|B64|B27,
G116_24_115,XP002119967.2_7719_53,,,B30|B33|B260|B27,
G116_24_115,XP040501945.1_9031_54,,,B33|B47|B27,
G116_24_115,XP031756690.1_8364_55,,,B33|B47|B260|B27,
G116_24_115,XP002665476.3_7955_57,,,B33|B47|B27,
G116_24_115,XP017209808.2_7955_58,,,B33|B47|B27,
G116_24_115,XP001918972.3_7955_61,,,B33|B47|B27,
G116_24_115,NP001313425.1_9031_62,,,B33|B47|B27,
G116_24_115,XP002940445.2_8364_63,,,B30|B33|B47|B260|B27,
G116_24_115,XP002691171.2_9913_64,,,B33|B47|B260|B27,
G116_24_115,XP011508887.1_9606_65,,,B33|B47|B27,
G116_24_115,NP077199.2_10090_66,,,B33|B47|B27,
G116_24_115,XP002128973.1_7719_74,,,B30|B49|B62|B33|B64|B260|B27|B51,
G116_24_115,NP001005979.1_7955_75,,,B49|B68|B62|B26|B33|B47|B66|B64|B23|B27|B51,
G116_24_115,NP001025619.1_8364_76,,,B49|B68|B62|B26|B33|B47|B66|B64|B23|B27|B51,
G116_24_115,NP001264403.1_9031_77,,,B49|B68|B62|B26|B33|B47|B66|B64|B260|B23|B27|B51,
G116_24_115,XP005222280.1_9913_78,,,B49|B68|B62|B26|B33|B47|B66|B64|B260|B23|B27|B51,
G116_24_115,NP001371087.1_9606_79,,,B49|B68|B62|B26|B33|B47|B66|B64|B260|B23|B27|B51,
G116_24_115,NP001348916.1_10090_80,,,B49|B68|B62|B26|B33|B47|B66|B64|B260|B23|B27|B51,
G116_24_115,NP001008587.1_7955_86,,,B30|B49|B68|B62|B26|B33|B47|B66|B64|B260|B23|B27|B51,
G116_24_115,NP001153830.1_7955_87,,,B30|B49|B68|B62|B26|B33|B47|B66|B64|B260|B23|B27|B51,
G116_24_115,XP002939376.2_8364_89,,,B30|B49|B68|B62|B26|B33|B47|B66|B64|B260|B23|B27|B249|B51,
G116_24_115,NP001157824.1_10090_90,,,B30|B49|B26|B33|B47|B260|B23|B27|B249|B51,
G116_24_115,NP001069517.1_9913_91,,,B30|B49|B68|B62|B26|B33|B47|B66|B64|B260|B23|B27|B249|B51,
G116_24_115,NP058634.4_9606_92,,,B30|B49|B68|B62|B26|B33|B47|B66|B64|B260|B23|B27|B51,
G116_24_115,NP001103991.1_7955_97,,,B30|B68|B62|B26|B33|B66|B64|B260|B23|B27|B54,
G116_24_115,XP009305317.1_7955_98,,,B30|B49|B26|B33|B47|B260|B23|B27|B249|B51,
G116_24_115,XP002936872.1_8364_100,,,B30|B49|B68|B62|B26|B33|B47|B66|B64|B260|B23|B27|B249|B51,
G116_24_115,XP025004920.1_9031_101,,,B30|B49|B68|B62|B26|B33|B47|B66|B64|B260|B23|B27|B51,
G116_24_115,NP001075186.1_9913_102,,,B30|B49|B26|B33|B47|B260|B23|B27|B249|B51,
G116_24_115,NP001034437.1_9606_103,,,B30|B49|B26|B33|B47|B260|B23|B27|B249|B51,
G116_24_115,NP666127.2_10090_104,,,B30|B49|B68|B62|B26|B33|B47|B66|B64|B260|B23|B27|B51,
